Invoice ID,Date,Branch,City,Customer Type,Gender,Product,Category,Quantity,Unit Price,Payment,Rating,Sales
INV0001,2026-06-01,A,Jaipur,Member,Male,Milk,Dairy,4,57.13,UPI,3.8,228.52
INV0002,2026-02-26,A,Jaipur,Normal,Male,Rice,Grocery,9,66.85,Net Banking,3.9,601.65
INV0003,2026-02-09,C,Mumbai,Normal,Female,Milk,Dairy,3,57.28,Card,3.4,171.84
INV0004,2026-01-12,C,Mumbai,Member,Female,Shampoo,Personal Care,2,168.27,Card,4.5,336.54
INV0005,2026-06-30,A,Jaipur,Normal,Female,Apples,Fruits,5,130.57,Cash,3.1,652.85
INV0006,2026-04-27,B,Delhi,Normal,Female,Soap,Personal Care,4,48.49,Card,4.3,193.96
INV0007,2026-05-17,C,Mumbai,Normal,Male,Cooking Oil,Grocery,4,146.88,Cash,4.5,587.52
INV0008,2026-02-28,B,Delhi,Member,Female,Potato,Vegetables,9,34.32,UPI,4.6,308.88
INV0009,2026-06-17,C,Mumbai,Normal,Female,Apples,Fruits,4,134.8,Cash,4.0,539.2
INV0010,2026-05-30,D,Bengaluru,Normal,Female,Biscuits,Snacks,4,28.87,Net Banking,3.8,115.48
INV0011,2026-06-10,B,Delhi,Normal,Male,Biscuits,Snacks,2,30.05,Cash,3.3,60.1
INV0012,2026-05-22,D,Bengaluru,Member,Female,Chips,Snacks,7,32.56,Card,4.7,227.92
INV0013,2026-03-17,A,Jaipur,Normal,Female,Shampoo,Personal Care,9,185.23,UPI,3.9,1667.07
INV0014,2026-06-10,D,Bengaluru,Normal,Male,Milk,Dairy,5,58.99,UPI,3.6,294.95
INV0015,2026-05-06,B,Delhi,Member,Male,Biscuits,Snacks,3,29.39,Card,3.0,88.17
INV0016,2026-05-05,C,Mumbai,Normal,Male,Soap,Personal Care,4,43.12,UPI,4.6,172.48
INV0017,2026-05-19,B,Delhi,Member,Female,Biscuits,Snacks,9,30.77,Cash,4.5,276.93
INV0018,2026-03-05,B,Delhi,Member,Female,Soap,Personal Care,6,44.27,UPI,3.4,265.62
INV0019,2026-07-01,C,Mumbai,Member,Male,Milk,Dairy,4,55.78,UPI,4.3,223.12
INV0020,2026-06-21,B,Delhi,Member,Male,Rice,Grocery,6,74.54,Card,4.0,447.24
INV0021,2026-01-25,B,Delhi,Normal,Female,Cold Drink,Beverages,4,65.79,Cash,3.2,263.16
INV0022,2026-01-16,D,Bengaluru,Normal,Male,Coffee,Beverages,8,177.8,UPI,3.8,1422.4
INV0023,2026-02-16,C,Mumbai,Member,Male,Shampoo,Personal Care,4,172.76,Net Banking,3.6,691.04
INV0024,2026-03-02,B,Delhi,Member,Male,Rice,Grocery,9,69.36,UPI,3.3,624.24
INV0025,2026-01-01,D,Bengaluru,Normal,Male,Tomato,Vegetables,7,42.94,Net Banking,5.0,300.58
INV0026,2026-02-18,C,Mumbai,Normal,Female,Potato,Vegetables,9,33.8,Cash,3.6,304.2
INV0027,2026-05-30,A,Jaipur,Normal,Male,Cold Drink,Beverages,1,67.45,UPI,4.0,67.45
INV0028,2026-06-22,B,Delhi,Normal,Male,Bread,Bakery,2,42.95,UPI,4.7,85.9
INV0029,2026-04-18,D,Bengaluru,Member,Male,Shampoo,Personal Care,10,192.72,UPI,4.3,1927.2
INV0030,2026-06-21,C,Mumbai,Member,Female,Face Wash,Personal Care,6,114.32,Cash,4.3,685.92
INV0031,2026-05-18,D,Bengaluru,Member,Male,Tea,Beverages,2,128.24,UPI,3.4,256.48
INV0032,2026-02-10,C,Mumbai,Normal,Female,Biscuits,Snacks,2,32.08,Card,3.9,64.16
INV0033,2026-02-04,C,Mumbai,Member,Female,Chips,Snacks,9,37.71,UPI,3.5,339.39
INV0034,2026-06-25,A,Jaipur,Normal,Female,Noodles,Grocery,5,51.97,Cash,4.3,259.85
INV0035,2026-01-12,C,Mumbai,Member,Female,Cheese,Dairy,1,219.6,Card,3.0,219.6
INV0036,2026-01-29,B,Delhi,Member,Female,Face Wash,Personal Care,8,113.5,UPI,3.2,908.0
INV0037,2026-02-02,B,Delhi,Member,Male,Noodles,Grocery,6,50.92,Net Banking,3.1,305.52
INV0038,2026-05-24,C,Mumbai,Normal,Male,Bread,Bakery,4,42.55,Card,4.8,170.2
INV0039,2026-01-07,D,Bengaluru,Normal,Male,Chips,Snacks,4,36.4,Net Banking,3.4,145.6
INV0040,2026-01-10,C,Mumbai,Member,Male,Bananas,Fruits,4,62.9,Net Banking,4.7,251.6
INV0041,2026-01-07,B,Delhi,Member,Male,Chocolate,Snacks,8,52.53,Cash,4.3,420.24
INV0042,2026-06-14,D,Bengaluru,Normal,Female,Tea,Beverages,2,115.75,Card,4.0,231.5
INV0043,2026-01-28,C,Mumbai,Member,Female,Milk,Dairy,5,51.62,UPI,4.2,258.1
INV0044,2026-01-12,C,Mumbai,Member,Male,Tea,Beverages,9,118.78,Card,4.4,1069.02
INV0045,2026-04-21,A,Jaipur,Normal,Male,Cheese,Dairy,9,234.98,Card,3.1,2114.82
INV0046,2026-06-20,C,Mumbai,Normal,Female,Chips,Snacks,2,33.96,Card,3.8,67.92
INV0047,2026-06-07,D,Bengaluru,Member,Female,Soap,Personal Care,4,45.39,Cash,4.1,181.56
INV0048,2026-04-30,D,Bengaluru,Member,Female,Noodles,Grocery,5,57.94,Card,3.9,289.7
INV0049,2026-01-24,B,Delhi,Normal,Female,Cheese,Dairy,3,219.06,Card,4.6,657.18
INV0050,2026-05-02,B,Delhi,Member,Male,Soap,Personal Care,4,43.02,Cash,4.2,172.08
INV0051,2026-04-13,A,Jaipur,Member,Female,Potato,Vegetables,10,34.52,Net Banking,3.5,345.2
INV0052,2026-05-23,A,Jaipur,Member,Female,Shampoo,Personal Care,4,188.02,UPI,3.5,752.08
INV0053,2026-06-06,A,Jaipur,Normal,Female,Potato,Vegetables,8,32.95,Net Banking,4.6,263.6
INV0054,2026-03-08,D,Bengaluru,Normal,Female,Noodles,Grocery,3,54.52,Net Banking,4.5,163.56
INV0055,2026-03-02,C,Mumbai,Member,Male,Cheese,Dairy,4,219.46,Card,3.5,877.84
INV0056,2026-01-17,C,Mumbai,Member,Male,Noodles,Grocery,3,51.31,Cash,3.8,153.93
INV0057,2026-05-30,C,Mumbai,Member,Female,Noodles,Grocery,1,54.7,Net Banking,4.9,54.7
INV0058,2026-04-18,A,Jaipur,Normal,Female,Cold Drink,Beverages,1,63.76,Net Banking,4.1,63.76
INV0059,2026-06-21,B,Delhi,Member,Female,Tomato,Vegetables,7,42.98,Card,4.4,300.86
INV0060,2026-06-01,D,Bengaluru,Normal,Male,Cooking Oil,Grocery,3,158.17,Net Banking,4.1,474.51
INV0061,2026-03-08,A,Jaipur,Normal,Male,Rice,Grocery,3,71.6,UPI,3.8,214.8
INV0062,2026-01-21,B,Delhi,Member,Female,Potato,Vegetables,7,34.03,Card,3.9,238.21
INV0063,2026-03-05,A,Jaipur,Normal,Male,Coffee,Beverages,2,172.06,UPI,3.4,344.12
INV0064,2026-04-30,A,Jaipur,Member,Male,Chips,Snacks,3,33.05,Cash,4.4,99.15
INV0065,2026-01-28,C,Mumbai,Normal,Male,Cooking Oil,Grocery,2,152.54,Card,4.2,305.08
INV0066,2026-06-01,C,Mumbai,Member,Male,Cold Drink,Beverages,7,66.84,UPI,4.4,467.88
INV0067,2026-03-30,B,Delhi,Normal,Male,Shampoo,Personal Care,5,185.68,UPI,4.1,928.4
INV0068,2026-01-28,C,Mumbai,Member,Female,Rice,Grocery,6,70.07,Net Banking,3.9,420.42
INV0069,2026-04-30,C,Mumbai,Member,Female,Potato,Vegetables,7,36.16,Net Banking,3.9,253.12
INV0070,2026-04-29,C,Mumbai,Member,Female,Tea,Beverages,2,126.75,Cash,4.1,253.5
INV0071,2026-03-08,D,Bengaluru,Member,Male,Tea,Beverages,6,110.95,Card,3.7,665.7
INV0072,2026-05-23,C,Mumbai,Member,Female,Noodles,Grocery,4,50.69,Net Banking,4.5,202.76
INV0073,2026-06-27,D,Bengaluru,Member,Male,Tomato,Vegetables,1,44.63,Net Banking,3.5,44.63
INV0074,2026-06-29,C,Mumbai,Member,Female,Tomato,Vegetables,6,45.39,Card,3.9,272.34
INV0075,2026-02-25,C,Mumbai,Member,Male,Face Wash,Personal Care,4,114.83,Cash,4.5,459.32
INV0076,2026-03-17,C,Mumbai,Member,Male,Cold Drink,Beverages,9,69.96,Cash,3.5,629.64
INV0077,2026-05-22,B,Delhi,Member,Male,Soap,Personal Care,9,41.5,UPI,3.6,373.5
INV0078,2026-04-23,B,Delhi,Member,Female,Tomato,Vegetables,1,42.14,Net Banking,3.7,42.14
INV0079,2026-05-06,A,Jaipur,Member,Male,Face Wash,Personal Care,8,128.47,Net Banking,3.1,1027.76
INV0080,2026-01-31,A,Jaipur,Normal,Male,Biscuits,Snacks,10,28.32,Cash,4.1,283.2
INV0081,2026-04-24,D,Bengaluru,Member,Female,Chips,Snacks,10,35.54,Net Banking,3.6,355.4
INV0082,2026-06-10,D,Bengaluru,Normal,Male,Soap,Personal Care,1,45.49,Cash,3.4,45.49
INV0083,2026-04-26,A,Jaipur,Member,Male,Cooking Oil,Grocery,9,143.76,Net Banking,4.4,1293.84
INV0084,2026-06-25,D,Bengaluru,Normal,Female,Soap,Personal Care,5,41.64,UPI,3.5,208.2
INV0085,2026-03-10,C,Mumbai,Member,Male,Cold Drink,Beverages,4,66.68,Cash,4.7,266.72
INV0086,2026-02-01,A,Jaipur,Member,Female,Bread,Bakery,5,37.86,Net Banking,3.9,189.3
INV0087,2026-06-03,C,Mumbai,Member,Female,Apples,Fruits,9,149.92,UPI,3.1,1349.28
INV0088,2026-05-28,D,Bengaluru,Member,Male,Tea,Beverages,1,121.99,Card,3.1,121.99
INV0089,2026-06-12,B,Delhi,Normal,Male,Tomato,Vegetables,8,45.14,Net Banking,4.6,361.12
INV0090,2026-03-26,A,Jaipur,Member,Male,Tomato,Vegetables,6,43.91,Cash,3.8,263.46
INV0091,2026-01-23,D,Bengaluru,Normal,Male,Soap,Personal Care,7,46.17,Net Banking,3.6,323.19
INV0092,2026-04-16,C,Mumbai,Normal,Male,Shampoo,Personal Care,7,193.54,Net Banking,3.1,1354.78
INV0093,2026-05-21,C,Mumbai,Normal,Male,Chips,Snacks,8,36.44,Card,3.3,291.52
INV0094,2026-03-21,C,Mumbai,Member,Male,Potato,Vegetables,8,37.13,Cash,4.1,297.04
INV0095,2026-05-08,D,Bengaluru,Member,Male,Rice,Grocery,2,66.92,Cash,4.9,133.84
INV0096,2026-04-27,C,Mumbai,Normal,Female,Cheese,Dairy,7,227.23,Cash,4.1,1590.61
INV0097,2026-03-12,D,Bengaluru,Normal,Male,Chocolate,Snacks,9,53.37,UPI,4.5,480.33
INV0098,2026-03-18,D,Bengaluru,Member,Male,Tea,Beverages,9,128.34,Card,4.7,1155.06
INV0099,2026-03-24,D,Bengaluru,Member,Female,Biscuits,Snacks,8,29.74,Net Banking,4.7,237.92
INV0100,2026-04-09,B,Delhi,Member,Female,Cold Drink,Beverages,7,63.78,Net Banking,5.0,446.46
INV0101,2026-04-23,B,Delhi,Member,Female,Tomato,Vegetables,3,48.35,UPI,3.2,145.05
INV0102,2026-05-01,D,Bengaluru,Normal,Male,Milk,Dairy,7,56.96,UPI,4.6,398.72
INV0103,2026-03-23,C,Mumbai,Normal,Female,Tea,Beverages,7,122.37,Net Banking,4.3,856.59
INV0104,2026-01-24,D,Bengaluru,Member,Female,Noodles,Grocery,2,50.92,Cash,3.9,101.84
INV0105,2026-01-15,A,Jaipur,Normal,Male,Shampoo,Personal Care,5,178.38,Card,3.6,891.9
INV0106,2026-02-14,C,Mumbai,Member,Male,Bananas,Fruits,9,56.6,Cash,3.2,509.4
INV0107,2026-04-29,D,Bengaluru,Normal,Male,Chips,Snacks,8,36.03,Cash,4.3,288.24
INV0108,2026-04-24,D,Bengaluru,Normal,Male,Face Wash,Personal Care,8,123.2,UPI,4.9,985.6
INV0109,2026-05-04,C,Mumbai,Normal,Male,Bananas,Fruits,8,61.83,Net Banking,3.2,494.64
INV0110,2026-06-18,D,Bengaluru,Normal,Female,Cold Drink,Beverages,5,63.53,UPI,3.8,317.65
INV0111,2026-02-28,A,Jaipur,Normal,Female,Cold Drink,Beverages,1,68.8,Card,4.2,68.8
INV0112,2026-06-10,C,Mumbai,Member,Male,Eggs,Dairy,10,91.97,UPI,4.3,919.7
INV0113,2026-03-25,C,Mumbai,Normal,Male,Potato,Vegetables,6,32.39,Card,4.5,194.34
INV0114,2026-02-12,B,Delhi,Normal,Female,Chocolate,Snacks,9,47.06,Card,3.5,423.54
INV0115,2026-02-06,D,Bengaluru,Normal,Female,Soap,Personal Care,6,46.78,UPI,4.5,280.68
INV0116,2026-03-09,B,Delhi,Member,Female,Apples,Fruits,9,150.47,UPI,4.1,1354.23
INV0117,2026-06-22,D,Bengaluru,Member,Female,Coffee,Beverages,5,184.98,UPI,3.5,924.9
INV0118,2026-06-12,A,Jaipur,Member,Male,Chips,Snacks,9,37.15,UPI,4.6,334.35
INV0119,2026-01-30,C,Mumbai,Normal,Female,Bananas,Fruits,1,56.32,Net Banking,3.2,56.32
INV0120,2026-06-17,B,Delhi,Member,Male,Apples,Fruits,9,138.96,Net Banking,3.2,1250.64
INV0121,2026-04-24,D,Bengaluru,Member,Female,Chips,Snacks,5,34.49,Cash,3.9,172.45
INV0122,2026-04-12,B,Delhi,Member,Female,Coffee,Beverages,6,168.46,UPI,3.6,1010.76
INV0123,2026-03-27,A,Jaipur,Normal,Male,Potato,Vegetables,4,32.71,UPI,3.5,130.84
INV0124,2026-03-26,B,Delhi,Member,Male,Cold Drink,Beverages,9,61.93,Cash,4.5,557.37
INV0125,2026-01-29,A,Jaipur,Normal,Female,Face Wash,Personal Care,3,126.88,Cash,4.3,380.64
INV0126,2026-03-09,A,Jaipur,Member,Male,Biscuits,Snacks,4,27.67,Cash,3.1,110.68
INV0127,2026-04-26,D,Bengaluru,Member,Female,Cheese,Dairy,2,206.4,UPI,4.0,412.8
INV0128,2026-04-20,A,Jaipur,Member,Female,Cheese,Dairy,1,213.02,Net Banking,4.4,213.02
INV0129,2026-02-02,D,Bengaluru,Member,Male,Potato,Vegetables,2,32.61,UPI,3.6,65.22
INV0130,2026-06-29,C,Mumbai,Member,Female,Apples,Fruits,9,151.08,UPI,3.2,1359.72
INV0131,2026-04-17,B,Delhi,Member,Female,Bananas,Fruits,4,59.53,Net Banking,4.5,238.12
INV0132,2026-01-18,C,Mumbai,Member,Male,Bananas,Fruits,5,58.2,Net Banking,3.2,291.0
INV0133,2026-06-21,A,Jaipur,Normal,Male,Rice,Grocery,6,69.24,Card,3.2,415.44
INV0134,2026-01-27,C,Mumbai,Normal,Female,Bananas,Fruits,1,63.53,Card,4.2,63.53
INV0135,2026-01-30,B,Delhi,Normal,Female,Biscuits,Snacks,4,30.75,Card,4.5,123.0
INV0136,2026-01-08,B,Delhi,Normal,Male,Bananas,Fruits,10,63.31,Card,3.4,633.1
INV0137,2026-02-06,C,Mumbai,Normal,Female,Tea,Beverages,3,117.14,UPI,4.5,351.42
INV0138,2026-02-10,A,Jaipur,Member,Female,Rice,Grocery,4,72.76,Card,3.7,291.04
INV0139,2026-03-11,C,Mumbai,Member,Male,Cold Drink,Beverages,1,66.0,UPI,3.9,66.0
INV0140,2026-04-21,D,Bengaluru,Member,Male,Tomato,Vegetables,7,45.77,Card,3.2,320.39
INV0141,2026-02-22,D,Bengaluru,Member,Male,Cheese,Dairy,1,225.88,UPI,3.6,225.88
INV0142,2026-04-21,B,Delhi,Member,Male,Biscuits,Snacks,5,31.27,Net Banking,3.4,156.35
INV0143,2026-04-12,D,Bengaluru,Member,Female,Noodles,Grocery,9,56.79,UPI,4.7,511.11
INV0144,2026-07-01,A,Jaipur,Normal,Female,Bananas,Fruits,2,55.38,Net Banking,4.3,110.76
INV0145,2026-01-23,C,Mumbai,Member,Female,Shampoo,Personal Care,6,177.26,Card,3.9,1063.56
INV0146,2026-03-28,A,Jaipur,Member,Female,Eggs,Dairy,7,89.07,Card,3.4,623.49
INV0147,2026-03-31,B,Delhi,Member,Male,Rice,Grocery,2,70.12,Card,4.5,140.24
INV0148,2026-02-15,B,Delhi,Member,Male,Eggs,Dairy,5,84.28,UPI,4.9,421.4
INV0149,2026-02-08,D,Bengaluru,Member,Female,Potato,Vegetables,10,36.42,Card,3.9,364.2
INV0150,2026-03-21,D,Bengaluru,Member,Female,Potato,Vegetables,5,35.74,UPI,3.9,178.7
INV0151,2026-04-29,A,Jaipur,Member,Male,Bread,Bakery,5,39.16,Net Banking,4.2,195.8
INV0152,2026-05-09,A,Jaipur,Normal,Female,Potato,Vegetables,10,37.29,Net Banking,3.3,372.9
INV0153,2026-01-11,A,Jaipur,Normal,Male,Potato,Vegetables,6,32.78,Cash,3.5,196.68
INV0154,2026-04-10,D,Bengaluru,Member,Female,Potato,Vegetables,10,35.13,Card,3.8,351.3
INV0155,2026-03-14,C,Mumbai,Member,Male,Chips,Snacks,6,32.49,Net Banking,3.5,194.94
INV0156,2026-02-03,B,Delhi,Normal,Female,Tea,Beverages,3,111.96,Net Banking,4.2,335.88
INV0157,2026-05-11,A,Jaipur,Normal,Male,Soap,Personal Care,6,45.42,Net Banking,3.7,272.52
INV0158,2026-02-27,C,Mumbai,Member,Female,Soap,Personal Care,4,42.7,Cash,5.0,170.8
INV0159,2026-06-08,B,Delhi,Member,Male,Rice,Grocery,2,67.71,Card,3.3,135.42
INV0160,2026-01-12,D,Bengaluru,Normal,Male,Biscuits,Snacks,10,28.38,Net Banking,3.8,283.8
INV0161,2026-05-01,B,Delhi,Member,Male,Potato,Vegetables,8,35.62,Card,4.8,284.96
INV0162,2026-04-08,B,Delhi,Normal,Female,Coffee,Beverages,10,185.14,Card,4.0,1851.4
INV0163,2026-06-14,D,Bengaluru,Member,Female,Cooking Oil,Grocery,10,157.61,UPI,4.0,1576.1
INV0164,2026-02-11,C,Mumbai,Normal,Female,Noodles,Grocery,9,58.82,UPI,3.5,529.38
INV0165,2026-04-17,B,Delhi,Normal,Female,Bananas,Fruits,4,56.08,UPI,3.1,224.32
INV0166,2026-01-26,C,Mumbai,Member,Male,Eggs,Dairy,2,88.36,Card,4.7,176.72
INV0167,2026-06-30,C,Mumbai,Normal,Female,Biscuits,Snacks,5,28.26,Cash,3.9,141.3
INV0168,2026-03-15,A,Jaipur,Normal,Female,Rice,Grocery,4,64.61,UPI,3.5,258.44
INV0169,2026-06-02,A,Jaipur,Member,Male,Bread,Bakery,10,38.33,Net Banking,4.1,383.3
INV0170,2026-02-17,B,Delhi,Normal,Male,Biscuits,Snacks,1,29.0,Net Banking,4.3,29.0
INV0171,2026-05-01,A,Jaipur,Normal,Male,Cheese,Dairy,2,236.71,Net Banking,3.1,473.42
INV0172,2026-03-03,D,Bengaluru,Member,Male,Coffee,Beverages,1,172.91,Card,4.5,172.91
INV0173,2026-06-14,A,Jaipur,Member,Female,Cold Drink,Beverages,6,67.45,Card,3.4,404.7
INV0174,2026-03-17,D,Bengaluru,Member,Female,Tomato,Vegetables,3,45.95,UPI,3.4,137.85
INV0175,2026-01-10,B,Delhi,Member,Female,Bread,Bakery,5,38.82,Card,4.5,194.1
INV0176,2026-02-01,B,Delhi,Normal,Female,Soap,Personal Care,1,43.97,Card,4.6,43.97
INV0177,2026-06-27,D,Bengaluru,Member,Male,Apples,Fruits,7,145.45,Net Banking,4.0,1018.15
INV0178,2026-03-24,C,Mumbai,Member,Male,Rice,Grocery,2,72.54,Card,3.2,145.08
INV0179,2026-03-31,C,Mumbai,Normal,Male,Soap,Personal Care,10,43.61,Net Banking,3.9,436.1
INV0180,2026-06-21,C,Mumbai,Normal,Male,Chips,Snacks,5,37.79,UPI,4.3,188.95
INV0181,2026-01-09,C,Mumbai,Normal,Male,Cheese,Dairy,3,230.6,Net Banking,3.3,691.8
INV0182,2026-04-05,B,Delhi,Member,Male,Coffee,Beverages,10,176.03,Net Banking,3.7,1760.3
INV0183,2026-01-30,A,Jaipur,Member,Female,Cold Drink,Beverages,6,61.23,Cash,3.1,367.38
INV0184,2026-02-24,B,Delhi,Member,Female,Tomato,Vegetables,9,45.13,Net Banking,5.0,406.17
INV0185,2026-04-24,C,Mumbai,Normal,Female,Tomato,Vegetables,3,42.84,Cash,5.0,128.52
INV0186,2026-07-01,C,Mumbai,Member,Female,Coffee,Beverages,9,186.03,Cash,4.9,1674.27
INV0187,2026-05-07,B,Delhi,Normal,Male,Coffee,Beverages,2,180.25,Cash,3.1,360.5
INV0188,2026-03-21,C,Mumbai,Member,Male,Potato,Vegetables,9,36.7,UPI,3.8,330.3
INV0189,2026-03-23,D,Bengaluru,Normal,Male,Cheese,Dairy,7,216.86,Cash,4.3,1518.02
INV0190,2026-04-21,D,Bengaluru,Member,Male,Potato,Vegetables,6,36.01,Cash,4.0,216.06
INV0191,2026-03-30,A,Jaipur,Member,Female,Shampoo,Personal Care,5,180.52,Cash,4.9,902.6
INV0192,2026-05-09,C,Mumbai,Member,Female,Rice,Grocery,9,67.21,UPI,4.3,604.89
INV0193,2026-01-21,B,Delhi,Member,Male,Cooking Oil,Grocery,10,153.81,UPI,3.1,1538.1
INV0194,2026-06-10,C,Mumbai,Normal,Male,Chocolate,Snacks,7,52.14,Net Banking,4.1,364.98
INV0195,2026-02-10,C,Mumbai,Member,Male,Tomato,Vegetables,7,43.16,UPI,3.9,302.12
INV0196,2026-04-13,D,Bengaluru,Member,Female,Potato,Vegetables,10,33.34,Card,3.3,333.4
INV0197,2026-04-26,C,Mumbai,Member,Male,Cheese,Dairy,6,222.17,Card,3.5,1333.02
INV0198,2026-02-10,A,Jaipur,Normal,Female,Bread,Bakery,7,38.66,Cash,4.6,270.62
INV0199,2026-03-20,C,Mumbai,Normal,Female,Chocolate,Snacks,8,52.1,Net Banking,4.0,416.8
INV0200,2026-01-13,A,Jaipur,Member,Female,Apples,Fruits,4,140.12,UPI,3.6,560.48
INV0201,2026-04-14,D,Bengaluru,Member,Female,Soap,Personal Care,2,45.26,Card,3.7,90.52
INV0202,2026-04-09,D,Bengaluru,Member,Female,Bread,Bakery,4,40.45,UPI,4.0,161.8
INV0203,2026-04-06,C,Mumbai,Member,Male,Chips,Snacks,2,36.01,Net Banking,4.6,72.02
INV0204,2026-01-12,C,Mumbai,Member,Female,Noodles,Grocery,3,58.86,UPI,3.1,176.58
INV0205,2026-06-06,C,Mumbai,Normal,Male,Tomato,Vegetables,3,45.14,Card,3.6,135.42
INV0206,2026-05-02,D,Bengaluru,Member,Female,Chips,Snacks,5,36.34,Card,4.6,181.7
INV0207,2026-03-09,C,Mumbai,Member,Male,Tea,Beverages,7,123.34,Net Banking,4.9,863.38
INV0208,2026-06-24,B,Delhi,Member,Female,Bread,Bakery,3,40.53,Cash,3.5,121.59
INV0209,2026-04-16,A,Jaipur,Member,Female,Chocolate,Snacks,6,46.15,Cash,4.0,276.9
INV0210,2026-05-15,D,Bengaluru,Member,Female,Bread,Bakery,9,41.32,Net Banking,3.8,371.88
INV0211,2026-02-19,B,Delhi,Member,Female,Potato,Vegetables,6,37.31,Net Banking,4.9,223.86
INV0212,2026-03-23,C,Mumbai,Normal,Male,Noodles,Grocery,5,53.23,Net Banking,4.0,266.15
INV0213,2026-02-07,C,Mumbai,Member,Female,Soap,Personal Care,9,42.28,Card,3.6,380.52
INV0214,2026-02-21,C,Mumbai,Normal,Female,Rice,Grocery,8,68.28,Cash,4.7,546.24
INV0215,2026-01-13,C,Mumbai,Member,Male,Noodles,Grocery,3,56.73,Cash,4.3,170.19
INV0216,2026-06-24,B,Delhi,Member,Female,Eggs,Dairy,7,83.56,UPI,4.5,584.92
INV0217,2026-06-16,A,Jaipur,Member,Female,Noodles,Grocery,3,59.21,Net Banking,3.4,177.63
INV0218,2026-05-17,C,Mumbai,Normal,Male,Tea,Beverages,1,115.88,Cash,4.5,115.88
INV0219,2026-05-07,A,Jaipur,Normal,Male,Cooking Oil,Grocery,3,148.03,Net Banking,3.4,444.09
INV0220,2026-04-27,C,Mumbai,Normal,Female,Bread,Bakery,10,36.86,Card,5.0,368.6
INV0221,2026-02-11,D,Bengaluru,Member,Male,Biscuits,Snacks,8,31.69,Card,4.5,253.52
INV0222,2026-06-06,C,Mumbai,Normal,Male,Cooking Oil,Grocery,6,138.34,Cash,4.7,830.04
INV0223,2026-02-05,D,Bengaluru,Member,Male,Bananas,Fruits,2,60.15,Cash,4.0,120.3
INV0224,2026-03-19,B,Delhi,Member,Female,Milk,Dairy,4,52.89,Card,4.2,211.56
INV0225,2026-03-20,A,Jaipur,Member,Male,Face Wash,Personal Care,4,122.95,Net Banking,3.3,491.8
INV0226,2026-02-04,C,Mumbai,Member,Male,Shampoo,Personal Care,5,183.99,Cash,4.0,919.95
INV0227,2026-06-24,D,Bengaluru,Normal,Male,Chips,Snacks,9,34.29,Cash,4.5,308.61
INV0228,2026-05-21,A,Jaipur,Member,Male,Cheese,Dairy,6,218.13,UPI,4.8,1308.78
INV0229,2026-06-24,B,Delhi,Member,Female,Cold Drink,Beverages,3,65.38,UPI,3.4,196.14
INV0230,2026-05-12,D,Bengaluru,Normal,Female,Rice,Grocery,8,74.47,Cash,3.8,595.76
INV0231,2026-01-01,A,Jaipur,Normal,Female,Noodles,Grocery,5,54.67,Card,4.5,273.35
INV0232,2026-05-01,A,Jaipur,Member,Male,Bread,Bakery,2,39.51,UPI,3.1,79.02
INV0233,2026-04-07,D,Bengaluru,Member,Female,Cooking Oil,Grocery,7,156.46,Net Banking,3.8,1095.22
INV0234,2026-01-01,B,Delhi,Member,Male,Coffee,Beverages,9,169.02,Cash,4.5,1521.18
INV0235,2026-03-05,C,Mumbai,Member,Female,Potato,Vegetables,9,35.97,Cash,3.9,323.73
INV0236,2026-03-03,B,Delhi,Member,Female,Face Wash,Personal Care,2,114.02,UPI,3.4,228.04
INV0237,2026-01-12,A,Jaipur,Normal,Male,Chips,Snacks,10,32.39,Cash,3.8,323.9
INV0238,2026-05-28,B,Delhi,Member,Female,Noodles,Grocery,1,52.51,Cash,3.6,52.51
INV0239,2026-03-18,C,Mumbai,Normal,Male,Eggs,Dairy,3,87.15,Net Banking,3.6,261.45
INV0240,2026-06-28,B,Delhi,Normal,Female,Bananas,Fruits,1,60.54,Card,3.8,60.54
INV0241,2026-07-01,B,Delhi,Member,Male,Soap,Personal Care,9,44.11,Card,3.3,396.99
INV0242,2026-03-04,D,Bengaluru,Member,Male,Bread,Bakery,7,40.4,Net Banking,3.5,282.8
INV0243,2026-03-10,C,Mumbai,Member,Male,Rice,Grocery,6,74.73,UPI,3.8,448.38
INV0244,2026-02-23,A,Jaipur,Normal,Male,Rice,Grocery,10,66.51,Net Banking,4.7,665.1
INV0245,2026-05-03,C,Mumbai,Member,Male,Soap,Personal Care,1,48.29,UPI,4.8,48.29
INV0246,2026-04-30,B,Delhi,Member,Female,Apples,Fruits,9,149.3,Net Banking,4.1,1343.7
INV0247,2026-05-01,C,Mumbai,Normal,Female,Soap,Personal Care,9,43.28,UPI,4.5,389.52
INV0248,2026-01-05,C,Mumbai,Member,Male,Chocolate,Snacks,7,48.97,Cash,3.5,342.79
INV0249,2026-05-21,D,Bengaluru,Member,Male,Soap,Personal Care,6,42.5,Net Banking,4.3,255.0
INV0250,2026-02-13,C,Mumbai,Normal,Female,Face Wash,Personal Care,8,125.06,Net Banking,4.5,1000.48
INV0251,2026-01-20,C,Mumbai,Member,Male,Cooking Oil,Grocery,9,141.36,UPI,4.9,1272.24
INV0252,2026-02-25,A,Jaipur,Member,Male,Milk,Dairy,4,54.23,UPI,4.0,216.92
INV0253,2026-01-02,C,Mumbai,Normal,Female,Bread,Bakery,10,40.75,UPI,4.1,407.5
INV0254,2026-05-09,D,Bengaluru,Member,Female,Milk,Dairy,5,50.75,UPI,4.6,253.75
INV0255,2026-06-08,D,Bengaluru,Member,Male,Cooking Oil,Grocery,2,140.57,Cash,4.1,281.14
INV0256,2026-05-25,C,Mumbai,Member,Female,Face Wash,Personal Care,2,125.66,Net Banking,3.5,251.32
INV0257,2026-04-14,B,Delhi,Normal,Male,Soap,Personal Care,2,46.33,UPI,3.8,92.66
INV0258,2026-05-25,D,Bengaluru,Member,Female,Bread,Bakery,3,40.88,Card,5.0,122.64
INV0259,2026-01-12,A,Jaipur,Member,Female,Cheese,Dairy,4,234.75,Card,4.8,939.0
INV0260,2026-02-23,C,Mumbai,Member,Female,Noodles,Grocery,1,55.56,UPI,4.2,55.56
INV0261,2026-04-09,D,Bengaluru,Member,Female,Rice,Grocery,10,67.75,Card,4.5,677.5
INV0262,2026-01-20,B,Delhi,Member,Female,Rice,Grocery,6,70.01,Cash,3.7,420.06
INV0263,2026-02-28,D,Bengaluru,Normal,Female,Tea,Beverages,5,110.97,Net Banking,3.7,554.85
INV0264,2026-03-05,D,Bengaluru,Normal,Male,Bananas,Fruits,10,56.98,Card,4.4,569.8
INV0265,2026-01-28,A,Jaipur,Normal,Female,Face Wash,Personal Care,3,113.36,Card,3.2,340.08
INV0266,2026-04-21,C,Mumbai,Member,Male,Potato,Vegetables,5,34.22,Cash,3.9,171.1
INV0267,2026-01-04,D,Bengaluru,Member,Female,Shampoo,Personal Care,6,166.36,Net Banking,3.6,998.16
INV0268,2026-06-25,D,Bengaluru,Normal,Male,Rice,Grocery,9,72.52,Cash,3.8,652.68
INV0269,2026-03-12,B,Delhi,Member,Male,Face Wash,Personal Care,8,116.18,Net Banking,3.8,929.44
INV0270,2026-04-28,D,Bengaluru,Normal,Female,Rice,Grocery,4,68.44,Cash,3.2,273.76
INV0271,2026-04-23,C,Mumbai,Normal,Female,Milk,Dairy,6,58.95,Card,3.7,353.7
INV0272,2026-03-23,B,Delhi,Member,Male,Soap,Personal Care,4,43.71,Net Banking,3.6,174.84
INV0273,2026-01-30,D,Bengaluru,Member,Female,Cold Drink,Beverages,6,67.93,Card,4.9,407.58
INV0274,2026-07-01,B,Delhi,Normal,Male,Cold Drink,Beverages,3,70.17,Net Banking,3.4,210.51
INV0275,2026-03-03,C,Mumbai,Normal,Male,Rice,Grocery,7,73.57,Card,3.5,514.99
INV0276,2026-05-17,B,Delhi,Member,Female,Bananas,Fruits,2,62.78,Net Banking,4.0,125.56
INV0277,2026-03-05,D,Bengaluru,Normal,Male,Noodles,Grocery,6,50.92,UPI,4.3,305.52
INV0278,2026-04-21,C,Mumbai,Member,Female,Cooking Oil,Grocery,1,153.53,Card,3.2,153.53
INV0279,2026-04-06,A,Jaipur,Member,Male,Face Wash,Personal Care,9,114.66,Net Banking,3.8,1031.94
INV0280,2026-01-30,B,Delhi,Member,Female,Coffee,Beverages,8,194.33,UPI,4.7,1554.64
INV0281,2026-05-02,B,Delhi,Normal,Female,Coffee,Beverages,8,174.58,Card,3.2,1396.64
INV0282,2026-03-29,D,Bengaluru,Normal,Male,Tea,Beverages,1,111.69,UPI,4.3,111.69
INV0283,2026-03-01,B,Delhi,Member,Female,Eggs,Dairy,9,90.23,Net Banking,4.6,812.07
INV0284,2026-06-01,B,Delhi,Member,Male,Cooking Oil,Grocery,7,153.37,Net Banking,3.9,1073.59
INV0285,2026-03-25,A,Jaipur,Member,Male,Chocolate,Snacks,2,47.65,Card,3.4,95.3
INV0286,2026-06-06,A,Jaipur,Member,Female,Face Wash,Personal Care,8,123.28,Net Banking,3.8,986.24
INV0287,2026-06-22,A,Jaipur,Normal,Female,Coffee,Beverages,8,175.74,UPI,3.3,1405.92
INV0288,2026-04-18,A,Jaipur,Member,Male,Eggs,Dairy,3,87.2,Net Banking,4.2,261.6
INV0289,2026-05-06,D,Bengaluru,Normal,Male,Bananas,Fruits,9,56.98,Cash,3.6,512.82
INV0290,2026-05-05,B,Delhi,Member,Female,Tea,Beverages,10,126.57,UPI,3.3,1265.7
INV0291,2026-07-01,D,Bengaluru,Member,Female,Noodles,Grocery,8,55.05,Net Banking,4.7,440.4
INV0292,2026-01-09,D,Bengaluru,Normal,Male,Cooking Oil,Grocery,1,139.98,Card,3.5,139.98
INV0293,2026-05-27,C,Mumbai,Normal,Female,Cooking Oil,Grocery,10,156.74,UPI,3.2,1567.4
INV0294,2026-04-19,C,Mumbai,Normal,Female,Noodles,Grocery,1,57.84,Cash,3.2,57.84
INV0295,2026-04-23,B,Delhi,Member,Female,Soap,Personal Care,1,47.7,UPI,4.7,47.7
INV0296,2026-06-07,A,Jaipur,Normal,Female,Eggs,Dairy,10,85.82,Cash,3.3,858.2
INV0297,2026-03-24,B,Delhi,Member,Female,Chocolate,Snacks,10,52.44,Cash,5.0,524.4
INV0298,2026-04-16,C,Mumbai,Normal,Male,Soap,Personal Care,9,45.52,Cash,4.8,409.68
INV0299,2026-06-23,C,Mumbai,Member,Female,Biscuits,Snacks,3,30.97,Cash,3.8,92.91
INV0300,2026-04-14,B,Delhi,Member,Male,Cold Drink,Beverages,7,66.38,UPI,4.0,464.66
INV0301,2026-04-28,C,Mumbai,Member,Male,Coffee,Beverages,8,178.7,UPI,4.3,1429.6
INV0302,2026-05-07,C,Mumbai,Member,Female,Rice,Grocery,7,73.31,Cash,3.5,513.17
INV0303,2026-06-24,C,Mumbai,Member,Female,Tea,Beverages,3,120.91,Card,4.5,362.73
INV0304,2026-04-27,A,Jaipur,Member,Male,Shampoo,Personal Care,8,183.63,Net Banking,3.0,1469.04
INV0305,2026-03-12,D,Bengaluru,Normal,Female,Chocolate,Snacks,3,53.97,Cash,3.2,161.91
INV0306,2026-04-20,C,Mumbai,Member,Female,Face Wash,Personal Care,3,111.98,Cash,4.3,335.94
INV0307,2026-01-03,A,Jaipur,Member,Male,Milk,Dairy,2,52.48,Net Banking,3.0,104.96
INV0308,2026-02-28,C,Mumbai,Normal,Female,Shampoo,Personal Care,7,194.06,UPI,3.8,1358.42
INV0309,2026-01-18,A,Jaipur,Member,Male,Shampoo,Personal Care,5,174.62,Cash,4.1,873.1
INV0310,2026-04-16,A,Jaipur,Member,Male,Chips,Snacks,8,35.84,Cash,4.2,286.72
INV0311,2026-03-31,D,Bengaluru,Member,Male,Chocolate,Snacks,2,46.69,Net Banking,4.9,93.38
INV0312,2026-06-18,C,Mumbai,Member,Female,Biscuits,Snacks,2,28.79,UPI,4.8,57.58
INV0313,2026-03-03,B,Delhi,Normal,Female,Cheese,Dairy,4,223.76,UPI,4.0,895.04
INV0314,2026-03-23,A,Jaipur,Member,Male,Eggs,Dairy,10,89.99,Card,3.3,899.9
INV0315,2026-05-31,D,Bengaluru,Normal,Male,Coffee,Beverages,3,181.34,UPI,3.1,544.02
INV0316,2026-06-10,C,Mumbai,Normal,Female,Chocolate,Snacks,1,46.32,Card,4.4,46.32
INV0317,2026-01-22,D,Bengaluru,Normal,Male,Bananas,Fruits,2,61.94,Card,3.6,123.88
INV0318,2026-06-28,B,Delhi,Member,Male,Biscuits,Snacks,7,30.17,Card,3.9,211.19
INV0319,2026-06-20,B,Delhi,Member,Male,Bread,Bakery,7,38.36,Card,4.5,268.52
INV0320,2026-03-30,B,Delhi,Normal,Male,Shampoo,Personal Care,3,165.96,Net Banking,4.0,497.88
INV0321,2026-03-27,C,Mumbai,Normal,Male,Cooking Oil,Grocery,5,146.92,UPI,4.6,734.6
INV0322,2026-05-11,C,Mumbai,Normal,Female,Cheese,Dairy,10,204.65,Net Banking,3.7,2046.5
INV0323,2026-02-28,D,Bengaluru,Member,Male,Cold Drink,Beverages,3,61.54,UPI,4.5,184.62
INV0324,2026-04-09,A,Jaipur,Member,Female,Bread,Bakery,1,42.3,Card,4.8,42.3
INV0325,2026-03-23,B,Delhi,Member,Male,Bread,Bakery,7,40.34,Net Banking,3.5,282.38
INV0326,2026-02-27,A,Jaipur,Normal,Male,Cold Drink,Beverages,9,63.68,Cash,4.6,573.12
INV0327,2026-01-23,A,Jaipur,Normal,Female,Apples,Fruits,8,130.34,Card,4.1,1042.72
INV0328,2026-04-05,A,Jaipur,Normal,Male,Coffee,Beverages,10,171.38,Net Banking,4.2,1713.8
INV0329,2026-01-02,D,Bengaluru,Normal,Male,Chocolate,Snacks,9,51.86,Cash,4.9,466.74
INV0330,2026-03-20,A,Jaipur,Normal,Male,Eggs,Dairy,1,90.6,Net Banking,3.2,90.6
INV0331,2026-01-24,B,Delhi,Normal,Male,Bananas,Fruits,1,59.92,Card,3.1,59.92
INV0332,2026-05-10,B,Delhi,Member,Male,Cheese,Dairy,6,216.94,UPI,3.3,1301.64
INV0333,2026-03-16,D,Bengaluru,Member,Male,Rice,Grocery,1,71.03,Cash,3.5,71.03
INV0334,2026-01-20,C,Mumbai,Member,Female,Apples,Fruits,6,144.5,Cash,4.9,867.0
INV0335,2026-04-15,B,Delhi,Member,Female,Cold Drink,Beverages,2,60.93,Card,3.2,121.86
INV0336,2026-02-10,C,Mumbai,Member,Male,Chocolate,Snacks,8,49.62,UPI,4.6,396.96
INV0337,2026-04-12,C,Mumbai,Member,Male,Chips,Snacks,6,32.43,Card,4.0,194.58
INV0338,2026-05-23,C,Mumbai,Member,Female,Face Wash,Personal Care,3,126.15,Net Banking,4.5,378.45
INV0339,2026-02-03,B,Delhi,Member,Male,Shampoo,Personal Care,3,178.91,Cash,3.4,536.73
INV0340,2026-01-06,D,Bengaluru,Member,Female,Coffee,Beverages,2,185.37,UPI,5.0,370.74
INV0341,2026-01-11,B,Delhi,Normal,Female,Potato,Vegetables,2,36.73,UPI,4.9,73.46
INV0342,2026-01-08,A,Jaipur,Normal,Female,Cooking Oil,Grocery,7,160.18,Net Banking,3.8,1121.26
INV0343,2026-01-09,D,Bengaluru,Member,Female,Cooking Oil,Grocery,3,146.49,Cash,4.2,439.47
INV0344,2026-04-09,B,Delhi,Member,Male,Soap,Personal Care,9,44.99,Card,3.3,404.91
INV0345,2026-05-03,B,Delhi,Normal,Female,Cheese,Dairy,9,211.17,Card,4.1,1900.53
INV0346,2026-01-07,D,Bengaluru,Member,Female,Coffee,Beverages,9,191.89,Cash,3.6,1727.01
INV0347,2026-05-30,B,Delhi,Member,Female,Milk,Dairy,5,58.48,Card,5.0,292.4
INV0348,2026-05-28,B,Delhi,Member,Male,Shampoo,Personal Care,4,172.74,Cash,4.7,690.96
INV0349,2026-06-01,D,Bengaluru,Member,Female,Coffee,Beverages,3,192.53,Card,3.1,577.59
INV0350,2026-02-14,C,Mumbai,Normal,Female,Cold Drink,Beverages,10,65.66,Card,4.0,656.6
INV0351,2026-03-26,A,Jaipur,Member,Female,Bread,Bakery,4,38.29,UPI,4.8,153.16
INV0352,2026-01-06,B,Delhi,Normal,Female,Biscuits,Snacks,3,29.24,UPI,3.3,87.72
INV0353,2026-05-31,B,Delhi,Normal,Female,Shampoo,Personal Care,6,189.98,Net Banking,3.2,1139.88
INV0354,2026-06-16,C,Mumbai,Normal,Female,Tea,Beverages,3,113.02,Net Banking,3.6,339.06
INV0355,2026-02-15,C,Mumbai,Member,Female,Eggs,Dairy,3,92.38,Cash,4.5,277.14
INV0356,2026-05-08,D,Bengaluru,Member,Male,Cold Drink,Beverages,10,60.14,UPI,3.3,601.4
INV0357,2026-04-25,A,Jaipur,Member,Male,Eggs,Dairy,6,87.79,Card,3.0,526.74
INV0358,2026-01-13,B,Delhi,Member,Male,Eggs,Dairy,6,92.78,UPI,3.8,556.68
INV0359,2026-01-26,D,Bengaluru,Normal,Female,Cooking Oil,Grocery,8,159.23,Net Banking,4.7,1273.84
INV0360,2026-01-27,B,Delhi,Member,Female,Cooking Oil,Grocery,1,148.83,Card,3.1,148.83
INV0361,2026-06-02,B,Delhi,Member,Male,Apples,Fruits,2,132.4,Card,5.0,264.8
INV0362,2026-01-14,D,Bengaluru,Normal,Female,Milk,Dairy,3,54.4,Cash,3.2,163.2
INV0363,2026-03-18,B,Delhi,Normal,Female,Chocolate,Snacks,9,49.27,Card,3.5,443.43
INV0364,2026-04-20,A,Jaipur,Member,Female,Apples,Fruits,8,141.61,UPI,3.2,1132.88
INV0365,2026-05-02,D,Bengaluru,Member,Female,Chocolate,Snacks,4,46.78,UPI,4.7,187.12
INV0366,2026-04-05,C,Mumbai,Member,Female,Apples,Fruits,5,139.35,Cash,4.8,696.75
INV0367,2026-03-10,C,Mumbai,Member,Female,Cooking Oil,Grocery,5,148.7,Cash,4.1,743.5
INV0368,2026-05-22,B,Delhi,Normal,Female,Shampoo,Personal Care,6,168.07,Cash,3.1,1008.42
INV0369,2026-05-02,D,Bengaluru,Normal,Female,Cheese,Dairy,9,217.14,Cash,3.6,1954.26
INV0370,2026-04-25,D,Bengaluru,Normal,Male,Bread,Bakery,9,40.01,UPI,3.3,360.09
INV0371,2026-02-21,B,Delhi,Member,Male,Chocolate,Snacks,3,52.47,Net Banking,5.0,157.41
INV0372,2026-03-12,B,Delhi,Member,Female,Chips,Snacks,2,33.64,Card,4.0,67.28
INV0373,2026-05-26,A,Jaipur,Member,Male,Chips,Snacks,7,35.49,Cash,4.2,248.43
INV0374,2026-03-09,A,Jaipur,Normal,Female,Shampoo,Personal Care,2,181.81,Net Banking,3.8,363.62
INV0375,2026-06-08,D,Bengaluru,Member,Female,Cold Drink,Beverages,1,66.13,Cash,4.2,66.13
INV0376,2026-03-10,D,Bengaluru,Normal,Male,Bread,Bakery,6,39.33,Net Banking,4.8,235.98
INV0377,2026-02-28,A,Jaipur,Member,Female,Tea,Beverages,5,126.09,UPI,3.3,630.45
INV0378,2026-04-24,D,Bengaluru,Normal,Male,Tea,Beverages,7,115.57,Cash,3.4,808.99
INV0379,2026-03-21,D,Bengaluru,Normal,Male,Tomato,Vegetables,6,46.87,UPI,4.4,281.22
INV0380,2026-02-19,D,Bengaluru,Normal,Male,Biscuits,Snacks,9,31.35,Cash,4.8,282.15
INV0381,2026-03-12,B,Delhi,Member,Female,Bread,Bakery,8,38.4,Cash,3.7,307.2
INV0382,2026-05-06,D,Bengaluru,Normal,Male,Cheese,Dairy,2,216.37,Card,4.2,432.74
INV0383,2026-03-14,B,Delhi,Member,Female,Tomato,Vegetables,6,45.63,UPI,3.1,273.78
INV0384,2026-03-10,A,Jaipur,Normal,Male,Cooking Oil,Grocery,4,158.49,Cash,4.3,633.96
INV0385,2026-03-06,A,Jaipur,Normal,Male,Milk,Dairy,3,54.77,Cash,4.2,164.31
INV0386,2026-02-25,C,Mumbai,Normal,Female,Face Wash,Personal Care,7,118.54,Card,3.9,829.78
INV0387,2026-03-18,D,Bengaluru,Normal,Female,Cold Drink,Beverages,9,60.86,Card,4.4,547.74
INV0388,2026-06-17,D,Bengaluru,Normal,Female,Rice,Grocery,5,68.17,Card,4.4,340.85
INV0389,2026-06-24,C,Mumbai,Normal,Female,Chocolate,Snacks,4,47.2,Card,3.3,188.8
INV0390,2026-01-10,A,Jaipur,Normal,Female,Tomato,Vegetables,5,48.58,Net Banking,4.2,242.9
INV0391,2026-05-10,B,Delhi,Normal,Female,Tea,Beverages,4,124.35,Card,3.6,497.4
INV0392,2026-06-24,B,Delhi,Member,Female,Noodles,Grocery,2,52.19,Cash,4.8,104.38
INV0393,2026-03-08,A,Jaipur,Member,Female,Eggs,Dairy,5,87.92,Card,4.2,439.6
INV0394,2026-02-19,D,Bengaluru,Member,Male,Shampoo,Personal Care,10,179.15,Net Banking,4.0,1791.5
INV0395,2026-02-21,D,Bengaluru,Normal,Male,Cheese,Dairy,1,212.9,Cash,3.7,212.9
INV0396,2026-06-11,D,Bengaluru,Normal,Female,Biscuits,Snacks,3,29.12,Card,5.0,87.36
INV0397,2026-05-06,C,Mumbai,Member,Male,Bread,Bakery,5,36.83,Cash,4.6,184.15
INV0398,2026-01-02,A,Jaipur,Member,Female,Biscuits,Snacks,7,30.55,Net Banking,3.1,213.85
INV0399,2026-06-23,B,Delhi,Normal,Male,Coffee,Beverages,6,192.96,UPI,3.0,1157.76
INV0400,2026-05-09,B,Delhi,Member,Male,Eggs,Dairy,6,92.79,Net Banking,4.2,556.74
INV0401,2026-04-22,B,Delhi,Normal,Female,Rice,Grocery,5,73.63,Card,4.8,368.15
INV0402,2026-04-14,B,Delhi,Member,Male,Tea,Beverages,8,129.53,Cash,3.0,1036.24
INV0403,2026-04-04,B,Delhi,Member,Male,Biscuits,Snacks,1,28.61,UPI,4.4,28.61
INV0404,2026-06-19,A,Jaipur,Normal,Male,Apples,Fruits,5,148.43,UPI,3.2,742.15
INV0405,2026-05-02,A,Jaipur,Member,Male,Bread,Bakery,7,41.21,Card,4.4,288.47
INV0406,2026-04-18,B,Delhi,Normal,Female,Milk,Dairy,2,53.25,Cash,4.7,106.5
INV0407,2026-02-20,A,Jaipur,Member,Male,Cheese,Dairy,2,227.7,Net Banking,4.2,455.4
INV0408,2026-01-11,C,Mumbai,Normal,Female,Cheese,Dairy,6,236.65,Cash,4.1,1419.9
INV0409,2026-05-27,B,Delhi,Member,Male,Tomato,Vegetables,1,43.78,UPI,4.3,43.78
INV0410,2026-06-14,B,Delhi,Normal,Male,Rice,Grocery,2,73.13,Card,3.5,146.26
INV0411,2026-04-03,C,Mumbai,Normal,Male,Face Wash,Personal Care,2,119.31,Card,4.6,238.62
INV0412,2026-02-05,C,Mumbai,Normal,Male,Bananas,Fruits,2,62.29,UPI,4.3,124.58
INV0413,2026-04-06,B,Delhi,Normal,Female,Tea,Beverages,8,117.26,UPI,4.6,938.08
INV0414,2026-04-18,B,Delhi,Member,Female,Shampoo,Personal Care,8,177.14,Net Banking,4.3,1417.12
INV0415,2026-04-17,B,Delhi,Normal,Male,Shampoo,Personal Care,1,169.42,UPI,4.8,169.42
INV0416,2026-06-25,D,Bengaluru,Normal,Female,Cold Drink,Beverages,3,66.86,UPI,4.8,200.58
INV0417,2026-01-17,B,Delhi,Normal,Female,Tomato,Vegetables,2,48.03,UPI,3.5,96.06
INV0418,2026-05-13,C,Mumbai,Normal,Male,Milk,Dairy,9,56.8,Card,4.0,511.2
INV0419,2026-05-23,A,Jaipur,Member,Female,Bananas,Fruits,4,61.55,Cash,4.8,246.2
INV0420,2026-02-12,A,Jaipur,Member,Female,Milk,Dairy,3,56.26,Net Banking,3.1,168.78
INV0421,2026-04-14,D,Bengaluru,Member,Male,Tea,Beverages,5,115.03,Net Banking,4.6,575.15
INV0422,2026-03-22,A,Jaipur,Member,Female,Potato,Vegetables,10,34.69,Net Banking,3.2,346.9
INV0423,2026-06-04,D,Bengaluru,Member,Male,Milk,Dairy,7,51.5,UPI,4.9,360.5
INV0424,2026-02-27,C,Mumbai,Normal,Female,Cheese,Dairy,8,222.19,UPI,4.7,1777.52
INV0425,2026-01-30,C,Mumbai,Member,Female,Noodles,Grocery,10,57.35,Net Banking,3.2,573.5
INV0426,2026-01-12,B,Delhi,Member,Female,Milk,Dairy,5,53.6,UPI,4.8,268.0
INV0427,2026-01-31,D,Bengaluru,Member,Male,Biscuits,Snacks,7,31.54,Cash,4.9,220.78
INV0428,2026-01-12,D,Bengaluru,Normal,Male,Chocolate,Snacks,4,49.66,Net Banking,4.9,198.64
INV0429,2026-01-02,A,Jaipur,Normal,Male,Potato,Vegetables,10,34.76,Net Banking,4.1,347.6
INV0430,2026-02-02,A,Jaipur,Member,Male,Noodles,Grocery,10,58.83,Cash,3.2,588.3
INV0431,2026-04-12,C,Mumbai,Normal,Male,Cheese,Dairy,7,233.42,Card,4.9,1633.94
INV0432,2026-05-22,C,Mumbai,Member,Female,Potato,Vegetables,3,36.71,Card,4.3,110.13
INV0433,2026-05-09,B,Delhi,Normal,Male,Chocolate,Snacks,5,50.99,Cash,4.1,254.95
INV0434,2026-04-19,C,Mumbai,Member,Female,Shampoo,Personal Care,9,187.51,Card,4.6,1687.59
INV0435,2026-02-11,A,Jaipur,Normal,Male,Milk,Dairy,1,53.95,Card,5.0,53.95
INV0436,2026-04-26,C,Mumbai,Member,Male,Biscuits,Snacks,5,31.63,Card,3.2,158.15
INV0437,2026-04-08,B,Delhi,Normal,Female,Noodles,Grocery,9,54.02,UPI,3.8,486.18
INV0438,2026-06-12,C,Mumbai,Member,Female,Noodles,Grocery,5,51.07,Cash,4.4,255.35
INV0439,2026-04-25,C,Mumbai,Member,Male,Cold Drink,Beverages,10,65.48,Card,3.4,654.8
INV0440,2026-03-13,A,Jaipur,Member,Male,Cooking Oil,Grocery,9,161.1,Net Banking,4.1,1449.9
INV0441,2026-01-11,B,Delhi,Member,Female,Cooking Oil,Grocery,5,152.02,Cash,3.3,760.1
INV0442,2026-05-27,C,Mumbai,Normal,Female,Chips,Snacks,10,32.48,Net Banking,4.1,324.8
INV0443,2026-05-20,A,Jaipur,Member,Male,Tea,Beverages,3,120.49,Net Banking,4.1,361.47
INV0444,2026-03-17,A,Jaipur,Normal,Female,Coffee,Beverages,4,171.97,Card,3.4,687.88
INV0445,2026-03-03,D,Bengaluru,Member,Female,Noodles,Grocery,1,57.85,Net Banking,4.8,57.85
INV0446,2026-03-07,B,Delhi,Member,Male,Bread,Bakery,6,41.17,Net Banking,4.1,247.02
INV0447,2026-01-12,C,Mumbai,Member,Female,Milk,Dairy,6,58.62,Net Banking,3.6,351.72
INV0448,2026-02-23,B,Delhi,Member,Male,Tea,Beverages,2,120.27,UPI,4.3,240.54
INV0449,2026-06-25,B,Delhi,Member,Female,Bananas,Fruits,4,63.22,UPI,3.3,252.88
INV0450,2026-05-28,D,Bengaluru,Member,Female,Tea,Beverages,2,111.13,UPI,4.6,222.26
INV0451,2026-06-22,C,Mumbai,Member,Male,Bananas,Fruits,7,58.93,Net Banking,3.2,412.51
INV0452,2026-05-09,A,Jaipur,Member,Male,Chips,Snacks,10,32.55,Card,3.2,325.5
INV0453,2026-02-10,C,Mumbai,Member,Male,Chips,Snacks,8,32.68,Net Banking,4.1,261.44
INV0454,2026-06-23,B,Delhi,Member,Male,Apples,Fruits,9,146.65,Card,4.8,1319.85
INV0455,2026-05-27,C,Mumbai,Member,Male,Milk,Dairy,9,55.47,UPI,4.2,499.23
INV0456,2026-02-17,A,Jaipur,Member,Male,Soap,Personal Care,6,42.91,Cash,3.4,257.46
INV0457,2026-03-16,C,Mumbai,Normal,Female,Chocolate,Snacks,10,46.92,UPI,4.3,469.2
INV0458,2026-02-02,C,Mumbai,Member,Female,Shampoo,Personal Care,10,171.29,Card,4.3,1712.9
INV0459,2026-04-26,B,Delhi,Normal,Female,Shampoo,Personal Care,2,173.81,Net Banking,3.7,347.62
INV0460,2026-02-13,C,Mumbai,Member,Female,Cold Drink,Beverages,10,61.38,Net Banking,3.0,613.8
INV0461,2026-06-23,B,Delhi,Member,Female,Eggs,Dairy,7,93.06,Cash,4.5,651.42
INV0462,2026-06-15,D,Bengaluru,Member,Male,Potato,Vegetables,5,34.69,Cash,4.2,173.45
INV0463,2026-01-05,C,Mumbai,Member,Male,Biscuits,Snacks,4,31.88,UPI,4.7,127.52
INV0464,2026-05-20,A,Jaipur,Member,Male,Cold Drink,Beverages,10,65.82,Card,4.8,658.2
INV0465,2026-04-29,D,Bengaluru,Normal,Female,Biscuits,Snacks,4,29.36,Cash,4.0,117.44
INV0466,2026-04-25,A,Jaipur,Normal,Male,Apples,Fruits,1,136.95,Cash,3.3,136.95
INV0467,2026-01-17,B,Delhi,Member,Female,Tomato,Vegetables,1,48.16,Cash,3.5,48.16
INV0468,2026-05-01,B,Delhi,Normal,Female,Bread,Bakery,9,41.08,Net Banking,4.8,369.72
INV0469,2026-05-29,A,Jaipur,Member,Female,Bread,Bakery,6,43.08,Card,4.1,258.48
INV0470,2026-04-07,B,Delhi,Member,Male,Apples,Fruits,6,143.44,Card,4.9,860.64
INV0471,2026-05-09,B,Delhi,Member,Female,Cheese,Dairy,6,216.69,UPI,4.8,1300.14
INV0472,2026-02-17,D,Bengaluru,Normal,Male,Cooking Oil,Grocery,9,143.52,Cash,3.3,1291.68
INV0473,2026-05-03,A,Jaipur,Normal,Female,Eggs,Dairy,6,88.77,Net Banking,3.4,532.62
INV0474,2026-06-11,B,Delhi,Member,Male,Bananas,Fruits,1,55.42,Cash,4.0,55.42
INV0475,2026-06-19,B,Delhi,Member,Female,Bread,Bakery,3,37.86,UPI,4.6,113.58
INV0476,2026-04-16,A,Jaipur,Normal,Male,Chocolate,Snacks,8,49.59,Cash,4.2,396.72
INV0477,2026-06-02,B,Delhi,Member,Female,Chips,Snacks,5,35.89,Net Banking,4.2,179.45
INV0478,2026-06-05,B,Delhi,Member,Female,Apples,Fruits,2,137.43,Cash,3.2,274.86
INV0479,2026-05-04,D,Bengaluru,Member,Male,Chips,Snacks,9,35.56,UPI,4.3,320.04
INV0480,2026-05-04,A,Jaipur,Normal,Female,Bananas,Fruits,6,60.21,Cash,4.6,361.26
INV0481,2026-05-03,D,Bengaluru,Member,Male,Coffee,Beverages,10,182.56,Card,4.5,1825.6
INV0482,2026-07-01,A,Jaipur,Member,Male,Soap,Personal Care,9,45.71,UPI,4.5,411.39
INV0483,2026-04-15,A,Jaipur,Member,Male,Cold Drink,Beverages,9,65.23,Card,3.7,587.07
INV0484,2026-06-06,B,Delhi,Member,Female,Bananas,Fruits,5,61.46,Card,3.6,307.3
INV0485,2026-03-06,D,Bengaluru,Member,Female,Chocolate,Snacks,9,49.31,Net Banking,5.0,443.79
INV0486,2026-01-26,C,Mumbai,Normal,Female,Apples,Fruits,2,145.28,Cash,3.4,290.56
INV0487,2026-04-10,D,Bengaluru,Normal,Male,Tea,Beverages,10,125.78,Cash,4.9,1257.8
INV0488,2026-01-17,A,Jaipur,Normal,Female,Rice,Grocery,8,73.62,UPI,3.5,588.96
INV0489,2026-06-02,C,Mumbai,Normal,Female,Rice,Grocery,7,71.22,Card,3.1,498.54
INV0490,2026-01-09,B,Delhi,Normal,Female,Tomato,Vegetables,4,44.56,Cash,4.6,178.24
INV0491,2026-01-23,B,Delhi,Member,Male,Chips,Snacks,1,33.15,Cash,5.0,33.15
INV0492,2026-01-24,D,Bengaluru,Member,Male,Coffee,Beverages,7,184.89,UPI,4.1,1294.23
INV0493,2026-04-14,C,Mumbai,Member,Male,Coffee,Beverages,5,193.34,Net Banking,4.1,966.7
INV0494,2026-01-30,C,Mumbai,Member,Female,Cooking Oil,Grocery,2,147.77,Card,4.6,295.54
INV0495,2026-05-25,C,Mumbai,Member,Female,Noodles,Grocery,10,57.76,Net Banking,4.0,577.6
INV0496,2026-01-30,B,Delhi,Normal,Male,Tea,Beverages,8,128.86,Net Banking,3.5,1030.88
INV0497,2026-05-13,D,Bengaluru,Normal,Female,Eggs,Dairy,4,92.55,Card,4.1,370.2
INV0498,2026-05-22,C,Mumbai,Normal,Female,Eggs,Dairy,7,86.94,UPI,4.9,608.58
INV0499,2026-02-21,D,Bengaluru,Member,Male,Tea,Beverages,10,117.19,Net Banking,3.5,1171.9
INV0500,2026-01-28,B,Delhi,Normal,Female,Face Wash,Personal Care,4,114.37,Cash,3.2,457.48
INV0501,2026-04-13,C,Mumbai,Member,Male,Tea,Beverages,8,115.82,Net Banking,4.2,926.56
INV0502,2026-03-29,C,Mumbai,Member,Male,Biscuits,Snacks,7,29.53,Cash,3.1,206.71
INV0503,2026-05-30,D,Bengaluru,Member,Female,Coffee,Beverages,8,172.35,Net Banking,4.4,1378.8
INV0504,2026-02-07,C,Mumbai,Member,Male,Milk,Dairy,8,46.76,Card,4.7,374.08
INV0505,2026-02-27,D,Bengaluru,Normal,Male,Chips,Snacks,5,29.16,UPI,4.2,145.8
INV0506,2026-02-28,C,Mumbai,Member,Female,Noodles,Grocery,9,55.86,Cash,3.6,502.74
INV0507,2026-03-05,D,Bengaluru,Member,Female,Cheese,Dairy,3,214.65,Card,3.8,643.95
INV0508,2026-01-21,B,Delhi,Member,Male,Cold Drink,Beverages,5,64.89,Cash,4.2,324.45
INV0509,2026-03-01,C,Mumbai,Member,Female,Tea,Beverages,2,119.06,Net Banking,4.9,238.12
INV0510,2026-02-22,B,Delhi,Normal,Male,Coffee,Beverages,10,186.62,Net Banking,3.6,1866.2
INV0511,2026-01-08,B,Delhi,Member,Male,Tomato,Vegetables,7,41.51,Card,4.2,290.57
INV0512,2026-04-14,C,Mumbai,Normal,Female,Noodles,Grocery,1,46.29,Card,3.5,46.29
INV0513,2026-01-04,B,Delhi,Member,Male,Bananas,Fruits,6,64.98,Cash,3.4,389.88
INV0514,2026-06-11,B,Delhi,Member,Male,Shampoo,Personal Care,2,161.21,Cash,4.6,322.42
INV0515,2026-02-17,D,Bengaluru,Normal,Male,Tea,Beverages,4,116.7,Net Banking,4.2,466.8
INV0516,2026-02-09,A,Jaipur,Member,Female,Chips,Snacks,7,33.21,UPI,4.0,232.47
INV0517,2026-01-24,B,Delhi,Member,Male,Cold Drink,Beverages,2,73.6,Cash,4.1,147.2
INV0518,2026-02-14,B,Delhi,Member,Male,Cooking Oil,Grocery,9,143.31,Net Banking,3.6,1289.79
INV0519,2026-05-09,A,Jaipur,Member,Male,Potato,Vegetables,7,30.04,UPI,3.8,210.28
INV0520,2026-03-22,B,Delhi,Member,Female,Bananas,Fruits,8,53.82,Card,3.0,430.56
INV0521,2026-01-05,D,Bengaluru,Normal,Female,Potato,Vegetables,3,37.61,Card,4.5,112.83
INV0522,2026-05-15,A,Jaipur,Member,Female,Shampoo,Personal Care,10,208.74,Cash,3.2,2087.4
INV0523,2026-05-31,D,Bengaluru,Member,Male,Bread,Bakery,2,45.25,UPI,3.2,90.5
INV0524,2026-04-14,B,Delhi,Member,Female,Soap,Personal Care,5,48.04,Net Banking,4.5,240.2
INV0525,2026-04-11,D,Bengaluru,Normal,Female,Coffee,Beverages,3,168.69,Cash,3.9,506.07
INV0526,2026-05-22,B,Delhi,Normal,Male,Shampoo,Personal Care,3,211.65,Net Banking,4.5,634.95
INV0527,2026-03-31,C,Mumbai,Normal,Female,Noodles,Grocery,9,55.25,UPI,4.4,497.25
INV0528,2026-02-21,C,Mumbai,Member,Male,Face Wash,Personal Care,3,101.81,Cash,3.1,305.43
INV0529,2026-05-31,C,Mumbai,Member,Male,Rice,Grocery,4,71.7,UPI,4.8,286.8
INV0530,2026-03-12,A,Jaipur,Member,Male,Coffee,Beverages,4,189.18,UPI,4.9,756.72
INV0531,2026-06-19,D,Bengaluru,Member,Male,Noodles,Grocery,6,51.27,UPI,4.8,307.62
INV0532,2026-01-28,B,Delhi,Member,Male,Potato,Vegetables,9,38.76,Net Banking,3.2,348.84
INV0533,2026-03-16,C,Mumbai,Normal,Female,Cold Drink,Beverages,4,72.66,Card,4.8,290.64
INV0534,2026-05-09,A,Jaipur,Member,Male,Eggs,Dairy,7,84.01,Cash,4.8,588.07
INV0535,2026-01-03,D,Bengaluru,Normal,Male,Coffee,Beverages,9,165.78,Net Banking,4.6,1492.02
INV0536,2026-03-03,C,Mumbai,Normal,Male,Bread,Bakery,8,33.25,UPI,4.1,266.0
INV0537,2026-06-01,B,Delhi,Normal,Male,Face Wash,Personal Care,3,109.79,Net Banking,3.5,329.37
INV0538,2026-06-29,B,Delhi,Member,Male,Cheese,Dairy,6,256.03,UPI,3.4,1536.18
INV0539,2026-01-12,B,Delhi,Member,Male,Cheese,Dairy,1,211.89,UPI,3.5,211.89
INV0540,2026-04-11,B,Delhi,Normal,Male,Bread,Bakery,2,36.73,UPI,4.4,73.46
INV0541,2026-01-02,B,Delhi,Normal,Female,Tomato,Vegetables,1,42.34,UPI,3.5,42.34
INV0542,2026-05-09,B,Delhi,Normal,Female,Biscuits,Snacks,6,30.12,Net Banking,3.1,180.72
INV0543,2026-06-09,A,Jaipur,Normal,Female,Chocolate,Snacks,2,45.81,UPI,4.1,91.62
INV0544,2026-05-03,C,Mumbai,Normal,Male,Potato,Vegetables,7,35.72,Net Banking,4.3,250.04
INV0545,2026-04-26,A,Jaipur,Member,Female,Cold Drink,Beverages,6,59.71,Net Banking,3.7,358.26
INV0546,2026-05-24,C,Mumbai,Normal,Female,Milk,Dairy,6,64.57,Card,4.1,387.42
INV0547,2026-01-03,D,Bengaluru,Normal,Male,Potato,Vegetables,6,39.08,Net Banking,4.4,234.48
INV0548,2026-05-27,B,Delhi,Member,Female,Bread,Bakery,4,41.56,Card,3.0,166.24
INV0549,2026-06-10,B,Delhi,Normal,Male,Bread,Bakery,7,38.11,Card,3.3,266.77
INV0550,2026-05-09,B,Delhi,Normal,Male,Bread,Bakery,7,38.81,Card,4.9,271.67
INV0551,2026-05-31,A,Jaipur,Normal,Male,Potato,Vegetables,9,37.18,Net Banking,3.2,334.62
INV0552,2026-05-24,A,Jaipur,Normal,Male,Apples,Fruits,10,143.77,Card,3.5,1437.7
INV0553,2026-04-23,C,Mumbai,Member,Female,Cheese,Dairy,9,246.45,Cash,4.0,2218.05
INV0554,2026-01-09,A,Jaipur,Member,Male,Rice,Grocery,5,63.97,UPI,4.8,319.85
INV0555,2026-05-11,B,Delhi,Normal,Female,Shampoo,Personal Care,3,167.24,Net Banking,4.5,501.72
INV0556,2026-06-01,B,Delhi,Normal,Female,Bananas,Fruits,6,67.0,UPI,4.6,402.0
INV0557,2026-06-15,D,Bengaluru,Normal,Male,Chocolate,Snacks,1,56.71,Net Banking,3.3,56.71
INV0558,2026-04-09,A,Jaipur,Normal,Female,Milk,Dairy,3,58.53,Card,3.7,175.59
INV0559,2026-03-23,B,Delhi,Member,Male,Biscuits,Snacks,2,35.01,Cash,3.3,70.02
INV0560,2026-06-18,B,Delhi,Member,Male,Cold Drink,Beverages,3,65.32,Card,4.3,195.96
INV0561,2026-01-21,D,Bengaluru,Member,Male,Chocolate,Snacks,4,44.67,Net Banking,3.5,178.68
INV0562,2026-05-15,C,Mumbai,Normal,Female,Biscuits,Snacks,8,26.76,Card,4.3,214.08
INV0563,2026-04-25,B,Delhi,Member,Male,Cold Drink,Beverages,1,70.75,Cash,4.1,70.75
INV0564,2026-02-07,D,Bengaluru,Normal,Female,Rice,Grocery,6,73.46,UPI,3.5,440.76
INV0565,2026-01-27,B,Delhi,Normal,Female,Tomato,Vegetables,3,53.11,UPI,4.8,159.33
INV0566,2026-01-28,C,Mumbai,Member,Male,Chocolate,Snacks,5,49.28,Card,4.0,246.4
INV0567,2026-03-02,D,Bengaluru,Normal,Male,Milk,Dairy,1,58.53,Net Banking,3.4,58.53
INV0568,2026-02-18,D,Bengaluru,Member,Female,Bread,Bakery,4,40.26,Net Banking,3.0,161.04
INV0569,2026-05-04,A,Jaipur,Member,Female,Face Wash,Personal Care,5,102.55,UPI,4.8,512.75
INV0570,2026-02-15,D,Bengaluru,Normal,Male,Coffee,Beverages,8,152.57,Cash,3.7,1220.56
INV0571,2026-04-26,A,Jaipur,Member,Male,Potato,Vegetables,3,40.64,Card,5.0,121.92
INV0572,2026-06-10,C,Mumbai,Normal,Male,Face Wash,Personal Care,5,112.72,Card,3.4,563.6
INV0573,2026-02-23,D,Bengaluru,Normal,Male,Coffee,Beverages,2,171.31,UPI,4.1,342.62
INV0574,2026-04-24,C,Mumbai,Member,Male,Shampoo,Personal Care,8,193.98,Net Banking,3.1,1551.84
INV0575,2026-05-07,C,Mumbai,Member,Female,Cooking Oil,Grocery,6,156.92,Card,3.7,941.52
INV0576,2026-04-14,A,Jaipur,Member,Female,Coffee,Beverages,2,183.83,Net Banking,3.6,367.66
INV0577,2026-06-19,C,Mumbai,Member,Female,Milk,Dairy,6,59.07,Net Banking,3.7,354.42
INV0578,2026-06-01,D,Bengaluru,Member,Male,Chocolate,Snacks,3,55.97,UPI,3.5,167.91
INV0579,2026-02-05,D,Bengaluru,Normal,Male,Bananas,Fruits,10,68.14,Net Banking,3.0,681.4
INV0580,2026-05-24,C,Mumbai,Normal,Male,Cheese,Dairy,1,245.01,Cash,3.1,245.01
INV0581,2026-04-02,C,Mumbai,Member,Male,Cheese,Dairy,3,188.05,Cash,3.7,564.15
INV0582,2026-02-20,D,Bengaluru,Member,Female,Chips,Snacks,7,36.34,UPI,4.3,254.38
INV0583,2026-03-27,D,Bengaluru,Member,Female,Chips,Snacks,6,34.93,Card,4.2,209.58
INV0584,2026-02-23,A,Jaipur,Normal,Female,Milk,Dairy,10,50.48,Net Banking,4.6,504.8
INV0585,2026-02-22,B,Delhi,Normal,Female,Soap,Personal Care,5,45.94,Cash,4.0,229.7
INV0586,2026-01-06,B,Delhi,Normal,Male,Cooking Oil,Grocery,5,138.82,UPI,3.9,694.1
INV0587,2026-04-09,D,Bengaluru,Member,Female,Rice,Grocery,4,59.39,UPI,3.8,237.56
INV0588,2026-04-24,A,Jaipur,Normal,Male,Rice,Grocery,4,73.48,Net Banking,3.3,293.92
INV0589,2026-03-04,A,Jaipur,Member,Female,Tomato,Vegetables,3,45.93,UPI,4.6,137.79
INV0590,2026-04-27,D,Bengaluru,Member,Female,Noodles,Grocery,10,54.08,Card,3.2,540.8
INV0591,2026-05-09,C,Mumbai,Member,Male,Bananas,Fruits,9,51.46,Net Banking,4.4,463.14
INV0592,2026-04-06,C,Mumbai,Normal,Male,Noodles,Grocery,1,49.0,Card,3.9,49.0
INV0593,2026-04-27,A,Jaipur,Normal,Male,Chips,Snacks,9,35.97,Cash,4.3,323.73
INV0594,2026-03-10,B,Delhi,Member,Male,Chips,Snacks,7,37.08,Cash,4.3,259.56
INV0595,2026-06-03,A,Jaipur,Member,Female,Shampoo,Personal Care,7,188.58,Cash,3.1,1320.06
INV0596,2026-01-29,B,Delhi,Member,Male,Tea,Beverages,5,115.03,Cash,3.2,575.15
INV0597,2026-04-04,C,Mumbai,Normal,Female,Tea,Beverages,5,104.8,UPI,3.2,524.0
INV0598,2026-05-24,C,Mumbai,Normal,Female,Tea,Beverages,4,136.32,Card,3.4,545.28
INV0599,2026-02-02,B,Delhi,Member,Female,Coffee,Beverages,5,157.69,UPI,3.9,788.45
INV0600,2026-01-10,D,Bengaluru,Member,Female,Bread,Bakery,5,39.76,UPI,3.8,198.8
INV0601,2026-05-18,B,Delhi,Member,Male,Bread,Bakery,4,46.66,Cash,3.1,186.64
INV0602,2026-03-10,B,Delhi,Member,Male,Bananas,Fruits,10,62.38,Card,4.0,623.8
INV0603,2026-01-02,D,Bengaluru,Normal,Female,Rice,Grocery,8,74.6,Net Banking,4.9,596.8
INV0604,2026-06-27,A,Jaipur,Normal,Female,Bread,Bakery,4,33.52,Net Banking,4.2,134.08
INV0605,2026-06-28,A,Jaipur,Normal,Male,Shampoo,Personal Care,1,186.12,Net Banking,3.9,186.12
INV0606,2026-06-17,C,Mumbai,Member,Male,Milk,Dairy,3,61.44,Card,4.6,184.32
INV0607,2026-02-04,A,Jaipur,Normal,Female,Soap,Personal Care,2,51.83,Cash,3.1,103.66
INV0608,2026-06-03,D,Bengaluru,Normal,Female,Potato,Vegetables,10,33.15,Cash,3.6,331.5
INV0609,2026-05-15,C,Mumbai,Normal,Female,Noodles,Grocery,2,58.92,Card,3.5,117.84
INV0610,2026-03-16,A,Jaipur,Member,Male,Milk,Dairy,5,47.95,Cash,3.7,239.75
INV0611,2026-06-13,D,Bengaluru,Normal,Male,Potato,Vegetables,4,39.58,Card,3.8,158.32
INV0612,2026-06-26,A,Jaipur,Normal,Female,Eggs,Dairy,9,80.02,Card,4.1,720.18
INV0613,2026-04-06,C,Mumbai,Member,Female,Soap,Personal Care,4,49.05,Net Banking,3.7,196.2
INV0614,2026-01-13,B,Delhi,Member,Female,Bread,Bakery,5,38.0,Net Banking,3.5,190.0
INV0615,2026-01-17,A,Jaipur,Member,Female,Chips,Snacks,3,38.34,UPI,3.2,115.02
INV0616,2026-03-27,C,Mumbai,Member,Female,Face Wash,Personal Care,4,122.44,Card,4.7,489.76
INV0617,2026-05-20,C,Mumbai,Normal,Female,Cooking Oil,Grocery,3,140.19,Net Banking,3.8,420.57
INV0618,2026-01-28,A,Jaipur,Member,Male,Potato,Vegetables,3,40.55,Net Banking,3.2,121.65
INV0619,2026-04-21,B,Delhi,Normal,Male,Coffee,Beverages,4,210.66,Net Banking,4.1,842.64
INV0620,2026-01-25,B,Delhi,Member,Male,Rice,Grocery,5,60.15,Cash,3.6,300.75
INV0621,2026-05-31,A,Jaipur,Member,Male,Noodles,Grocery,5,56.42,Net Banking,4.5,282.1
INV0622,2026-02-11,A,Jaipur,Normal,Male,Milk,Dairy,7,60.69,Cash,3.2,424.83
INV0623,2026-03-16,C,Mumbai,Member,Female,Potato,Vegetables,10,40.73,Net Banking,3.9,407.3
INV0624,2026-05-25,D,Bengaluru,Member,Male,Biscuits,Snacks,9,26.12,Cash,4.5,235.08
INV0625,2026-06-17,C,Mumbai,Normal,Female,Coffee,Beverages,7,157.9,Cash,3.9,1105.3
INV0626,2026-01-05,B,Delhi,Normal,Male,Chocolate,Snacks,2,42.83,Net Banking,4.8,85.66
INV0627,2026-04-19,A,Jaipur,Member,Female,Soap,Personal Care,6,45.56,Card,5.0,273.36
INV0628,2026-03-12,B,Delhi,Member,Female,Biscuits,Snacks,4,28.75,UPI,3.5,115.0
INV0629,2026-06-08,C,Mumbai,Member,Female,Coffee,Beverages,4,212.89,UPI,3.7,851.56
INV0630,2026-03-31,C,Mumbai,Normal,Female,Cooking Oil,Grocery,6,149.89,Card,4.4,899.34
INV0631,2026-05-06,B,Delhi,Normal,Male,Cheese,Dairy,3,209.35,Net Banking,3.5,628.05
INV0632,2026-04-15,A,Jaipur,Member,Male,Apples,Fruits,8,120.06,Card,3.2,960.48
INV0633,2026-04-23,C,Mumbai,Normal,Male,Apples,Fruits,3,153.68,Net Banking,4.2,461.04
INV0634,2026-05-14,B,Delhi,Normal,Female,Soap,Personal Care,1,38.68,Net Banking,3.4,38.68
INV0635,2026-06-13,D,Bengaluru,Member,Female,Potato,Vegetables,5,38.69,Net Banking,3.1,193.45
INV0636,2026-02-16,D,Bengaluru,Member,Male,Coffee,Beverages,4,186.04,Net Banking,3.2,744.16
INV0637,2026-04-28,B,Delhi,Member,Female,Bananas,Fruits,1,62.46,Net Banking,4.3,62.46
INV0638,2026-01-12,D,Bengaluru,Member,Male,Cooking Oil,Grocery,7,144.75,Card,3.1,1013.25
INV0639,2026-06-01,A,Jaipur,Normal,Female,Coffee,Beverages,8,211.2,Card,3.8,1689.6
INV0640,2026-06-13,C,Mumbai,Member,Female,Cold Drink,Beverages,8,68.43,UPI,3.3,547.44
INV0641,2026-01-28,D,Bengaluru,Member,Female,Tea,Beverages,10,119.62,Net Banking,3.5,1196.2
INV0642,2026-06-04,D,Bengaluru,Normal,Female,Chips,Snacks,9,30.12,Card,3.5,271.08
INV0643,2026-06-06,B,Delhi,Normal,Male,Noodles,Grocery,1,59.24,Card,3.6,59.24
INV0644,2026-03-23,D,Bengaluru,Normal,Female,Cooking Oil,Grocery,3,131.53,Net Banking,4.6,394.59
INV0645,2026-01-10,A,Jaipur,Normal,Male,Bananas,Fruits,5,58.19,Net Banking,4.2,290.95
INV0646,2026-01-05,D,Bengaluru,Normal,Female,Bananas,Fruits,2,68.53,Card,4.1,137.06
INV0647,2026-05-26,D,Bengaluru,Normal,Male,Tomato,Vegetables,1,38.34,Net Banking,4.6,38.34
INV0648,2026-01-26,D,Bengaluru,Normal,Male,Rice,Grocery,1,81.9,Cash,3.8,81.9
INV0649,2026-06-26,B,Delhi,Member,Male,Tomato,Vegetables,6,43.83,Card,4.7,262.98
INV0650,2026-05-09,A,Jaipur,Member,Female,Noodles,Grocery,2,61.98,UPI,3.1,123.96
INV0651,2026-04-05,B,Delhi,Normal,Male,Chocolate,Snacks,7,41.78,Net Banking,4.7,292.46
INV0652,2026-02-22,B,Delhi,Member,Male,Bread,Bakery,3,43.83,Cash,4.1,131.49
INV0653,2026-03-26,B,Delhi,Normal,Female,Biscuits,Snacks,10,34.71,UPI,3.8,347.1
INV0654,2026-01-04,D,Bengaluru,Member,Male,Soap,Personal Care,1,44.55,UPI,4.9,44.55
INV0655,2026-02-03,A,Jaipur,Normal,Female,Coffee,Beverages,1,165.82,UPI,4.5,165.82
INV0656,2026-06-11,D,Bengaluru,Normal,Male,Rice,Grocery,8,66.76,Net Banking,3.0,534.08
INV0657,2026-01-12,C,Mumbai,Normal,Male,Milk,Dairy,3,54.82,UPI,4.0,164.46
INV0658,2026-02-26,C,Mumbai,Normal,Male,Chips,Snacks,5,39.29,Card,3.2,196.45
INV0659,2026-03-26,D,Bengaluru,Normal,Female,Noodles,Grocery,7,57.13,Card,4.5,399.91
INV0660,2026-02-07,A,Jaipur,Normal,Male,Cheese,Dairy,3,232.9,Net Banking,4.8,698.7
INV0661,2026-04-01,B,Delhi,Member,Male,Potato,Vegetables,2,36.38,Net Banking,3.8,72.76
INV0662,2026-06-15,B,Delhi,Member,Female,Eggs,Dairy,2,77.68,UPI,3.7,155.36
INV0663,2026-03-22,C,Mumbai,Member,Female,Cooking Oil,Grocery,7,148.27,Net Banking,4.0,1037.89
INV0664,2026-05-25,D,Bengaluru,Member,Female,Biscuits,Snacks,4,34.76,Card,3.9,139.04
INV0665,2026-02-03,D,Bengaluru,Member,Female,Coffee,Beverages,4,182.2,Card,3.9,728.8
INV0666,2026-02-12,B,Delhi,Member,Female,Cooking Oil,Grocery,2,157.22,Card,3.7,314.44
INV0667,2026-05-31,C,Mumbai,Normal,Female,Rice,Grocery,3,63.93,Net Banking,4.1,191.79
INV0668,2026-05-12,B,Delhi,Normal,Female,Bread,Bakery,6,34.97,Card,4.4,209.82
INV0669,2026-04-06,C,Mumbai,Member,Male,Cheese,Dairy,8,198.04,Net Banking,3.8,1584.32
INV0670,2026-02-20,B,Delhi,Normal,Male,Bananas,Fruits,2,59.34,Cash,4.2,118.68
INV0671,2026-06-19,D,Bengaluru,Member,Male,Chips,Snacks,5,29.66,UPI,3.7,148.3
INV0672,2026-05-13,B,Delhi,Member,Female,Tomato,Vegetables,5,40.67,Cash,4.1,203.35
INV0673,2026-06-26,C,Mumbai,Normal,Male,Cheese,Dairy,10,219.29,Card,4.8,2192.9
INV0674,2026-02-16,D,Bengaluru,Normal,Female,Potato,Vegetables,9,35.14,UPI,3.2,316.26
INV0675,2026-03-04,B,Delhi,Member,Male,Bananas,Fruits,8,62.43,Card,4.7,499.44
INV0676,2026-01-01,B,Delhi,Normal,Male,Soap,Personal Care,1,43.38,Card,3.6,43.38
INV0677,2026-02-16,A,Jaipur,Normal,Female,Apples,Fruits,3,121.44,Cash,3.4,364.32
INV0678,2026-01-28,C,Mumbai,Member,Male,Tea,Beverages,6,115.65,Card,3.5,693.9
INV0679,2026-06-03,D,Bengaluru,Member,Female,Cooking Oil,Grocery,8,143.95,UPI,4.4,1151.6
INV0680,2026-01-03,A,Jaipur,Member,Male,Biscuits,Snacks,8,25.28,Card,3.3,202.24
INV0681,2026-04-25,D,Bengaluru,Member,Female,Cooking Oil,Grocery,2,171.69,UPI,3.9,343.38
INV0682,2026-01-28,B,Delhi,Normal,Female,Eggs,Dairy,9,81.79,Cash,4.5,736.11
INV0683,2026-03-27,A,Jaipur,Member,Female,Eggs,Dairy,9,75.75,Net Banking,4.7,681.75
INV0684,2026-01-25,C,Mumbai,Normal,Female,Tea,Beverages,9,113.82,Card,4.8,1024.38
INV0685,2026-05-26,B,Delhi,Normal,Male,Biscuits,Snacks,3,31.96,Cash,4.3,95.88
INV0686,2026-01-08,D,Bengaluru,Member,Female,Coffee,Beverages,6,157.02,Card,4.2,942.12
INV0687,2026-04-11,D,Bengaluru,Normal,Male,Tea,Beverages,3,124.86,UPI,3.8,374.58
INV0688,2026-02-28,D,Bengaluru,Member,Male,Biscuits,Snacks,10,28.67,Card,4.2,286.7
INV0689,2026-06-30,B,Delhi,Normal,Male,Eggs,Dairy,5,102.0,Net Banking,4.9,510.0
INV0690,2026-04-22,C,Mumbai,Normal,Female,Soap,Personal Care,6,38.98,Card,3.7,233.88
INV0691,2026-05-11,A,Jaipur,Normal,Female,Coffee,Beverages,8,161.6,Net Banking,4.8,1292.8
INV0692,2026-06-01,B,Delhi,Member,Female,Biscuits,Snacks,8,30.35,Net Banking,4.4,242.8
INV0693,2026-03-16,A,Jaipur,Normal,Female,Noodles,Grocery,2,47.81,Card,4.2,95.62
INV0694,2026-04-04,B,Delhi,Member,Male,Soap,Personal Care,6,51.19,Cash,5.0,307.14
INV0695,2026-03-20,A,Jaipur,Normal,Female,Shampoo,Personal Care,3,160.32,Card,4.6,480.96
INV0696,2026-02-13,C,Mumbai,Member,Female,Cheese,Dairy,10,224.95,Net Banking,3.6,2249.5
INV0697,2026-01-19,D,Bengaluru,Normal,Male,Rice,Grocery,10,63.08,Cash,3.6,630.8
INV0698,2026-02-16,C,Mumbai,Normal,Male,Cooking Oil,Grocery,4,135.02,Net Banking,3.5,540.08
INV0699,2026-05-19,D,Bengaluru,Normal,Female,Chocolate,Snacks,6,54.15,Net Banking,4.2,324.9
INV0700,2026-06-27,A,Jaipur,Member,Male,Cheese,Dairy,3,255.2,Card,3.1,765.6
INV0701,2026-06-21,A,Jaipur,Normal,Female,Noodles,Grocery,5,54.48,UPI,3.1,272.4
INV0702,2026-03-06,A,Jaipur,Member,Female,Chips,Snacks,8,31.66,Card,4.6,253.28
INV0703,2026-05-23,D,Bengaluru,Normal,Male,Noodles,Grocery,9,48.33,UPI,4.5,434.97
INV0704,2026-04-05,A,Jaipur,Member,Female,Cheese,Dairy,7,220.12,UPI,4.6,1540.84
INV0705,2026-04-30,D,Bengaluru,Normal,Male,Shampoo,Personal Care,2,208.95,Card,3.2,417.9
INV0706,2026-02-04,B,Delhi,Normal,Male,Face Wash,Personal Care,2,140.95,UPI,3.4,281.9
INV0707,2026-04-03,A,Jaipur,Normal,Male,Shampoo,Personal Care,6,208.75,Net Banking,3.1,1252.5
INV0708,2026-03-01,D,Bengaluru,Member,Female,Biscuits,Snacks,9,26.35,Cash,4.5,237.15
INV0709,2026-03-24,A,Jaipur,Member,Female,Apples,Fruits,5,125.31,Card,3.4,626.55
INV0710,2026-03-30,B,Delhi,Normal,Female,Coffee,Beverages,10,192.96,UPI,4.8,1929.6
INV0711,2026-03-13,C,Mumbai,Member,Male,Rice,Grocery,9,79.25,Net Banking,4.4,713.25
INV0712,2026-04-07,A,Jaipur,Member,Female,Bread,Bakery,3,39.4,Cash,4.2,118.2
INV0713,2026-02-22,B,Delhi,Normal,Female,Cooking Oil,Grocery,1,163.91,UPI,3.5,163.91
INV0714,2026-05-14,C,Mumbai,Normal,Male,Cold Drink,Beverages,3,75.03,UPI,4.1,225.09
INV0715,2026-01-15,B,Delhi,Normal,Male,Biscuits,Snacks,3,28.36,Net Banking,3.7,85.08
INV0716,2026-06-04,A,Jaipur,Normal,Male,Cheese,Dairy,1,251.13,Cash,4.1,251.13
INV0717,2026-06-04,B,Delhi,Member,Female,Potato,Vegetables,6,38.53,Cash,4.5,231.18
INV0718,2026-01-10,B,Delhi,Member,Male,Cooking Oil,Grocery,4,163.71,Net Banking,4.1,654.84
INV0719,2026-02-07,C,Mumbai,Normal,Male,Bananas,Fruits,10,59.74,Cash,3.7,597.4
INV0720,2026-06-29,B,Delhi,Member,Male,Cooking Oil,Grocery,4,152.78,Card,3.9,611.12
INV0721,2026-02-16,B,Delhi,Member,Female,Bread,Bakery,8,38.8,Cash,3.3,310.4
INV0722,2026-04-25,D,Bengaluru,Member,Female,Face Wash,Personal Care,2,117.36,UPI,3.0,234.72
INV0723,2026-01-27,C,Mumbai,Normal,Male,Tea,Beverages,4,129.44,Cash,4.4,517.76
INV0724,2026-05-14,D,Bengaluru,Normal,Male,Coffee,Beverages,10,173.1,Card,3.7,1731.0
INV0725,2026-05-20,A,Jaipur,Normal,Female,Face Wash,Personal Care,10,117.03,Card,4.9,1170.3
INV0726,2026-04-21,B,Delhi,Normal,Female,Bread,Bakery,8,46.13,UPI,4.0,369.04
INV0727,2026-05-13,B,Delhi,Normal,Female,Bananas,Fruits,4,64.39,UPI,4.8,257.56
INV0728,2026-04-02,A,Jaipur,Member,Male,Cheese,Dairy,8,254.48,Card,4.3,2035.84
INV0729,2026-01-29,B,Delhi,Normal,Female,Shampoo,Personal Care,9,173.37,Net Banking,3.8,1560.33
INV0730,2026-05-31,A,Jaipur,Normal,Male,Eggs,Dairy,9,78.04,Card,4.9,702.36
INV0731,2026-04-20,A,Jaipur,Member,Female,Noodles,Grocery,5,48.02,Cash,5.0,240.1
INV0732,2026-03-04,D,Bengaluru,Normal,Female,Potato,Vegetables,7,31.37,UPI,4.8,219.59
INV0733,2026-05-29,A,Jaipur,Member,Male,Face Wash,Personal Care,3,113.41,Net Banking,4.2,340.23
INV0734,2026-06-29,A,Jaipur,Member,Female,Milk,Dairy,5,52.96,Card,3.7,264.8
INV0735,2026-03-04,A,Jaipur,Normal,Male,Tea,Beverages,10,133.44,UPI,3.7,1334.4
INV0736,2026-05-10,B,Delhi,Member,Female,Eggs,Dairy,10,86.46,Cash,4.8,864.6
INV0737,2026-05-08,B,Delhi,Member,Male,Bread,Bakery,2,39.78,Net Banking,4.8,79.56
INV0738,2026-01-25,D,Bengaluru,Member,Female,Chips,Snacks,3,31.94,Net Banking,3.5,95.82
INV0739,2026-06-10,B,Delhi,Normal,Male,Apples,Fruits,6,141.67,Net Banking,3.1,850.02
INV0740,2026-04-24,B,Delhi,Member,Male,Eggs,Dairy,6,85.05,Cash,3.4,510.3
INV0741,2026-04-15,D,Bengaluru,Member,Male,Cooking Oil,Grocery,7,159.48,UPI,5.0,1116.36
INV0742,2026-03-04,A,Jaipur,Member,Male,Cheese,Dairy,6,195.51,Card,4.7,1173.06
INV0743,2026-05-21,D,Bengaluru,Member,Male,Cooking Oil,Grocery,1,177.05,UPI,3.6,177.05
INV0744,2026-03-03,A,Jaipur,Member,Male,Bread,Bakery,3,38.81,Cash,3.4,116.43
INV0745,2026-01-30,A,Jaipur,Normal,Female,Soap,Personal Care,1,40.63,UPI,3.1,40.63
INV0746,2026-03-19,C,Mumbai,Member,Female,Face Wash,Personal Care,3,134.69,Net Banking,3.1,404.07
INV0747,2026-04-23,C,Mumbai,Member,Male,Tea,Beverages,2,130.29,Card,4.0,260.58
INV0748,2026-05-12,B,Delhi,Normal,Male,Biscuits,Snacks,6,29.06,Cash,4.5,174.36
INV0749,2026-02-01,B,Delhi,Member,Female,Bananas,Fruits,7,53.49,Net Banking,4.9,374.43
INV0750,2026-05-04,A,Jaipur,Member,Male,Face Wash,Personal Care,3,111.82,UPI,4.3,335.46
INV0751,2026-06-27,A,Jaipur,Member,Female,Milk,Dairy,7,61.06,Net Banking,3.3,427.42
INV0752,2026-03-08,B,Delhi,Normal,Female,Coffee,Beverages,8,205.5,UPI,3.1,1644.0
INV0753,2026-03-08,D,Bengaluru,Normal,Male,Coffee,Beverages,8,165.98,UPI,3.2,1327.84
INV0754,2026-04-06,A,Jaipur,Normal,Male,Potato,Vegetables,8,39.7,Cash,3.2,317.6
INV0755,2026-05-24,C,Mumbai,Member,Male,Biscuits,Snacks,8,35.17,UPI,4.6,281.36
INV0756,2026-05-22,D,Bengaluru,Member,Male,Coffee,Beverages,5,176.3,Net Banking,3.3,881.5
INV0757,2026-01-07,A,Jaipur,Normal,Female,Shampoo,Personal Care,2,168.16,Cash,3.0,336.32
INV0758,2026-05-05,D,Bengaluru,Normal,Female,Biscuits,Snacks,5,32.55,Card,3.1,162.75
INV0759,2026-02-16,C,Mumbai,Normal,Male,Cheese,Dairy,2,250.97,Cash,4.8,501.94
INV0760,2026-04-29,D,Bengaluru,Normal,Male,Cooking Oil,Grocery,10,157.43,Net Banking,4.7,1574.3
INV0761,2026-05-17,D,Bengaluru,Normal,Female,Cooking Oil,Grocery,5,138.63,UPI,3.7,693.15
INV0762,2026-03-27,C,Mumbai,Member,Male,Chips,Snacks,3,34.57,Cash,4.9,103.71
INV0763,2026-04-30,C,Mumbai,Member,Female,Potato,Vegetables,1,38.42,Cash,4.7,38.42
INV0764,2026-04-24,B,Delhi,Member,Male,Biscuits,Snacks,7,35.14,Cash,4.6,245.98
INV0765,2026-01-25,D,Bengaluru,Member,Female,Eggs,Dairy,9,75.81,Net Banking,4.1,682.29
INV0766,2026-01-04,C,Mumbai,Member,Female,Chips,Snacks,6,32.35,UPI,4.3,194.1
INV0767,2026-03-16,A,Jaipur,Member,Female,Shampoo,Personal Care,2,157.84,Card,3.5,315.68
INV0768,2026-02-10,D,Bengaluru,Member,Female,Rice,Grocery,5,77.94,Card,4.6,389.7
INV0769,2026-05-02,B,Delhi,Member,Male,Soap,Personal Care,1,41.73,UPI,3.8,41.73
INV0770,2026-01-27,C,Mumbai,Member,Male,Face Wash,Personal Care,5,129.98,Card,3.0,649.9
INV0771,2026-04-08,D,Bengaluru,Normal,Female,Cold Drink,Beverages,6,74.88,UPI,4.5,449.28
INV0772,2026-05-18,C,Mumbai,Member,Female,Potato,Vegetables,9,36.29,Cash,4.0,326.61
INV0773,2026-05-02,B,Delhi,Member,Female,Tomato,Vegetables,10,52.11,Cash,3.8,521.1
INV0774,2026-04-17,C,Mumbai,Member,Male,Potato,Vegetables,2,34.17,Net Banking,3.3,68.34
INV0775,2026-01-26,A,Jaipur,Normal,Male,Cooking Oil,Grocery,5,134.22,Cash,4.2,671.1
INV0776,2026-06-13,D,Bengaluru,Normal,Male,Chips,Snacks,8,30.0,Net Banking,3.9,240.0
INV0777,2026-02-23,B,Delhi,Member,Male,Coffee,Beverages,7,196.3,Card,4.2,1374.1
INV0778,2026-03-10,C,Mumbai,Member,Male,Potato,Vegetables,8,34.81,Card,4.9,278.48
INV0779,2026-05-28,A,Jaipur,Member,Female,Rice,Grocery,10,69.79,Cash,3.1,697.9
INV0780,2026-04-19,C,Mumbai,Member,Male,Apples,Fruits,4,125.23,UPI,3.1,500.92
INV0781,2026-03-14,C,Mumbai,Normal,Male,Bread,Bakery,9,35.35,Card,4.5,318.15
INV0782,2026-03-02,D,Bengaluru,Normal,Male,Noodles,Grocery,1,47.09,Card,3.8,47.09
INV0783,2026-02-04,D,Bengaluru,Member,Male,Cooking Oil,Grocery,10,160.79,Card,3.9,1607.9
INV0784,2026-06-28,D,Bengaluru,Normal,Female,Chocolate,Snacks,5,56.14,UPI,3.0,280.7
INV0785,2026-04-11,B,Delhi,Normal,Female,Milk,Dairy,2,50.9,Cash,3.2,101.8
INV0786,2026-03-15,A,Jaipur,Normal,Female,Face Wash,Personal Care,1,104.49,Net Banking,3.3,104.49
INV0787,2026-03-03,A,Jaipur,Normal,Male,Milk,Dairy,1,58.94,UPI,3.4,58.94
INV0788,2026-05-29,B,Delhi,Member,Female,Biscuits,Snacks,3,34.85,UPI,4.5,104.55
INV0789,2026-01-25,A,Jaipur,Normal,Female,Biscuits,Snacks,5,32.79,Card,4.4,163.95
INV0790,2026-01-26,C,Mumbai,Normal,Male,Apples,Fruits,10,161.46,Net Banking,3.1,1614.6
INV0791,2026-05-25,A,Jaipur,Member,Female,Potato,Vegetables,10,29.62,UPI,4.2,296.2
INV0792,2026-05-15,D,Bengaluru,Member,Male,Coffee,Beverages,5,162.84,Card,3.9,814.2
INV0793,2026-04-25,C,Mumbai,Member,Female,Tea,Beverages,5,101.3,UPI,4.5,506.5
INV0794,2026-03-23,D,Bengaluru,Member,Male,Biscuits,Snacks,2,34.5,Card,3.8,69.0
INV0795,2026-05-26,A,Jaipur,Normal,Female,Bread,Bakery,4,43.76,Net Banking,4.7,175.04
INV0796,2026-06-08,D,Bengaluru,Member,Female,Cold Drink,Beverages,7,66.17,Net Banking,3.1,463.19
INV0797,2026-06-20,C,Mumbai,Normal,Male,Soap,Personal Care,2,43.18,Card,4.8,86.36
INV0798,2026-02-08,A,Jaipur,Member,Female,Bread,Bakery,7,37.99,Cash,3.8,265.93
INV0799,2026-06-02,C,Mumbai,Normal,Male,Cold Drink,Beverages,1,61.4,UPI,4.1,61.4
INV0800,2026-06-19,C,Mumbai,Member,Female,Chips,Snacks,1,38.31,Cash,4.8,38.31
INV0801,2026-06-19,B,Delhi,Member,Male,Tomato,Vegetables,2,51.52,UPI,3.0,103.04
INV0802,2026-01-18,A,Jaipur,Normal,Female,Potato,Vegetables,7,40.93,Net Banking,3.4,286.51
INV0803,2026-02-15,B,Delhi,Member,Female,Rice,Grocery,3,80.74,UPI,3.1,242.22
INV0804,2026-01-16,D,Bengaluru,Member,Female,Cooking Oil,Grocery,1,142.99,Card,3.8,142.99
INV0805,2026-06-02,C,Mumbai,Member,Male,Noodles,Grocery,9,62.67,Card,4.5,564.03
INV0806,2026-06-26,B,Delhi,Member,Male,Coffee,Beverages,4,172.52,Card,4.5,690.08
INV0807,2026-03-09,B,Delhi,Member,Male,Bread,Bakery,8,34.72,Cash,3.6,277.76
INV0808,2026-06-30,B,Delhi,Member,Female,Chips,Snacks,5,38.04,Net Banking,3.1,190.2
INV0809,2026-05-01,D,Bengaluru,Member,Male,Tea,Beverages,9,141.96,Net Banking,3.2,1277.64
INV0810,2026-06-20,A,Jaipur,Member,Male,Bread,Bakery,10,42.83,Net Banking,4.6,428.3
INV0811,2026-02-15,B,Delhi,Member,Female,Apples,Fruits,7,146.08,Card,4.8,1022.56
INV0812,2026-02-21,D,Bengaluru,Member,Male,Cheese,Dairy,2,229.96,Net Banking,3.3,459.92
INV0813,2026-03-04,B,Delhi,Normal,Male,Bananas,Fruits,8,51.14,Cash,4.9,409.12
INV0814,2026-03-15,A,Jaipur,Normal,Male,Bananas,Fruits,3,54.46,Cash,4.0,163.38
INV0815,2026-01-03,D,Bengaluru,Normal,Female,Chocolate,Snacks,9,42.37,Cash,3.4,381.33
INV0816,2026-02-16,D,Bengaluru,Normal,Male,Soap,Personal Care,5,50.56,Card,3.1,252.8
INV0817,2026-05-02,B,Delhi,Member,Male,Cold Drink,Beverages,9,59.11,UPI,4.9,531.99
INV0818,2026-03-23,B,Delhi,Normal,Male,Coffee,Beverages,10,184.24,Net Banking,4.0,1842.4
INV0819,2026-01-13,A,Jaipur,Member,Female,Cold Drink,Beverages,8,70.18,Cash,4.8,561.44
INV0820,2026-05-22,A,Jaipur,Member,Male,Cold Drink,Beverages,9,59.29,UPI,4.2,533.61
INV0821,2026-05-03,D,Bengaluru,Normal,Female,Coffee,Beverages,9,205.07,UPI,3.8,1845.63
INV0822,2026-03-17,A,Jaipur,Member,Male,Cheese,Dairy,9,194.05,Cash,3.1,1746.45
INV0823,2026-05-19,B,Delhi,Normal,Female,Eggs,Dairy,8,76.17,Cash,4.9,609.36
INV0824,2026-02-07,A,Jaipur,Normal,Male,Milk,Dairy,8,47.35,Net Banking,3.5,378.8
INV0825,2026-05-26,A,Jaipur,Normal,Male,Tea,Beverages,5,110.93,Net Banking,3.1,554.65
INV0826,2026-04-24,A,Jaipur,Normal,Female,Milk,Dairy,5,47.23,UPI,5.0,236.15
INV0827,2026-02-25,B,Delhi,Member,Female,Biscuits,Snacks,3,30.05,UPI,4.6,90.15
INV0828,2026-02-02,D,Bengaluru,Normal,Male,Coffee,Beverages,8,192.76,UPI,4.1,1542.08
INV0829,2026-04-02,C,Mumbai,Normal,Male,Bananas,Fruits,3,67.45,Card,4.7,202.35
INV0830,2026-02-14,B,Delhi,Member,Male,Rice,Grocery,9,78.61,UPI,3.7,707.49
INV0831,2026-06-04,B,Delhi,Normal,Male,Eggs,Dairy,10,94.15,Card,3.2,941.5
INV0832,2026-02-14,B,Delhi,Member,Male,Biscuits,Snacks,7,32.72,Net Banking,4.8,229.04
INV0833,2026-06-19,C,Mumbai,Normal,Male,Chocolate,Snacks,3,57.08,UPI,4.8,171.24
INV0834,2026-06-08,C,Mumbai,Normal,Female,Shampoo,Personal Care,5,157.62,Net Banking,4.5,788.1
INV0835,2026-01-12,C,Mumbai,Member,Female,Rice,Grocery,2,58.18,UPI,4.7,116.36
INV0836,2026-04-14,B,Delhi,Member,Female,Tomato,Vegetables,1,38.03,Net Banking,4.1,38.03
INV0837,2026-03-11,C,Mumbai,Member,Female,Cheese,Dairy,8,203.98,UPI,4.6,1631.84
INV0838,2026-03-04,A,Jaipur,Normal,Male,Cheese,Dairy,7,205.77,Card,4.1,1440.39
INV0839,2026-05-28,D,Bengaluru,Normal,Female,Chips,Snacks,5,34.02,Cash,3.2,170.1
INV0840,2026-01-17,C,Mumbai,Normal,Female,Face Wash,Personal Care,2,128.67,Net Banking,4.9,257.34
INV0841,2026-01-22,B,Delhi,Member,Female,Cooking Oil,Grocery,1,165.14,Net Banking,4.2,165.14
INV0842,2026-06-24,D,Bengaluru,Member,Female,Potato,Vegetables,2,36.53,Cash,4.7,73.06
INV0843,2026-06-29,D,Bengaluru,Normal,Male,Shampoo,Personal Care,4,211.47,UPI,4.3,845.88
INV0844,2026-02-02,A,Jaipur,Member,Female,Chocolate,Snacks,7,55.06,Card,3.1,385.42
INV0845,2026-01-26,B,Delhi,Normal,Female,Cooking Oil,Grocery,3,141.56,Card,3.5,424.68
INV0846,2026-04-09,A,Jaipur,Normal,Male,Eggs,Dairy,2,79.52,Card,5.0,159.04
INV0847,2026-01-29,C,Mumbai,Member,Male,Shampoo,Personal Care,7,178.3,UPI,4.1,1248.1
INV0848,2026-06-24,A,Jaipur,Member,Female,Bread,Bakery,4,43.03,Net Banking,4.7,172.12
INV0849,2026-03-22,B,Delhi,Normal,Female,Shampoo,Personal Care,6,192.99,UPI,3.3,1157.94
INV0850,2026-01-21,B,Delhi,Member,Female,Apples,Fruits,8,164.39,Card,3.9,1315.12
INV0851,2026-01-06,C,Mumbai,Normal,Male,Soap,Personal Care,5,51.89,Cash,4.3,259.45
INV0852,2026-01-01,D,Bengaluru,Member,Female,Biscuits,Snacks,5,32.8,Card,5.0,164.0
INV0853,2026-06-12,D,Bengaluru,Member,Male,Tea,Beverages,6,113.53,Net Banking,3.5,681.18
INV0854,2026-01-18,A,Jaipur,Member,Male,Milk,Dairy,9,46.27,UPI,4.4,416.43
INV0855,2026-05-25,A,Jaipur,Normal,Female,Bananas,Fruits,8,67.16,UPI,3.3,537.28
INV0856,2026-06-23,D,Bengaluru,Normal,Female,Coffee,Beverages,8,157.28,Card,4.5,1258.24
INV0857,2026-06-21,C,Mumbai,Normal,Male,Eggs,Dairy,7,89.61,Net Banking,4.3,627.27
INV0858,2026-02-15,B,Delhi,Normal,Male,Face Wash,Personal Care,10,102.1,Net Banking,4.2,1021.0
INV0859,2026-03-25,D,Bengaluru,Member,Male,Cooking Oil,Grocery,7,148.86,Cash,3.3,1042.02
INV0860,2026-03-04,D,Bengaluru,Member,Male,Cheese,Dairy,6,216.97,Card,3.5,1301.82
INV0861,2026-03-29,A,Jaipur,Normal,Male,Rice,Grocery,5,73.82,Cash,3.5,369.1
INV0862,2026-01-18,A,Jaipur,Normal,Male,Milk,Dairy,1,54.0,UPI,3.0,54.0
INV0863,2026-04-05,A,Jaipur,Normal,Female,Shampoo,Personal Care,2,192.98,UPI,4.0,385.96
INV0864,2026-04-12,D,Bengaluru,Member,Female,Milk,Dairy,9,59.55,Net Banking,4.7,535.95
INV0865,2026-02-10,D,Bengaluru,Member,Female,Tomato,Vegetables,6,52.01,Cash,4.5,312.06
INV0866,2026-03-21,C,Mumbai,Member,Female,Chips,Snacks,9,32.16,Net Banking,4.1,289.44
INV0867,2026-06-17,B,Delhi,Normal,Male,Noodles,Grocery,4,55.03,Card,3.7,220.12
INV0868,2026-02-02,D,Bengaluru,Normal,Male,Biscuits,Snacks,1,25.0,Net Banking,4.0,25.0
INV0869,2026-06-03,C,Mumbai,Member,Female,Apples,Fruits,1,160.45,UPI,4.6,160.45
INV0870,2026-03-31,D,Bengaluru,Normal,Female,Cooking Oil,Grocery,2,145.43,UPI,5.0,290.86
INV0871,2026-04-16,D,Bengaluru,Normal,Female,Biscuits,Snacks,2,32.06,Net Banking,4.6,64.12
INV0872,2026-03-02,B,Delhi,Member,Female,Rice,Grocery,1,62.18,Card,4.9,62.18
INV0873,2026-03-14,A,Jaipur,Normal,Female,Shampoo,Personal Care,6,194.65,Cash,4.2,1167.9
INV0874,2026-01-08,B,Delhi,Member,Male,Bread,Bakery,9,33.89,UPI,4.4,305.01
INV0875,2026-05-07,B,Delhi,Normal,Male,Bananas,Fruits,4,68.83,UPI,3.7,275.32
INV0876,2026-05-14,A,Jaipur,Normal,Female,Apples,Fruits,4,121.22,Card,4.1,484.88
INV0877,2026-05-07,A,Jaipur,Normal,Female,Potato,Vegetables,10,38.87,Net Banking,4.0,388.7
INV0878,2026-01-12,D,Bengaluru,Member,Female,Noodles,Grocery,10,55.89,UPI,3.9,558.9
INV0879,2026-05-02,B,Delhi,Member,Female,Apples,Fruits,9,129.38,UPI,4.7,1164.42
INV0880,2026-04-29,B,Delhi,Normal,Female,Potato,Vegetables,4,33.06,Card,4.5,132.24
INV0881,2026-05-26,C,Mumbai,Normal,Female,Cheese,Dairy,3,217.23,Net Banking,3.3,651.69
INV0882,2026-04-15,B,Delhi,Member,Female,Apples,Fruits,5,149.24,Card,5.0,746.2
INV0883,2026-04-03,C,Mumbai,Normal,Female,Face Wash,Personal Care,10,120.78,Card,3.8,1207.8
INV0884,2026-02-18,C,Mumbai,Normal,Male,Potato,Vegetables,1,34.13,Net Banking,4.7,34.13
INV0885,2026-05-28,A,Jaipur,Member,Female,Soap,Personal Care,10,51.23,UPI,4.5,512.3
INV0886,2026-02-19,A,Jaipur,Normal,Female,Milk,Dairy,4,57.76,Cash,4.0,231.04
INV0887,2026-04-27,A,Jaipur,Normal,Female,Potato,Vegetables,9,39.46,Cash,3.9,355.14
INV0888,2026-06-11,D,Bengaluru,Normal,Male,Noodles,Grocery,4,53.34,Cash,4.7,213.36
INV0889,2026-04-25,D,Bengaluru,Normal,Female,Coffee,Beverages,7,200.9,Card,3.6,1406.3
INV0890,2026-02-09,D,Bengaluru,Member,Male,Milk,Dairy,3,51.13,UPI,4.2,153.39
INV0891,2026-01-08,D,Bengaluru,Member,Female,Chips,Snacks,1,39.53,UPI,3.3,39.53
INV0892,2026-01-14,C,Mumbai,Member,Male,Eggs,Dairy,7,86.21,UPI,4.3,603.47
INV0893,2026-06-15,A,Jaipur,Normal,Male,Eggs,Dairy,7,101.59,UPI,3.8,711.13
INV0894,2026-04-21,D,Bengaluru,Member,Female,Biscuits,Snacks,6,30.02,Card,4.7,180.12
INV0895,2026-05-10,A,Jaipur,Normal,Female,Potato,Vegetables,7,36.2,Cash,3.7,253.4
INV0896,2026-01-28,D,Bengaluru,Normal,Female,Coffee,Beverages,1,157.53,Cash,3.8,157.53
INV0897,2026-06-17,B,Delhi,Normal,Male,Tea,Beverages,5,110.86,Net Banking,3.0,554.3
INV0898,2026-02-16,A,Jaipur,Member,Male,Cooking Oil,Grocery,4,156.06,UPI,4.9,624.24
INV0899,2026-01-14,C,Mumbai,Normal,Female,Apples,Fruits,10,128.78,Cash,3.1,1287.8
INV0900,2026-04-15,C,Mumbai,Normal,Male,Face Wash,Personal Care,10,114.19,Cash,4.3,1141.9
INV0901,2026-01-01,C,Mumbai,Normal,Female,Chocolate,Snacks,4,49.22,UPI,4.2,196.88
INV0902,2026-05-01,A,Jaipur,Member,Male,Chips,Snacks,6,32.29,UPI,3.3,193.74
INV0903,2026-02-18,D,Bengaluru,Normal,Female,Cooking Oil,Grocery,5,156.42,Cash,4.1,782.1
INV0904,2026-05-14,B,Delhi,Member,Female,Bread,Bakery,8,45.17,Net Banking,4.2,361.36
INV0905,2026-05-10,D,Bengaluru,Member,Male,Noodles,Grocery,4,49.64,UPI,3.5,198.56
INV0906,2026-01-29,A,Jaipur,Normal,Male,Bread,Bakery,5,34.9,Cash,4.9,174.5
INV0907,2026-02-28,B,Delhi,Normal,Male,Bananas,Fruits,3,62.67,Net Banking,3.9,188.01
INV0908,2026-01-12,B,Delhi,Member,Male,Potato,Vegetables,1,32.91,Card,4.2,32.91
INV0909,2026-02-12,C,Mumbai,Member,Male,Rice,Grocery,5,61.72,Net Banking,4.0,308.6
INV0910,2026-02-08,D,Bengaluru,Member,Female,Bananas,Fruits,9,50.19,UPI,4.3,451.71
INV0911,2026-02-07,A,Jaipur,Member,Female,Biscuits,Snacks,2,29.63,Card,3.7,59.26
INV0912,2026-05-04,D,Bengaluru,Normal,Male,Noodles,Grocery,4,48.35,Net Banking,4.4,193.4
INV0913,2026-01-08,A,Jaipur,Normal,Male,Shampoo,Personal Care,2,192.53,Cash,3.4,385.06
INV0914,2026-03-27,A,Jaipur,Member,Male,Apples,Fruits,6,124.94,UPI,4.7,749.64
INV0915,2026-06-20,A,Jaipur,Member,Female,Cooking Oil,Grocery,1,137.96,Card,4.7,137.96
INV0916,2026-01-26,B,Delhi,Member,Female,Noodles,Grocery,2,58.95,Cash,3.5,117.9
INV0917,2026-03-13,B,Delhi,Normal,Female,Biscuits,Snacks,8,33.93,Card,4.5,271.44
INV0918,2026-05-27,C,Mumbai,Member,Female,Tomato,Vegetables,4,50.27,Net Banking,4.4,201.08
INV0919,2026-04-15,B,Delhi,Member,Female,Rice,Grocery,5,80.78,Cash,4.3,403.9
INV0920,2026-03-04,A,Jaipur,Member,Female,Cheese,Dairy,2,192.31,UPI,5.0,384.62
INV0921,2026-01-13,C,Mumbai,Member,Female,Chips,Snacks,9,41.29,Cash,5.0,371.61
INV0922,2026-04-08,B,Delhi,Member,Male,Soap,Personal Care,9,49.86,Net Banking,3.2,448.74
INV0923,2026-03-23,C,Mumbai,Member,Female,Cold Drink,Beverages,4,63.45,Card,4.3,253.8
INV0924,2026-03-16,A,Jaipur,Member,Female,Tea,Beverages,7,137.28,Cash,3.9,960.96
INV0925,2026-05-23,B,Delhi,Member,Female,Chocolate,Snacks,6,48.23,Card,4.3,289.38
INV0926,2026-05-29,B,Delhi,Normal,Female,Apples,Fruits,10,148.11,UPI,3.8,1481.1
INV0927,2026-02-04,D,Bengaluru,Normal,Male,Cold Drink,Beverages,9,62.9,Cash,4.2,566.1
INV0928,2026-04-20,D,Bengaluru,Normal,Male,Coffee,Beverages,10,165.74,Card,4.2,1657.4
INV0929,2026-01-03,B,Delhi,Member,Male,Noodles,Grocery,2,58.16,UPI,3.9,116.32
INV0930,2026-06-05,C,Mumbai,Normal,Male,Soap,Personal Care,8,46.02,Net Banking,4.0,368.16
INV0931,2026-05-13,C,Mumbai,Member,Female,Bread,Bakery,10,33.51,Cash,3.2,335.1
INV0932,2026-01-15,D,Bengaluru,Normal,Male,Rice,Grocery,5,67.74,Cash,3.5,338.7
INV0933,2026-04-18,D,Bengaluru,Member,Female,Chocolate,Snacks,7,48.57,Cash,4.6,339.99
INV0934,2026-03-21,A,Jaipur,Normal,Male,Potato,Vegetables,5,40.51,Card,3.4,202.55
INV0935,2026-02-20,C,Mumbai,Normal,Male,Noodles,Grocery,9,58.25,Card,4.3,524.25
INV0936,2026-01-19,D,Bengaluru,Member,Male,Bananas,Fruits,5,51.05,UPI,4.0,255.25
INV0937,2026-02-21,B,Delhi,Normal,Female,Eggs,Dairy,4,77.96,Cash,3.5,311.84
INV0938,2026-04-16,A,Jaipur,Normal,Male,Cold Drink,Beverages,3,69.58,UPI,4.2,208.74
INV0939,2026-03-18,C,Mumbai,Normal,Male,Shampoo,Personal Care,2,188.49,Cash,3.8,376.98
INV0940,2026-01-07,D,Bengaluru,Normal,Male,Noodles,Grocery,9,53.69,Net Banking,4.0,483.21
INV0941,2026-06-08,A,Jaipur,Member,Female,Face Wash,Personal Care,10,128.39,Cash,4.6,1283.9
INV0942,2026-02-11,D,Bengaluru,Member,Female,Chocolate,Snacks,8,54.18,UPI,4.6,433.44
INV0943,2026-01-07,B,Delhi,Member,Female,Cooking Oil,Grocery,4,172.88,Card,4.0,691.52
INV0944,2026-02-16,C,Mumbai,Member,Female,Cooking Oil,Grocery,8,167.5,Net Banking,4.1,1340.0
INV0945,2026-01-21,B,Delhi,Member,Female,Tea,Beverages,7,140.41,Net Banking,4.3,982.87
INV0946,2026-01-15,D,Bengaluru,Normal,Male,Coffee,Beverages,9,206.57,Cash,4.6,1859.13
INV0947,2026-06-19,C,Mumbai,Member,Female,Chips,Snacks,10,36.74,Net Banking,3.7,367.4
INV0948,2026-02-06,D,Bengaluru,Member,Male,Bananas,Fruits,1,67.88,UPI,3.5,67.88
INV0949,2026-03-01,A,Jaipur,Member,Female,Shampoo,Personal Care,8,168.73,UPI,4.6,1349.84
INV0950,2026-06-13,B,Delhi,Member,Male,Rice,Grocery,9,74.3,Cash,3.2,668.7
INV0951,2026-06-24,C,Mumbai,Member,Female,Shampoo,Personal Care,7,158.96,Card,4.2,1112.72
INV0952,2026-05-29,C,Mumbai,Member,Male,Cheese,Dairy,2,202.11,Net Banking,3.9,404.22
INV0953,2026-06-09,C,Mumbai,Normal,Female,Rice,Grocery,5,60.45,Net Banking,4.3,302.25
INV0954,2026-06-02,B,Delhi,Normal,Female,Cheese,Dairy,9,232.8,Cash,3.8,2095.2
INV0955,2026-05-26,B,Delhi,Member,Female,Biscuits,Snacks,3,35.16,Net Banking,4.2,105.48
INV0956,2026-06-18,D,Bengaluru,Member,Male,Coffee,Beverages,6,176.74,Card,3.9,1060.44
INV0957,2026-02-15,C,Mumbai,Member,Female,Bread,Bakery,7,43.01,Cash,3.7,301.07
INV0958,2026-02-01,C,Mumbai,Normal,Male,Soap,Personal Care,10,39.01,UPI,3.7,390.1
INV0959,2026-04-07,B,Delhi,Member,Male,Chips,Snacks,4,32.56,Net Banking,3.2,130.24
INV0960,2026-05-03,C,Mumbai,Normal,Female,Chips,Snacks,9,36.55,Cash,3.6,328.95
INV0961,2026-02-18,A,Jaipur,Normal,Male,Chips,Snacks,7,33.42,UPI,3.1,233.94
INV0962,2026-06-09,B,Delhi,Member,Female,Soap,Personal Care,5,50.65,UPI,3.1,253.25
INV0963,2026-03-08,D,Bengaluru,Normal,Male,Biscuits,Snacks,6,30.51,UPI,4.2,183.06
INV0964,2026-03-11,D,Bengaluru,Normal,Female,Biscuits,Snacks,10,30.44,Cash,3.7,304.4
INV0965,2026-02-04,D,Bengaluru,Member,Male,Cooking Oil,Grocery,2,127.26,Cash,3.7,254.52
INV0966,2026-02-13,B,Delhi,Normal,Male,Noodles,Grocery,4,59.88,UPI,3.1,239.52
INV0967,2026-01-31,B,Delhi,Normal,Female,Coffee,Beverages,5,157.13,UPI,3.4,785.65
INV0968,2026-06-07,D,Bengaluru,Member,Female,Coffee,Beverages,7,198.53,Cash,4.1,1389.71
INV0969,2026-05-16,D,Bengaluru,Member,Male,Eggs,Dairy,1,87.44,Cash,3.6,87.44
INV0970,2026-04-14,C,Mumbai,Normal,Male,Rice,Grocery,7,77.28,Card,3.8,540.96
INV0971,2026-04-18,C,Mumbai,Member,Female,Cheese,Dairy,4,185.71,UPI,4.9,742.84
INV0972,2026-05-30,D,Bengaluru,Member,Male,Rice,Grocery,5,64.01,Net Banking,3.2,320.05
INV0973,2026-01-16,D,Bengaluru,Member,Male,Biscuits,Snacks,7,25.83,Net Banking,4.7,180.81
INV0974,2026-05-22,C,Mumbai,Member,Male,Potato,Vegetables,4,35.18,Cash,4.4,140.72
INV0975,2026-03-07,D,Bengaluru,Normal,Male,Coffee,Beverages,7,158.93,Net Banking,3.5,1112.51
INV0976,2026-03-16,B,Delhi,Member,Male,Apples,Fruits,2,135.93,Cash,4.9,271.86
INV0977,2026-02-24,A,Jaipur,Member,Female,Shampoo,Personal Care,7,202.27,Card,4.9,1415.89
INV0978,2026-03-27,C,Mumbai,Member,Male,Bread,Bakery,6,35.45,Cash,4.0,212.7
INV0979,2026-02-18,A,Jaipur,Member,Female,Bread,Bakery,4,41.22,UPI,3.4,164.88
INV0980,2026-06-07,D,Bengaluru,Normal,Male,Cold Drink,Beverages,2,56.81,Cash,4.3,113.62
INV0981,2026-01-07,B,Delhi,Normal,Female,Cheese,Dairy,6,251.08,Net Banking,3.3,1506.48
INV0982,2026-06-12,B,Delhi,Normal,Female,Potato,Vegetables,9,32.77,Net Banking,3.6,294.93
INV0983,2026-01-20,C,Mumbai,Normal,Female,Face Wash,Personal Care,2,107.82,Net Banking,3.4,215.64
INV0984,2026-01-25,D,Bengaluru,Normal,Male,Cold Drink,Beverages,10,67.34,UPI,4.6,673.4
INV0985,2026-01-14,A,Jaipur,Member,Male,Cheese,Dairy,1,220.71,Cash,4.8,220.71
INV0986,2026-06-29,B,Delhi,Normal,Female,Soap,Personal Care,6,39.58,Cash,4.7,237.48
INV0987,2026-05-21,B,Delhi,Member,Male,Coffee,Beverages,9,182.85,Net Banking,4.7,1645.65
INV0988,2026-01-25,B,Delhi,Normal,Female,Tomato,Vegetables,8,43.63,UPI,4.0,349.04
INV0989,2026-03-01,D,Bengaluru,Member,Female,Bananas,Fruits,4,54.5,Net Banking,3.9,218.0
INV0990,2026-01-31,D,Bengaluru,Normal,Male,Noodles,Grocery,2,62.23,Net Banking,4.3,124.46
INV0991,2026-03-30,A,Jaipur,Member,Male,Cold Drink,Beverages,3,55.54,UPI,3.4,166.62
INV0992,2026-02-25,D,Bengaluru,Normal,Male,Cold Drink,Beverages,2,55.47,Net Banking,3.1,110.94
INV0993,2026-04-09,B,Delhi,Member,Male,Cooking Oil,Grocery,7,140.18,Card,3.5,981.26
INV0994,2026-05-24,D,Bengaluru,Normal,Female,Tomato,Vegetables,3,39.08,UPI,3.4,117.24
INV0995,2026-02-09,B,Delhi,Member,Female,Coffee,Beverages,4,155.49,Net Banking,4.3,621.96
INV0996,2026-02-21,B,Delhi,Normal,Male,Chocolate,Snacks,7,56.05,Cash,3.4,392.35
INV0997,2026-03-04,A,Jaipur,Member,Female,Eggs,Dairy,6,93.01,Card,3.9,558.06
INV0998,2026-04-02,C,Mumbai,Member,Male,Cheese,Dairy,3,244.54,Cash,3.7,733.62
INV0999,2026-03-27,A,Jaipur,Normal,Female,Cooking Oil,Grocery,7,149.89,Cash,4.5,1049.23
INV1000,2026-05-29,A,Jaipur,Member,Male,Bread,Bakery,7,46.87,Card,3.8,328.09
INV1001,2026-02-27,D,Bengaluru,Normal,Male,Tea,Beverages,5,100.67,UPI,4.5,503.35
INV1002,2026-06-30,D,Bengaluru,Member,Female,Cheese,Dairy,5,198.64,Net Banking,3.4,993.2
INV1003,2026-05-19,C,Mumbai,Member,Male,Chips,Snacks,4,39.1,Cash,3.7,156.4
INV1004,2026-04-27,B,Delhi,Normal,Female,Tomato,Vegetables,4,44.97,Cash,3.5,179.88
INV1005,2026-04-22,C,Mumbai,Member,Female,Face Wash,Personal Care,4,120.57,Cash,4.7,482.28
INV1006,2026-06-29,B,Delhi,Member,Female,Bananas,Fruits,8,64.62,UPI,4.6,516.96
INV1007,2026-05-21,D,Bengaluru,Member,Male,Cold Drink,Beverages,10,73.95,Cash,4.6,739.5
INV1008,2026-06-18,D,Bengaluru,Normal,Female,Noodles,Grocery,1,48.22,Cash,4.3,48.22
INV1009,2026-02-27,B,Delhi,Normal,Female,Tomato,Vegetables,1,48.6,Cash,4.7,48.6
INV1010,2026-02-03,A,Jaipur,Member,Male,Eggs,Dairy,8,82.08,Card,3.9,656.64
INV1011,2026-03-20,C,Mumbai,Normal,Male,Biscuits,Snacks,6,28.92,Card,4.3,173.52
INV1012,2026-03-10,B,Delhi,Normal,Male,Apples,Fruits,7,160.78,Cash,4.0,1125.46
INV1013,2026-01-08,B,Delhi,Normal,Female,Soap,Personal Care,1,49.14,UPI,3.9,49.14
INV1014,2026-05-09,D,Bengaluru,Member,Female,Chips,Snacks,9,29.67,UPI,4.5,267.03
INV1015,2026-01-17,B,Delhi,Normal,Female,Chips,Snacks,8,30.05,Net Banking,3.2,240.4
INV1016,2026-06-08,B,Delhi,Member,Male,Biscuits,Snacks,5,34.84,Card,3.8,174.2
INV1017,2026-05-15,C,Mumbai,Normal,Male,Soap,Personal Care,4,42.09,UPI,4.5,168.36
INV1018,2026-01-05,C,Mumbai,Member,Female,Potato,Vegetables,3,38.47,Cash,3.3,115.41
INV1019,2026-03-05,C,Mumbai,Member,Male,Eggs,Dairy,6,90.13,Card,4.5,540.78
INV1020,2026-04-14,C,Mumbai,Member,Female,Face Wash,Personal Care,1,117.98,UPI,3.6,117.98
INV1021,2026-02-18,B,Delhi,Member,Male,Tomato,Vegetables,2,47.62,Net Banking,4.3,95.24
INV1022,2026-06-18,C,Mumbai,Normal,Male,Cheese,Dairy,4,203.65,Cash,4.5,814.6
INV1023,2026-04-24,A,Jaipur,Normal,Male,Shampoo,Personal Care,7,210.89,Card,3.1,1476.23
INV1024,2026-01-02,C,Mumbai,Normal,Male,Chocolate,Snacks,4,47.28,Net Banking,3.6,189.12
INV1025,2026-05-24,B,Delhi,Normal,Female,Tea,Beverages,5,125.51,Net Banking,4.8,627.55
INV1026,2026-01-15,B,Delhi,Normal,Female,Cheese,Dairy,2,246.04,Card,3.3,492.08
INV1027,2026-06-02,B,Delhi,Member,Female,Face Wash,Personal Care,2,105.27,UPI,3.4,210.54
INV1028,2026-01-22,A,Jaipur,Member,Female,Cold Drink,Beverages,10,62.8,Cash,4.2,628.0
INV1029,2026-02-01,B,Delhi,Normal,Female,Rice,Grocery,4,64.73,Net Banking,3.2,258.92
INV1030,2026-05-02,C,Mumbai,Normal,Male,Cooking Oil,Grocery,1,150.65,Net Banking,4.3,150.65
INV1031,2026-01-12,D,Bengaluru,Normal,Male,Bananas,Fruits,7,66.19,Card,4.8,463.33
INV1032,2026-05-29,C,Mumbai,Member,Male,Cooking Oil,Grocery,2,172.94,Card,4.3,345.88
INV1033,2026-05-31,B,Delhi,Member,Male,Eggs,Dairy,8,101.78,Card,4.1,814.24
INV1034,2026-03-30,B,Delhi,Member,Female,Biscuits,Snacks,6,31.72,Net Banking,4.5,190.32
INV1035,2026-06-29,C,Mumbai,Normal,Female,Cold Drink,Beverages,2,75.74,UPI,3.2,151.48
INV1036,2026-02-13,B,Delhi,Member,Male,Chocolate,Snacks,3,56.12,UPI,3.3,168.36
INV1037,2026-01-03,B,Delhi,Normal,Female,Cheese,Dairy,5,240.02,Cash,4.2,1200.1
INV1038,2026-01-30,D,Bengaluru,Normal,Female,Noodles,Grocery,3,51.43,Card,3.3,154.29
INV1039,2026-04-21,C,Mumbai,Member,Female,Shampoo,Personal Care,9,205.35,Cash,4.5,1848.15
INV1040,2026-05-09,C,Mumbai,Normal,Male,Tea,Beverages,10,106.71,Net Banking,3.0,1067.1
INV1041,2026-04-14,C,Mumbai,Normal,Female,Cheese,Dairy,3,240.7,Net Banking,5.0,722.1
INV1042,2026-01-10,A,Jaipur,Member,Male,Eggs,Dairy,10,80.47,Net Banking,4.3,804.7
INV1043,2026-03-07,C,Mumbai,Member,Female,Noodles,Grocery,7,60.1,Cash,4.2,420.7
INV1044,2026-03-27,C,Mumbai,Normal,Male,Milk,Dairy,9,52.5,Card,4.1,472.5
INV1045,2026-01-14,A,Jaipur,Normal,Male,Cooking Oil,Grocery,10,169.2,Cash,3.1,1692.0
INV1046,2026-03-16,A,Jaipur,Normal,Male,Potato,Vegetables,5,38.06,Cash,3.7,190.3
INV1047,2026-04-11,A,Jaipur,Normal,Male,Potato,Vegetables,7,38.14,Net Banking,3.9,266.98
INV1048,2026-01-24,C,Mumbai,Normal,Male,Coffee,Beverages,4,159.36,Net Banking,4.4,637.44
INV1049,2026-02-23,A,Jaipur,Normal,Female,Coffee,Beverages,10,165.11,UPI,3.8,1651.1
INV1050,2026-06-23,D,Bengaluru,Normal,Male,Potato,Vegetables,5,37.42,Card,3.1,187.1
INV1051,2026-01-17,A,Jaipur,Normal,Female,Face Wash,Personal Care,9,115.19,Card,3.8,1036.71
INV1052,2026-01-03,D,Bengaluru,Normal,Female,Potato,Vegetables,4,36.14,Card,4.0,144.56
INV1053,2026-05-12,A,Jaipur,Member,Male,Eggs,Dairy,10,76.97,Cash,4.1,769.7
INV1054,2026-03-23,A,Jaipur,Normal,Female,Cold Drink,Beverages,8,55.34,Net Banking,4.4,442.72
INV1055,2026-04-20,A,Jaipur,Member,Female,Cooking Oil,Grocery,3,156.24,Net Banking,4.0,468.72
INV1056,2026-01-30,D,Bengaluru,Normal,Female,Chocolate,Snacks,8,44.19,UPI,3.7,353.52
INV1057,2026-01-19,C,Mumbai,Member,Male,Chips,Snacks,5,41.35,Cash,4.6,206.75
INV1058,2026-04-23,B,Delhi,Member,Female,Biscuits,Snacks,4,29.47,Card,3.2,117.88
INV1059,2026-04-23,A,Jaipur,Normal,Female,Cold Drink,Beverages,2,64.13,Cash,3.7,128.26
INV1060,2026-02-14,C,Mumbai,Member,Male,Milk,Dairy,9,57.17,Net Banking,4.9,514.53
INV1061,2026-02-16,D,Bengaluru,Member,Male,Noodles,Grocery,6,49.01,UPI,4.3,294.06
INV1062,2026-05-04,B,Delhi,Member,Female,Chips,Snacks,6,30.62,Cash,5.0,183.72
INV1063,2026-03-10,A,Jaipur,Member,Female,Coffee,Beverages,9,175.47,Net Banking,4.9,1579.23
INV1064,2026-04-17,B,Delhi,Normal,Female,Tomato,Vegetables,10,40.79,Cash,3.7,407.9
INV1065,2026-03-22,D,Bengaluru,Member,Female,Coffee,Beverages,6,153.12,Net Banking,3.5,918.72
INV1066,2026-06-19,D,Bengaluru,Normal,Female,Bananas,Fruits,3,68.47,Cash,4.9,205.41
INV1067,2026-04-03,A,Jaipur,Member,Male,Potato,Vegetables,10,39.29,Card,4.7,392.9
INV1068,2026-03-15,D,Bengaluru,Member,Male,Cooking Oil,Grocery,4,148.84,Cash,4.6,595.36
INV1069,2026-01-04,D,Bengaluru,Normal,Female,Coffee,Beverages,4,209.87,Cash,3.3,839.48
INV1070,2026-05-09,D,Bengaluru,Member,Female,Face Wash,Personal Care,7,102.8,Card,4.0,719.6
INV1071,2026-07-01,A,Jaipur,Normal,Female,Apples,Fruits,4,155.44,Cash,4.5,621.76
INV1072,2026-06-01,C,Mumbai,Normal,Female,Tea,Beverages,9,109.46,Net Banking,4.5,985.14
INV1073,2026-04-18,D,Bengaluru,Normal,Male,Potato,Vegetables,5,34.76,Net Banking,3.1,173.8
INV1074,2026-06-12,B,Delhi,Member,Male,Rice,Grocery,6,59.22,Net Banking,3.5,355.32
INV1075,2026-05-24,D,Bengaluru,Member,Female,Chocolate,Snacks,8,46.45,Net Banking,4.9,371.6
INV1076,2026-03-11,A,Jaipur,Normal,Female,Bananas,Fruits,10,65.06,Net Banking,4.7,650.6
INV1077,2026-03-25,B,Delhi,Normal,Male,Chips,Snacks,4,29.96,Card,3.1,119.84
INV1078,2026-06-27,C,Mumbai,Member,Male,Cold Drink,Beverages,9,68.42,Card,3.7,615.78
INV1079,2026-05-23,D,Bengaluru,Member,Male,Soap,Personal Care,7,43.92,Cash,3.2,307.44
INV1080,2026-05-23,C,Mumbai,Normal,Female,Eggs,Dairy,8,75.8,Net Banking,4.1,606.4
INV1081,2026-04-30,D,Bengaluru,Member,Female,Chocolate,Snacks,5,57.27,Cash,3.1,286.35
INV1082,2026-01-21,C,Mumbai,Normal,Female,Cheese,Dairy,9,204.01,Net Banking,4.0,1836.09
INV1083,2026-06-14,C,Mumbai,Member,Male,Shampoo,Personal Care,3,165.81,Cash,4.5,497.43
INV1084,2026-03-26,A,Jaipur,Normal,Female,Bananas,Fruits,3,61.17,Card,3.6,183.51
INV1085,2026-06-10,B,Delhi,Member,Male,Face Wash,Personal Care,9,125.45,Net Banking,3.4,1129.05
INV1086,2026-03-12,D,Bengaluru,Member,Male,Bread,Bakery,4,35.3,Card,3.8,141.2
INV1087,2026-03-02,B,Delhi,Member,Female,Cold Drink,Beverages,1,69.89,Cash,4.0,69.89
INV1088,2026-06-16,C,Mumbai,Member,Male,Bananas,Fruits,10,54.4,Card,4.1,544.0
INV1089,2026-04-08,C,Mumbai,Normal,Male,Soap,Personal Care,1,48.67,Card,4.2,48.67
INV1090,2026-01-22,B,Delhi,Member,Female,Rice,Grocery,5,69.81,Card,3.3,349.05
INV1091,2026-05-24,C,Mumbai,Normal,Female,Shampoo,Personal Care,2,203.85,UPI,3.2,407.7
INV1092,2026-03-29,B,Delhi,Normal,Male,Apples,Fruits,7,137.43,Cash,4.1,962.01
INV1093,2026-05-18,B,Delhi,Normal,Female,Bread,Bakery,6,44.35,Cash,4.6,266.1
INV1094,2026-02-01,C,Mumbai,Member,Male,Rice,Grocery,3,81.68,Net Banking,4.6,245.04
INV1095,2026-03-09,C,Mumbai,Normal,Male,Shampoo,Personal Care,4,165.94,Net Banking,4.1,663.76
INV1096,2026-03-20,A,Jaipur,Normal,Female,Cold Drink,Beverages,6,71.58,Net Banking,3.0,429.48
INV1097,2026-01-28,C,Mumbai,Normal,Male,Cold Drink,Beverages,9,74.41,Card,4.1,669.69
INV1098,2026-05-11,D,Bengaluru,Normal,Male,Coffee,Beverages,2,199.59,Cash,3.1,399.18
INV1099,2026-01-06,B,Delhi,Normal,Male,Cold Drink,Beverages,1,75.09,Card,3.8,75.09
INV1100,2026-06-27,B,Delhi,Member,Male,Bananas,Fruits,7,57.3,Cash,4.6,401.1
INV1101,2026-01-12,D,Bengaluru,Member,Female,Coffee,Beverages,5,157.42,Card,4.9,787.1
INV1102,2026-02-10,B,Delhi,Member,Male,Biscuits,Snacks,8,30.34,Net Banking,3.7,242.72
INV1103,2026-05-17,A,Jaipur,Member,Female,Face Wash,Personal Care,5,124.19,Card,3.6,620.95
INV1104,2026-03-01,D,Bengaluru,Member,Male,Cheese,Dairy,8,214.36,UPI,4.0,1714.88
INV1105,2026-05-11,A,Jaipur,Member,Female,Eggs,Dairy,2,94.11,Net Banking,3.6,188.22
INV1106,2026-06-10,D,Bengaluru,Normal,Female,Biscuits,Snacks,2,28.67,UPI,3.3,57.34
INV1107,2026-04-11,D,Bengaluru,Normal,Male,Potato,Vegetables,7,36.26,UPI,3.4,253.82
INV1108,2026-04-20,A,Jaipur,Normal,Male,Cold Drink,Beverages,5,71.02,Net Banking,3.9,355.1
INV1109,2026-02-15,B,Delhi,Member,Female,Coffee,Beverages,9,156.8,UPI,4.6,1411.2
INV1110,2026-04-29,A,Jaipur,Normal,Male,Milk,Dairy,1,51.82,UPI,3.8,51.82
INV1111,2026-04-12,C,Mumbai,Normal,Male,Eggs,Dairy,2,78.53,Cash,3.3,157.06
INV1112,2026-03-10,B,Delhi,Member,Female,Tea,Beverages,7,141.62,Card,3.3,991.34
INV1113,2026-05-28,C,Mumbai,Member,Male,Cheese,Dairy,1,226.84,UPI,3.1,226.84
INV1114,2026-01-09,A,Jaipur,Member,Female,Biscuits,Snacks,5,34.15,Card,4.9,170.75
INV1115,2026-03-01,A,Jaipur,Member,Female,Chips,Snacks,2,39.32,UPI,3.2,78.64
INV1116,2026-04-18,D,Bengaluru,Member,Male,Noodles,Grocery,2,51.75,Net Banking,4.6,103.5
INV1117,2026-05-11,B,Delhi,Normal,Male,Tomato,Vegetables,8,42.8,Net Banking,4.0,342.4
INV1118,2026-06-05,A,Jaipur,Normal,Male,Rice,Grocery,10,79.31,Cash,3.5,793.1
INV1119,2026-06-29,A,Jaipur,Member,Female,Chips,Snacks,1,39.41,Net Banking,3.5,39.41
INV1120,2026-02-27,A,Jaipur,Member,Male,Chips,Snacks,3,40.39,Cash,3.9,121.17
INV1121,2026-05-30,A,Jaipur,Member,Female,Milk,Dairy,7,57.47,Net Banking,4.2,402.29
INV1122,2026-05-05,B,Delhi,Member,Male,Soap,Personal Care,3,49.15,Card,3.1,147.45
INV1123,2026-06-05,D,Bengaluru,Member,Female,Cheese,Dairy,2,235.71,UPI,3.6,471.42
INV1124,2026-05-04,D,Bengaluru,Normal,Male,Tea,Beverages,6,128.91,UPI,4.7,773.46
INV1125,2026-03-08,C,Mumbai,Normal,Male,Rice,Grocery,7,82.0,Cash,3.6,574.0
INV1126,2026-05-23,C,Mumbai,Member,Female,Milk,Dairy,9,59.01,Net Banking,3.4,531.09
INV1127,2026-06-30,C,Mumbai,Member,Male,Potato,Vegetables,3,31.68,Card,4.5,95.04
INV1128,2026-02-08,C,Mumbai,Member,Female,Cooking Oil,Grocery,4,158.93,Card,4.7,635.72
INV1129,2026-05-14,D,Bengaluru,Member,Male,Coffee,Beverages,2,201.79,Net Banking,4.3,403.58
INV1130,2026-04-08,C,Mumbai,Normal,Male,Soap,Personal Care,7,48.07,UPI,3.3,336.49
INV1131,2026-03-13,C,Mumbai,Member,Male,Bananas,Fruits,6,58.8,Net Banking,3.5,352.8
INV1132,2026-03-19,C,Mumbai,Member,Female,Cold Drink,Beverages,3,57.1,UPI,5.0,171.3
INV1133,2026-03-29,D,Bengaluru,Member,Male,Potato,Vegetables,1,34.85,Net Banking,3.1,34.85
INV1134,2026-06-25,A,Jaipur,Normal,Male,Bananas,Fruits,6,50.39,UPI,3.6,302.34
INV1135,2026-01-19,A,Jaipur,Normal,Male,Milk,Dairy,3,59.27,Cash,4.7,177.81
INV1136,2026-03-04,D,Bengaluru,Member,Male,Chocolate,Snacks,4,55.89,Card,5.0,223.56
INV1137,2026-01-19,A,Jaipur,Member,Female,Bread,Bakery,7,41.11,Net Banking,4.1,287.77
INV1138,2026-03-02,C,Mumbai,Normal,Male,Tomato,Vegetables,8,51.46,UPI,4.4,411.68
INV1139,2026-03-05,A,Jaipur,Member,Female,Chocolate,Snacks,1,42.75,UPI,3.5,42.75
INV1140,2026-02-22,D,Bengaluru,Normal,Male,Potato,Vegetables,4,35.89,UPI,3.6,143.56
INV1141,2026-03-09,C,Mumbai,Member,Female,Bread,Bakery,9,37.38,Cash,3.1,336.42
INV1142,2026-04-20,C,Mumbai,Normal,Female,Potato,Vegetables,2,39.58,UPI,4.3,79.16
INV1143,2026-01-16,D,Bengaluru,Normal,Male,Soap,Personal Care,8,42.79,Card,3.4,342.32
INV1144,2026-01-12,D,Bengaluru,Member,Female,Eggs,Dairy,1,81.71,Cash,3.6,81.71
INV1145,2026-05-29,C,Mumbai,Member,Male,Potato,Vegetables,2,36.08,UPI,4.1,72.16
INV1146,2026-06-21,B,Delhi,Normal,Male,Noodles,Grocery,4,46.86,Card,3.4,187.44
INV1147,2026-03-09,B,Delhi,Member,Female,Bread,Bakery,9,34.78,UPI,4.8,313.02
INV1148,2026-03-06,B,Delhi,Member,Female,Face Wash,Personal Care,2,135.99,Card,4.8,271.98
INV1149,2026-03-17,C,Mumbai,Member,Female,Chips,Snacks,7,29.46,Card,3.9,206.22
INV1150,2026-02-21,C,Mumbai,Member,Male,Noodles,Grocery,9,63.39,UPI,3.7,570.51
INV1151,2026-02-07,B,Delhi,Normal,Female,Eggs,Dairy,8,87.25,Card,4.9,698.0
INV1152,2026-04-02,C,Mumbai,Normal,Female,Tea,Beverages,3,125.08,Net Banking,3.5,375.24
INV1153,2026-03-08,B,Delhi,Normal,Male,Bananas,Fruits,6,51.93,UPI,4.6,311.58
INV1154,2026-04-01,C,Mumbai,Member,Male,Potato,Vegetables,2,36.91,Net Banking,3.5,73.82
INV1155,2026-06-15,B,Delhi,Member,Female,Potato,Vegetables,1,37.99,Card,3.5,37.99
INV1156,2026-03-02,D,Bengaluru,Member,Male,Chips,Snacks,9,30.03,Cash,3.0,270.27
INV1157,2026-05-04,B,Delhi,Member,Female,Cold Drink,Beverages,10,65.02,Cash,4.8,650.2
INV1158,2026-04-09,D,Bengaluru,Normal,Male,Bananas,Fruits,9,59.25,Card,3.7,533.25
INV1159,2026-03-25,D,Bengaluru,Member,Female,Milk,Dairy,3,49.44,Net Banking,3.9,148.32
INV1160,2026-04-23,C,Mumbai,Normal,Female,Cooking Oil,Grocery,6,135.42,UPI,4.7,812.52
INV1161,2026-03-31,A,Jaipur,Member,Female,Eggs,Dairy,4,81.15,Cash,3.2,324.6
INV1162,2026-03-03,C,Mumbai,Normal,Female,Shampoo,Personal Care,5,179.03,Net Banking,4.1,895.15
INV1163,2026-01-09,C,Mumbai,Member,Female,Face Wash,Personal Care,6,116.87,Cash,4.9,701.22
INV1164,2026-03-29,D,Bengaluru,Normal,Male,Biscuits,Snacks,1,33.38,Cash,4.2,33.38
INV1165,2026-02-08,B,Delhi,Member,Female,Apples,Fruits,7,143.29,Card,4.1,1003.03
INV1166,2026-05-07,B,Delhi,Normal,Female,Bread,Bakery,3,40.18,UPI,3.9,120.54
INV1167,2026-01-19,B,Delhi,Member,Female,Cold Drink,Beverages,1,60.46,Net Banking,3.8,60.46
INV1168,2026-04-19,B,Delhi,Member,Female,Tea,Beverages,8,117.38,Net Banking,4.3,939.04
INV1169,2026-04-13,C,Mumbai,Member,Male,Chips,Snacks,1,36.7,UPI,4.6,36.7
INV1170,2026-04-01,D,Bengaluru,Member,Female,Bananas,Fruits,5,68.96,Net Banking,3.0,344.8
INV1171,2026-03-25,D,Bengaluru,Normal,Female,Shampoo,Personal Care,7,149.5,Cash,3.1,1046.5
INV1172,2026-06-10,C,Mumbai,Normal,Male,Face Wash,Personal Care,2,128.61,UPI,4.3,257.22
INV1173,2026-06-05,B,Delhi,Normal,Male,Rice,Grocery,2,69.12,Cash,3.2,138.24
INV1174,2026-05-02,C,Mumbai,Member,Female,Chips,Snacks,1,35.98,Cash,3.1,35.98
INV1175,2026-01-29,C,Mumbai,Member,Female,Cheese,Dairy,9,208.65,Cash,4.9,1877.85
INV1176,2026-01-10,B,Delhi,Member,Male,Soap,Personal Care,2,48.2,UPI,4.8,96.4
INV1177,2026-05-01,B,Delhi,Member,Female,Bread,Bakery,3,40.3,Net Banking,4.8,120.9
INV1178,2026-06-04,C,Mumbai,Normal,Female,Coffee,Beverages,3,161.2,Cash,4.4,483.6
INV1179,2026-04-04,C,Mumbai,Normal,Female,Shampoo,Personal Care,6,196.86,UPI,4.7,1181.16
INV1180,2026-01-12,C,Mumbai,Normal,Male,Soap,Personal Care,1,39.62,UPI,4.4,39.62
INV1181,2026-04-11,B,Delhi,Normal,Male,Coffee,Beverages,1,169.95,Card,3.2,169.95
INV1182,2026-06-02,C,Mumbai,Normal,Female,Chocolate,Snacks,1,43.73,Card,3.4,43.73
INV1183,2026-01-21,C,Mumbai,Member,Male,Soap,Personal Care,9,49.01,Card,3.1,441.09
INV1184,2026-06-22,D,Bengaluru,Normal,Male,Bread,Bakery,2,43.01,Net Banking,3.8,86.02
INV1185,2026-01-30,D,Bengaluru,Normal,Male,Eggs,Dairy,5,82.68,Net Banking,4.7,413.4
INV1186,2026-06-05,A,Jaipur,Normal,Female,Chocolate,Snacks,2,49.5,Net Banking,3.8,99.0
INV1187,2026-04-14,A,Jaipur,Normal,Male,Cooking Oil,Grocery,9,155.04,Net Banking,3.9,1395.36
INV1188,2026-04-28,D,Bengaluru,Member,Male,Biscuits,Snacks,10,34.14,Cash,3.7,341.4
INV1189,2026-02-03,B,Delhi,Member,Male,Bread,Bakery,1,43.2,UPI,4.1,43.2
INV1190,2026-06-14,D,Bengaluru,Member,Female,Coffee,Beverages,5,161.98,UPI,4.3,809.9
INV1191,2026-01-19,A,Jaipur,Normal,Male,Potato,Vegetables,1,39.73,Card,4.9,39.73
INV1192,2026-06-20,D,Bengaluru,Normal,Female,Biscuits,Snacks,2,25.17,UPI,4.3,50.34
INV1193,2026-03-05,C,Mumbai,Normal,Male,Rice,Grocery,1,67.43,Net Banking,3.2,67.43
INV1194,2026-03-06,D,Bengaluru,Member,Female,Cooking Oil,Grocery,2,156.43,UPI,4.7,312.86
INV1195,2026-03-10,D,Bengaluru,Member,Male,Biscuits,Snacks,1,26.0,Cash,3.3,26.0
INV1196,2026-03-16,C,Mumbai,Member,Male,Chips,Snacks,8,31.99,Cash,4.0,255.92
INV1197,2026-04-17,B,Delhi,Normal,Female,Tomato,Vegetables,10,40.03,Card,3.1,400.3
INV1198,2026-01-06,D,Bengaluru,Member,Female,Noodles,Grocery,10,53.19,Net Banking,3.8,531.9
INV1199,2026-05-02,C,Mumbai,Member,Male,Soap,Personal Care,5,49.44,UPI,3.6,247.2
INV1200,2026-02-04,D,Bengaluru,Member,Female,Biscuits,Snacks,10,26.11,Card,3.7,261.1
INV1201,2026-04-23,B,Delhi,Normal,Male,Tomato,Vegetables,4,51.71,UPI,5.0,206.84
INV1202,2026-01-22,D,Bengaluru,Normal,Female,Rice,Grocery,4,60.27,Card,3.1,241.08
INV1203,2026-05-21,D,Bengaluru,Member,Male,Cold Drink,Beverages,5,66.61,Card,4.0,333.05
INV1204,2026-03-28,C,Mumbai,Member,Female,Cooking Oil,Grocery,6,153.06,Cash,3.5,918.36
INV1205,2026-04-19,B,Delhi,Member,Male,Tomato,Vegetables,10,44.76,Cash,4.7,447.6
INV1206,2026-05-07,A,Jaipur,Member,Male,Rice,Grocery,1,62.83,Cash,4.0,62.83
INV1207,2026-05-09,A,Jaipur,Normal,Female,Eggs,Dairy,7,82.54,Card,4.1,577.78
INV1208,2026-05-21,C,Mumbai,Normal,Female,Milk,Dairy,8,56.83,Cash,5.0,454.64
INV1209,2026-01-17,C,Mumbai,Member,Male,Tea,Beverages,4,126.55,Cash,3.8,506.2
INV1210,2026-06-01,A,Jaipur,Member,Male,Chocolate,Snacks,2,54.63,Net Banking,4.2,109.26
INV1211,2026-01-08,C,Mumbai,Member,Male,Bread,Bakery,5,41.99,UPI,4.5,209.95
INV1212,2026-04-28,D,Bengaluru,Member,Female,Chips,Snacks,1,29.64,UPI,4.4,29.64
INV1213,2026-02-23,D,Bengaluru,Member,Male,Rice,Grocery,5,63.63,Net Banking,4.2,318.15
INV1214,2026-05-19,C,Mumbai,Normal,Female,Rice,Grocery,6,70.98,Net Banking,3.3,425.88
INV1215,2026-01-20,C,Mumbai,Normal,Female,Face Wash,Personal Care,5,123.05,Cash,4.6,615.25
INV1216,2026-01-17,C,Mumbai,Normal,Female,Bread,Bakery,10,39.79,Cash,4.9,397.9
INV1217,2026-02-21,D,Bengaluru,Member,Female,Tea,Beverages,10,140.31,UPI,5.0,1403.1
INV1218,2026-04-12,D,Bengaluru,Member,Female,Bread,Bakery,7,45.44,Net Banking,3.8,318.08
INV1219,2026-06-04,C,Mumbai,Normal,Female,Cheese,Dairy,8,223.99,Net Banking,3.9,1791.92
INV1220,2026-06-28,C,Mumbai,Member,Female,Noodles,Grocery,9,55.6,Cash,3.7,500.4
INV1221,2026-06-24,C,Mumbai,Normal,Female,Chips,Snacks,2,40.26,UPI,3.9,80.52
INV1222,2026-06-12,A,Jaipur,Member,Male,Tomato,Vegetables,4,49.79,Card,4.6,199.16
INV1223,2026-06-22,D,Bengaluru,Normal,Male,Bananas,Fruits,9,53.86,Net Banking,3.1,484.74
INV1224,2026-03-13,C,Mumbai,Normal,Female,Chips,Snacks,1,34.6,UPI,3.6,34.6
INV1225,2026-03-10,B,Delhi,Member,Male,Rice,Grocery,6,59.65,UPI,3.5,357.9
INV1226,2026-01-22,C,Mumbai,Member,Female,Shampoo,Personal Care,7,182.08,UPI,3.0,1274.56
INV1227,2026-02-11,A,Jaipur,Member,Female,Tomato,Vegetables,3,48.59,Net Banking,4.4,145.77
INV1228,2026-06-18,C,Mumbai,Normal,Female,Milk,Dairy,5,57.83,Card,3.7,289.15
INV1229,2026-02-16,D,Bengaluru,Normal,Female,Soap,Personal Care,8,41.81,Cash,4.1,334.48
INV1230,2026-04-23,A,Jaipur,Member,Female,Shampoo,Personal Care,2,212.86,Card,4.4,425.72
INV1231,2026-02-05,B,Delhi,Normal,Female,Tea,Beverages,7,103.68,UPI,3.1,725.76
INV1232,2026-05-21,D,Bengaluru,Normal,Female,Potato,Vegetables,1,39.07,Net Banking,3.1,39.07
INV1233,2026-05-07,A,Jaipur,Normal,Female,Eggs,Dairy,5,95.67,Net Banking,4.6,478.35
INV1234,2026-04-14,B,Delhi,Member,Female,Chocolate,Snacks,3,57.31,Card,4.2,171.93
INV1235,2026-05-08,C,Mumbai,Normal,Male,Coffee,Beverages,2,176.42,Card,3.2,352.84
INV1236,2026-03-13,C,Mumbai,Member,Male,Face Wash,Personal Care,6,128.65,Net Banking,3.6,771.9
INV1237,2026-03-24,B,Delhi,Member,Male,Tea,Beverages,2,104.59,Card,3.0,209.18
INV1238,2026-04-29,D,Bengaluru,Normal,Male,Bread,Bakery,2,40.59,Cash,3.2,81.18
INV1239,2026-01-13,A,Jaipur,Normal,Female,Milk,Dairy,6,61.85,Cash,3.1,371.1
INV1240,2026-05-16,A,Jaipur,Member,Female,Noodles,Grocery,2,58.63,Cash,3.6,117.26
INV1241,2026-01-27,D,Bengaluru,Normal,Female,Noodles,Grocery,8,51.33,UPI,3.8,410.64
INV1242,2026-03-06,D,Bengaluru,Normal,Male,Soap,Personal Care,7,37.7,Card,4.0,263.9
INV1243,2026-05-27,C,Mumbai,Member,Male,Noodles,Grocery,5,56.33,Net Banking,3.1,281.65
INV1244,2026-01-31,D,Bengaluru,Member,Male,Shampoo,Personal Care,9,172.3,UPI,4.5,1550.7
INV1245,2026-03-15,A,Jaipur,Normal,Male,Eggs,Dairy,7,99.34,Net Banking,4.7,695.38
INV1246,2026-05-28,C,Mumbai,Normal,Male,Chocolate,Snacks,8,51.98,Card,4.1,415.84
INV1247,2026-02-22,C,Mumbai,Member,Female,Cheese,Dairy,2,236.2,Card,4.4,472.4
INV1248,2026-01-04,C,Mumbai,Normal,Female,Rice,Grocery,6,77.49,UPI,4.1,464.94
INV1249,2026-01-12,D,Bengaluru,Member,Female,Chips,Snacks,7,30.93,UPI,4.4,216.51
INV1250,2026-04-08,D,Bengaluru,Member,Male,Apples,Fruits,2,141.59,Cash,3.3,283.18
INV1251,2026-03-20,D,Bengaluru,Member,Female,Biscuits,Snacks,9,32.4,UPI,4.5,291.6
INV1252,2026-06-03,B,Delhi,Member,Male,Tea,Beverages,1,104.23,Cash,4.0,104.23
INV1253,2026-03-28,B,Delhi,Member,Female,Face Wash,Personal Care,6,129.77,UPI,4.4,778.62
INV1254,2026-03-10,A,Jaipur,Normal,Male,Apples,Fruits,8,145.82,Cash,3.0,1166.56
INV1255,2026-05-27,D,Bengaluru,Normal,Female,Eggs,Dairy,9,100.75,Card,3.7,906.75
INV1256,2026-04-10,D,Bengaluru,Member,Male,Tea,Beverages,2,123.94,Net Banking,3.6,247.88
INV1257,2026-06-26,C,Mumbai,Member,Female,Cheese,Dairy,3,253.31,Card,3.9,759.93
INV1258,2026-06-14,A,Jaipur,Member,Male,Potato,Vegetables,8,33.64,Cash,4.9,269.12
INV1259,2026-06-10,A,Jaipur,Member,Female,Bread,Bakery,7,34.8,Card,4.0,243.6
INV1260,2026-05-18,D,Bengaluru,Member,Female,Potato,Vegetables,9,40.21,UPI,4.4,361.89
INV1261,2026-01-13,B,Delhi,Member,Female,Milk,Dairy,5,48.35,UPI,4.4,241.75
INV1262,2026-01-17,B,Delhi,Normal,Male,Noodles,Grocery,8,49.19,Net Banking,4.5,393.52
INV1263,2026-01-21,D,Bengaluru,Member,Male,Rice,Grocery,9,74.41,Net Banking,3.6,669.69
INV1264,2026-02-11,D,Bengaluru,Member,Female,Cheese,Dairy,3,220.41,Card,4.3,661.23
INV1265,2026-01-28,A,Jaipur,Normal,Female,Cold Drink,Beverages,6,56.54,Net Banking,4.9,339.24
INV1266,2026-05-26,A,Jaipur,Normal,Female,Shampoo,Personal Care,3,204.86,UPI,3.9,614.58
INV1267,2026-05-04,A,Jaipur,Member,Male,Face Wash,Personal Care,3,126.5,UPI,3.7,379.5
INV1268,2026-04-10,A,Jaipur,Member,Male,Noodles,Grocery,2,62.38,UPI,4.1,124.76
INV1269,2026-02-23,C,Mumbai,Member,Female,Eggs,Dairy,9,98.3,Cash,4.3,884.7
INV1270,2026-03-28,B,Delhi,Member,Female,Apples,Fruits,1,160.33,Cash,4.6,160.33
INV1271,2026-01-08,A,Jaipur,Member,Male,Face Wash,Personal Care,2,125.42,Card,3.8,250.84
INV1272,2026-03-11,D,Bengaluru,Member,Male,Cold Drink,Beverages,2,69.15,Cash,4.5,138.3
INV1273,2026-02-23,D,Bengaluru,Normal,Male,Cheese,Dairy,5,233.32,Net Banking,4.4,1166.6
INV1274,2026-01-13,B,Delhi,Member,Female,Potato,Vegetables,4,31.52,UPI,3.2,126.08
INV1275,2026-02-22,D,Bengaluru,Member,Male,Soap,Personal Care,6,38.28,Card,4.6,229.68
INV1276,2026-01-13,B,Delhi,Normal,Male,Shampoo,Personal Care,5,166.52,Cash,4.4,832.6
INV1277,2026-03-22,A,Jaipur,Member,Female,Noodles,Grocery,8,53.02,Card,4.7,424.16
INV1278,2026-05-11,A,Jaipur,Normal,Male,Cooking Oil,Grocery,10,131.06,Card,3.1,1310.6
INV1279,2026-04-26,C,Mumbai,Normal,Male,Bread,Bakery,1,38.9,Net Banking,4.8,38.9
INV1280,2026-03-31,B,Delhi,Normal,Female,Coffee,Beverages,9,152.23,Net Banking,4.9,1370.07
INV1281,2026-01-16,C,Mumbai,Member,Male,Milk,Dairy,4,58.69,Net Banking,3.9,234.76
INV1282,2026-01-27,D,Bengaluru,Normal,Female,Apples,Fruits,8,155.09,Card,3.3,1240.72
INV1283,2026-06-11,B,Delhi,Normal,Female,Cold Drink,Beverages,10,67.39,Card,4.5,673.9
INV1284,2026-06-02,D,Bengaluru,Member,Female,Biscuits,Snacks,7,26.79,Net Banking,3.0,187.53
INV1285,2026-02-26,D,Bengaluru,Normal,Female,Noodles,Grocery,10,60.7,Cash,3.4,607.0
INV1286,2026-05-15,D,Bengaluru,Normal,Male,Cooking Oil,Grocery,5,144.1,UPI,4.3,720.5
INV1287,2026-03-16,B,Delhi,Normal,Female,Biscuits,Snacks,3,34.03,Net Banking,3.0,102.09
INV1288,2026-02-14,C,Mumbai,Member,Male,Cold Drink,Beverages,7,73.26,Cash,4.6,512.82
INV1289,2026-06-06,A,Jaipur,Normal,Male,Face Wash,Personal Care,4,116.92,Card,4.8,467.68
INV1290,2026-03-20,C,Mumbai,Normal,Male,Milk,Dairy,2,50.06,Card,4.2,100.12
INV1291,2026-04-14,B,Delhi,Member,Male,Cooking Oil,Grocery,10,127.65,Cash,4.2,1276.5
INV1292,2026-06-27,D,Bengaluru,Normal,Female,Chips,Snacks,5,40.86,Cash,4.1,204.3
INV1293,2026-02-28,D,Bengaluru,Member,Male,Bananas,Fruits,6,62.76,Card,3.7,376.56
INV1294,2026-01-26,A,Jaipur,Normal,Male,Cooking Oil,Grocery,7,162.75,Card,3.3,1139.25
INV1295,2026-06-30,A,Jaipur,Member,Male,Shampoo,Personal Care,3,203.67,Card,3.3,611.01
INV1296,2026-06-05,B,Delhi,Member,Female,Shampoo,Personal Care,4,183.16,Card,3.8,732.64
INV1297,2026-02-21,C,Mumbai,Normal,Male,Cooking Oil,Grocery,1,158.39,Net Banking,3.7,158.39
INV1298,2026-02-16,A,Jaipur,Normal,Male,Bananas,Fruits,6,56.6,Card,3.9,339.6
INV1299,2026-04-24,A,Jaipur,Member,Male,Chips,Snacks,2,29.9,Card,4.4,59.8
INV1300,2026-02-23,C,Mumbai,Normal,Male,Potato,Vegetables,4,29.24,Cash,3.5,116.96
INV1301,2026-01-15,D,Bengaluru,Member,Female,Biscuits,Snacks,6,29.22,Cash,4.1,175.32
INV1302,2026-05-14,D,Bengaluru,Normal,Female,Biscuits,Snacks,10,28.58,Cash,4.4,285.8
INV1303,2026-03-19,D,Bengaluru,Normal,Female,Tomato,Vegetables,6,42.19,Card,4.5,253.14
INV1304,2026-04-03,C,Mumbai,Member,Female,Biscuits,Snacks,3,30.58,Cash,3.3,91.74
INV1305,2026-03-16,D,Bengaluru,Normal,Female,Tomato,Vegetables,1,45.39,Card,3.3,45.39
INV1306,2026-03-09,A,Jaipur,Normal,Male,Bread,Bakery,6,44.44,Card,3.2,266.64
INV1307,2026-03-31,B,Delhi,Normal,Female,Bananas,Fruits,8,68.91,Cash,4.4,551.28
INV1308,2026-01-19,A,Jaipur,Normal,Female,Potato,Vegetables,5,35.36,UPI,3.9,176.8
INV1309,2026-06-03,A,Jaipur,Member,Male,Bread,Bakery,6,35.65,Net Banking,4.2,213.9
INV1310,2026-05-05,A,Jaipur,Member,Female,Bananas,Fruits,3,50.13,Net Banking,4.5,150.39
INV1311,2026-06-11,C,Mumbai,Member,Male,Noodles,Grocery,5,64.03,UPI,4.9,320.15
INV1312,2026-04-06,D,Bengaluru,Member,Female,Chips,Snacks,10,38.56,UPI,4.0,385.6
INV1313,2026-03-22,C,Mumbai,Normal,Male,Bananas,Fruits,1,56.05,Card,3.9,56.05
INV1314,2026-04-03,C,Mumbai,Member,Male,Cheese,Dairy,8,196.58,Cash,4.5,1572.64
INV1315,2026-02-05,D,Bengaluru,Member,Female,Tea,Beverages,9,121.12,Net Banking,4.7,1090.08
INV1316,2026-06-19,C,Mumbai,Member,Male,Coffee,Beverages,10,173.8,Net Banking,4.6,1738.0
INV1317,2026-06-25,D,Bengaluru,Normal,Female,Milk,Dairy,2,51.86,UPI,4.0,103.72
INV1318,2026-04-03,A,Jaipur,Normal,Female,Biscuits,Snacks,5,25.89,Cash,3.5,129.45
INV1319,2026-07-01,D,Bengaluru,Member,Female,Bananas,Fruits,10,59.48,Net Banking,4.8,594.8
INV1320,2026-06-09,B,Delhi,Normal,Female,Coffee,Beverages,2,176.34,Net Banking,5.0,352.68
INV1321,2026-05-28,A,Jaipur,Normal,Male,Rice,Grocery,7,70.48,Card,3.7,493.36
INV1322,2026-04-13,D,Bengaluru,Member,Male,Cooking Oil,Grocery,3,164.26,Card,3.1,492.78
INV1323,2026-04-26,C,Mumbai,Member,Male,Noodles,Grocery,1,56.88,Card,4.6,56.88
INV1324,2026-03-09,D,Bengaluru,Member,Male,Biscuits,Snacks,5,28.91,Net Banking,3.7,144.55
INV1325,2026-04-19,C,Mumbai,Normal,Male,Potato,Vegetables,1,39.23,Net Banking,3.4,39.23
INV1326,2026-02-10,B,Delhi,Member,Female,Bananas,Fruits,7,69.37,Card,4.0,485.59
INV1327,2026-01-22,A,Jaipur,Normal,Male,Eggs,Dairy,10,76.26,Card,4.9,762.6
INV1328,2026-05-19,C,Mumbai,Normal,Male,Eggs,Dairy,9,98.75,Cash,4.9,888.75
INV1329,2026-01-26,C,Mumbai,Member,Male,Cold Drink,Beverages,5,67.12,Net Banking,4.0,335.6
INV1330,2026-03-12,C,Mumbai,Normal,Male,Apples,Fruits,7,158.35,Net Banking,4.8,1108.45
INV1331,2026-05-12,C,Mumbai,Normal,Male,Tomato,Vegetables,5,51.05,UPI,3.8,255.25
INV1332,2026-04-26,C,Mumbai,Member,Female,Chips,Snacks,4,39.37,Card,4.0,157.48
INV1333,2026-05-27,D,Bengaluru,Normal,Male,Coffee,Beverages,8,164.32,Card,3.4,1314.56
INV1334,2026-05-02,B,Delhi,Normal,Female,Rice,Grocery,9,72.43,Card,3.7,651.87
INV1335,2026-04-21,C,Mumbai,Normal,Female,Bread,Bakery,5,46.54,Net Banking,3.9,232.7
INV1336,2026-06-13,D,Bengaluru,Normal,Male,Rice,Grocery,8,77.65,Cash,3.1,621.2
INV1337,2026-01-04,C,Mumbai,Normal,Female,Cooking Oil,Grocery,8,161.06,Net Banking,3.7,1288.48
INV1338,2026-06-30,D,Bengaluru,Normal,Male,Tomato,Vegetables,9,40.28,UPI,3.9,362.52
INV1339,2026-04-05,D,Bengaluru,Member,Male,Cheese,Dairy,7,205.71,UPI,4.9,1439.97
INV1340,2026-02-23,A,Jaipur,Member,Male,Rice,Grocery,9,61.22,Cash,3.0,550.98
INV1341,2026-05-15,B,Delhi,Member,Male,Biscuits,Snacks,9,28.66,Card,4.9,257.94
INV1342,2026-01-03,A,Jaipur,Member,Male,Eggs,Dairy,5,80.73,UPI,3.6,403.65
INV1343,2026-03-17,C,Mumbai,Normal,Male,Shampoo,Personal Care,6,205.95,Net Banking,4.5,1235.7
INV1344,2026-05-21,B,Delhi,Member,Female,Eggs,Dairy,4,81.3,UPI,4.5,325.2
INV1345,2026-04-11,B,Delhi,Member,Male,Coffee,Beverages,2,177.88,UPI,4.8,355.76
INV1346,2026-05-06,C,Mumbai,Member,Female,Chocolate,Snacks,3,54.24,Cash,3.4,162.72
INV1347,2026-01-16,A,Jaipur,Member,Female,Apples,Fruits,6,133.78,Cash,3.8,802.68
INV1348,2026-01-16,D,Bengaluru,Member,Male,Shampoo,Personal Care,5,197.71,Net Banking,4.1,988.55
INV1349,2026-06-11,B,Delhi,Member,Female,Bananas,Fruits,10,51.41,Card,4.4,514.1
INV1350,2026-01-10,A,Jaipur,Member,Female,Potato,Vegetables,9,38.43,Cash,3.5,345.87
INV1351,2026-06-29,B,Delhi,Member,Female,Shampoo,Personal Care,1,180.25,Cash,4.2,180.25
INV1352,2026-03-06,B,Delhi,Member,Female,Bananas,Fruits,5,62.51,Card,4.1,312.55
INV1353,2026-05-07,B,Delhi,Member,Male,Tea,Beverages,3,130.06,UPI,3.7,390.18
INV1354,2026-06-16,D,Bengaluru,Member,Male,Chocolate,Snacks,8,56.29,Net Banking,3.4,450.32
INV1355,2026-05-02,C,Mumbai,Normal,Female,Cooking Oil,Grocery,1,148.84,Net Banking,3.2,148.84
INV1356,2026-06-18,A,Jaipur,Member,Male,Cooking Oil,Grocery,9,162.93,UPI,3.5,1466.37
INV1357,2026-02-21,B,Delhi,Normal,Male,Face Wash,Personal Care,6,108.7,Card,3.7,652.2
INV1358,2026-03-17,C,Mumbai,Member,Female,Shampoo,Personal Care,1,159.45,Card,4.4,159.45
INV1359,2026-03-22,A,Jaipur,Member,Female,Apples,Fruits,7,150.11,Cash,4.1,1050.77
INV1360,2026-05-08,A,Jaipur,Normal,Male,Noodles,Grocery,4,53.04,Card,4.6,212.16
INV1361,2026-04-26,C,Mumbai,Normal,Male,Coffee,Beverages,1,207.96,Net Banking,3.1,207.96
INV1362,2026-06-11,C,Mumbai,Normal,Female,Bananas,Fruits,10,52.33,Net Banking,4.2,523.3
INV1363,2026-06-06,D,Bengaluru,Normal,Male,Cooking Oil,Grocery,4,147.57,Net Banking,4.1,590.28
INV1364,2026-06-17,C,Mumbai,Normal,Female,Tea,Beverages,9,134.69,Card,4.1,1212.21
INV1365,2026-03-21,A,Jaipur,Normal,Male,Milk,Dairy,1,46.67,UPI,3.6,46.67
INV1366,2026-03-21,B,Delhi,Normal,Female,Shampoo,Personal Care,3,204.66,Net Banking,4.9,613.98
INV1367,2026-04-05,C,Mumbai,Member,Female,Rice,Grocery,10,61.32,Net Banking,4.6,613.2
INV1368,2026-01-22,D,Bengaluru,Normal,Female,Noodles,Grocery,7,51.66,UPI,3.6,361.62
INV1369,2026-04-29,A,Jaipur,Normal,Male,Apples,Fruits,5,150.19,Cash,3.1,750.95
INV1370,2026-03-13,B,Delhi,Normal,Male,Coffee,Beverages,7,187.15,Card,4.8,1310.05
INV1371,2026-02-22,C,Mumbai,Normal,Female,Biscuits,Snacks,1,25.44,Net Banking,3.0,25.44
INV1372,2026-01-05,D,Bengaluru,Member,Female,Soap,Personal Care,1,42.26,Card,4.9,42.26
INV1373,2026-02-28,D,Bengaluru,Normal,Male,Bread,Bakery,5,43.58,Net Banking,3.1,217.9
INV1374,2026-01-19,D,Bengaluru,Normal,Male,Coffee,Beverages,2,173.73,Net Banking,3.9,347.46
INV1375,2026-06-16,C,Mumbai,Normal,Female,Milk,Dairy,2,58.69,Cash,3.4,117.38
INV1376,2026-03-20,D,Bengaluru,Normal,Male,Chips,Snacks,4,40.88,UPI,4.3,163.52
INV1377,2026-02-23,A,Jaipur,Normal,Female,Biscuits,Snacks,7,26.11,UPI,3.8,182.77
INV1378,2026-03-23,C,Mumbai,Member,Female,Bananas,Fruits,4,61.89,UPI,3.6,247.56
INV1379,2026-03-03,A,Jaipur,Member,Female,Cold Drink,Beverages,9,75.83,Cash,5.0,682.47
INV1380,2026-02-27,D,Bengaluru,Member,Male,Cheese,Dairy,1,223.71,Cash,3.2,223.71
INV1381,2026-06-18,D,Bengaluru,Normal,Male,Bread,Bakery,9,34.76,UPI,4.5,312.84
INV1382,2026-05-11,C,Mumbai,Normal,Female,Bread,Bakery,1,36.06,Card,3.8,36.06
INV1383,2026-01-02,A,Jaipur,Member,Male,Biscuits,Snacks,9,27.04,Card,4.5,243.36
INV1384,2026-06-03,A,Jaipur,Member,Male,Cold Drink,Beverages,10,60.76,Cash,4.4,607.6
INV1385,2026-01-20,B,Delhi,Member,Female,Eggs,Dairy,7,91.6,Card,3.3,641.2
INV1386,2026-05-27,A,Jaipur,Member,Male,Chocolate,Snacks,6,46.84,UPI,4.4,281.04
INV1387,2026-02-03,A,Jaipur,Member,Female,Soap,Personal Care,2,47.32,Net Banking,3.5,94.64
INV1388,2026-01-10,D,Bengaluru,Member,Female,Bananas,Fruits,6,63.95,Card,3.5,383.7
INV1389,2026-04-10,B,Delhi,Member,Female,Tomato,Vegetables,6,44.92,UPI,3.6,269.52
INV1390,2026-03-06,B,Delhi,Member,Female,Apples,Fruits,2,129.5,UPI,4.7,259.0
INV1391,2026-03-20,D,Bengaluru,Member,Male,Milk,Dairy,9,47.92,UPI,3.3,431.28
INV1392,2026-05-03,A,Jaipur,Member,Male,Milk,Dairy,3,49.77,Card,4.8,149.31
INV1393,2026-01-25,D,Bengaluru,Member,Female,Cold Drink,Beverages,4,71.94,Net Banking,4.4,287.76
INV1394,2026-03-09,B,Delhi,Normal,Male,Eggs,Dairy,1,76.58,Card,3.0,76.58
INV1395,2026-05-09,B,Delhi,Member,Male,Shampoo,Personal Care,9,209.38,UPI,3.9,1884.42
INV1396,2026-04-16,D,Bengaluru,Normal,Female,Potato,Vegetables,9,31.77,UPI,4.7,285.93
INV1397,2026-05-25,A,Jaipur,Normal,Female,Shampoo,Personal Care,6,196.76,UPI,5.0,1180.56
INV1398,2026-03-26,D,Bengaluru,Normal,Male,Cheese,Dairy,6,222.13,Cash,3.7,1332.78
INV1399,2026-03-14,B,Delhi,Normal,Male,Tomato,Vegetables,4,52.11,Card,3.9,208.44
INV1400,2026-01-17,C,Mumbai,Normal,Female,Biscuits,Snacks,3,29.46,Net Banking,4.2,88.38
INV1401,2026-06-17,B,Delhi,Member,Female,Tomato,Vegetables,9,46.41,Card,3.5,417.69
INV1402,2026-06-29,A,Jaipur,Normal,Female,Potato,Vegetables,5,36.93,UPI,4.8,184.65
INV1403,2026-03-10,D,Bengaluru,Member,Male,Coffee,Beverages,1,152.47,UPI,3.4,152.47
INV1404,2026-03-02,C,Mumbai,Member,Male,Bananas,Fruits,2,51.39,Cash,3.1,102.78
INV1405,2026-01-16,A,Jaipur,Member,Female,Cold Drink,Beverages,10,63.92,UPI,4.2,639.2
INV1406,2026-02-07,C,Mumbai,Member,Male,Tea,Beverages,7,103.31,Card,4.7,723.17
INV1407,2026-03-18,A,Jaipur,Normal,Male,Cold Drink,Beverages,4,62.96,Card,4.9,251.84
INV1408,2026-03-06,D,Bengaluru,Normal,Male,Biscuits,Snacks,3,33.07,Card,4.2,99.21
INV1409,2026-03-14,A,Jaipur,Normal,Male,Cold Drink,Beverages,8,59.97,UPI,3.1,479.76
INV1410,2026-01-28,D,Bengaluru,Member,Female,Bananas,Fruits,9,53.97,Cash,3.7,485.73
INV1411,2026-02-25,C,Mumbai,Normal,Male,Tea,Beverages,5,138.87,Card,4.3,694.35
INV1412,2026-04-17,D,Bengaluru,Member,Male,Potato,Vegetables,2,38.51,Net Banking,4.3,77.02
INV1413,2026-06-13,A,Jaipur,Normal,Female,Biscuits,Snacks,6,31.53,Net Banking,3.9,189.18
INV1414,2026-01-18,A,Jaipur,Member,Female,Shampoo,Personal Care,5,183.66,Net Banking,4.6,918.3
INV1415,2026-01-04,C,Mumbai,Member,Female,Soap,Personal Care,6,50.54,Card,4.6,303.24
INV1416,2026-02-23,C,Mumbai,Normal,Female,Chips,Snacks,7,36.48,Cash,3.1,255.36
INV1417,2026-06-15,A,Jaipur,Normal,Female,Milk,Dairy,1,46.22,UPI,4.5,46.22
INV1418,2026-03-26,B,Delhi,Member,Male,Cold Drink,Beverages,1,69.23,Cash,4.8,69.23
INV1419,2026-04-02,C,Mumbai,Normal,Male,Noodles,Grocery,5,48.75,UPI,4.6,243.75
INV1420,2026-02-16,D,Bengaluru,Member,Male,Chips,Snacks,7,37.4,UPI,4.4,261.8
INV1421,2026-05-09,B,Delhi,Normal,Female,Rice,Grocery,3,74.63,UPI,4.6,223.89
INV1422,2026-06-02,B,Delhi,Member,Female,Rice,Grocery,8,65.6,UPI,4.1,524.8
INV1423,2026-06-02,B,Delhi,Member,Male,Cooking Oil,Grocery,10,143.32,Card,4.7,1433.2
INV1424,2026-02-05,B,Delhi,Member,Female,Tea,Beverages,7,135.16,Net Banking,4.9,946.12
INV1425,2026-02-08,D,Bengaluru,Normal,Female,Soap,Personal Care,1,47.46,Card,4.0,47.46
INV1426,2026-05-17,D,Bengaluru,Member,Male,Cooking Oil,Grocery,1,136.72,Cash,3.2,136.72
INV1427,2026-06-18,D,Bengaluru,Member,Male,Chocolate,Snacks,3,42.92,UPI,3.7,128.76
INV1428,2026-03-17,D,Bengaluru,Member,Male,Milk,Dairy,10,62.18,Card,4.8,621.8
INV1429,2026-05-07,D,Bengaluru,Normal,Female,Noodles,Grocery,3,62.38,Card,3.8,187.14
INV1430,2026-06-09,B,Delhi,Normal,Male,Shampoo,Personal Care,5,188.5,Card,3.8,942.5
INV1431,2026-04-14,A,Jaipur,Member,Female,Milk,Dairy,7,59.01,UPI,3.9,413.07
INV1432,2026-01-18,A,Jaipur,Normal,Male,Chips,Snacks,5,39.87,UPI,4.5,199.35
INV1433,2026-05-06,D,Bengaluru,Member,Male,Noodles,Grocery,6,51.41,UPI,3.2,308.46
INV1434,2026-05-02,A,Jaipur,Member,Male,Shampoo,Personal Care,10,159.99,Card,4.8,1599.9
INV1435,2026-01-28,A,Jaipur,Normal,Male,Cheese,Dairy,3,211.18,Card,3.4,633.54
INV1436,2026-05-07,A,Jaipur,Member,Male,Bananas,Fruits,7,56.07,Cash,3.1,392.49
INV1437,2026-05-17,B,Delhi,Member,Male,Cheese,Dairy,8,202.03,Net Banking,4.2,1616.24
INV1438,2026-03-15,B,Delhi,Normal,Female,Cooking Oil,Grocery,1,146.42,Net Banking,4.1,146.42
INV1439,2026-06-27,B,Delhi,Member,Female,Shampoo,Personal Care,10,175.77,UPI,3.3,1757.7
INV1440,2026-04-03,D,Bengaluru,Member,Female,Chips,Snacks,6,33.22,Net Banking,4.2,199.32
INV1441,2026-03-02,A,Jaipur,Normal,Female,Eggs,Dairy,1,89.67,UPI,4.0,89.67
INV1442,2026-03-12,B,Delhi,Member,Female,Milk,Dairy,8,52.15,UPI,4.4,417.2
INV1443,2026-01-07,B,Delhi,Member,Female,Soap,Personal Care,10,39.18,Card,4.8,391.8
INV1444,2026-03-03,A,Jaipur,Member,Female,Soap,Personal Care,7,49.71,Net Banking,3.8,347.97
INV1445,2026-05-11,B,Delhi,Member,Male,Eggs,Dairy,9,96.74,Cash,4.3,870.66
INV1446,2026-01-26,C,Mumbai,Normal,Male,Cold Drink,Beverages,5,67.06,UPI,3.4,335.3
INV1447,2026-03-14,C,Mumbai,Member,Female,Cheese,Dairy,9,203.48,UPI,4.5,1831.32
INV1448,2026-03-27,B,Delhi,Member,Female,Tea,Beverages,1,122.69,Cash,3.9,122.69
INV1449,2026-04-28,A,Jaipur,Normal,Male,Chips,Snacks,3,39.62,Net Banking,3.3,118.86
INV1450,2026-06-18,B,Delhi,Normal,Female,Potato,Vegetables,3,38.56,Cash,4.6,115.68
INV1451,2026-06-23,B,Delhi,Member,Female,Coffee,Beverages,3,206.46,Net Banking,3.0,619.38
INV1452,2026-05-08,B,Delhi,Normal,Male,Shampoo,Personal Care,8,174.22,Net Banking,3.0,1393.76
INV1453,2026-04-14,C,Mumbai,Normal,Male,Noodles,Grocery,8,49.59,Net Banking,4.8,396.72
INV1454,2026-06-22,A,Jaipur,Member,Female,Tomato,Vegetables,4,52.94,Net Banking,4.3,211.76
INV1455,2026-05-03,B,Delhi,Member,Female,Bananas,Fruits,6,58.87,Net Banking,3.9,353.22
INV1456,2026-07-01,C,Mumbai,Normal,Male,Coffee,Beverages,3,154.28,Net Banking,3.4,462.84
INV1457,2026-03-03,C,Mumbai,Normal,Male,Chocolate,Snacks,8,54.54,UPI,3.1,436.32
INV1458,2026-04-17,C,Mumbai,Member,Female,Rice,Grocery,4,67.16,Card,3.1,268.64
INV1459,2026-02-18,B,Delhi,Member,Male,Bread,Bakery,2,46.38,UPI,4.3,92.76
INV1460,2026-02-17,C,Mumbai,Normal,Female,Bread,Bakery,2,38.46,UPI,4.5,76.92
INV1461,2026-02-27,A,Jaipur,Normal,Female,Eggs,Dairy,8,77.01,Cash,3.9,616.08
INV1462,2026-04-09,B,Delhi,Member,Male,Chocolate,Snacks,7,55.48,Card,4.4,388.36
INV1463,2026-05-07,A,Jaipur,Normal,Male,Cheese,Dairy,7,235.32,Card,4.3,1647.24
INV1464,2026-05-11,C,Mumbai,Normal,Female,Rice,Grocery,10,79.57,Card,4.8,795.7
INV1465,2026-03-03,C,Mumbai,Normal,Male,Face Wash,Personal Care,10,118.34,Net Banking,4.8,1183.4
INV1466,2026-01-11,C,Mumbai,Member,Female,Milk,Dairy,10,48.68,Net Banking,3.8,486.8
INV1467,2026-02-26,C,Mumbai,Normal,Male,Shampoo,Personal Care,8,166.73,Net Banking,4.2,1333.84
INV1468,2026-05-18,D,Bengaluru,Normal,Male,Soap,Personal Care,2,41.21,UPI,3.8,82.42
INV1469,2026-06-27,B,Delhi,Member,Female,Tomato,Vegetables,1,45.79,Card,4.2,45.79
INV1470,2026-03-03,C,Mumbai,Normal,Female,Noodles,Grocery,10,53.09,Card,3.9,530.9
INV1471,2026-06-15,B,Delhi,Member,Female,Eggs,Dairy,6,96.83,UPI,4.1,580.98
INV1472,2026-06-05,C,Mumbai,Member,Female,Bread,Bakery,1,43.8,Net Banking,4.1,43.8
INV1473,2026-03-15,B,Delhi,Member,Male,Bananas,Fruits,4,59.12,Cash,4.6,236.48
INV1474,2026-04-29,B,Delhi,Member,Female,Tea,Beverages,4,128.07,Card,3.9,512.28
INV1475,2026-03-25,C,Mumbai,Normal,Male,Bread,Bakery,4,35.82,UPI,4.5,143.28
INV1476,2026-03-04,C,Mumbai,Member,Female,Chips,Snacks,8,33.73,Net Banking,3.1,269.84
INV1477,2026-03-20,C,Mumbai,Normal,Male,Cheese,Dairy,5,204.3,UPI,4.8,1021.5
INV1478,2026-06-25,C,Mumbai,Member,Male,Bread,Bakery,8,41.08,Cash,4.7,328.64
INV1479,2026-06-06,A,Jaipur,Normal,Male,Tomato,Vegetables,8,42.94,Cash,3.4,343.52
INV1480,2026-01-08,D,Bengaluru,Member,Female,Soap,Personal Care,6,44.33,Net Banking,3.2,265.98
INV1481,2026-02-07,B,Delhi,Normal,Male,Chocolate,Snacks,6,45.98,UPI,4.4,275.88
INV1482,2026-01-31,C,Mumbai,Member,Female,Face Wash,Personal Care,4,104.63,Net Banking,4.8,418.52
INV1483,2026-04-01,C,Mumbai,Member,Female,Cheese,Dairy,10,245.24,UPI,3.0,2452.4
INV1484,2026-05-29,C,Mumbai,Member,Male,Tea,Beverages,1,110.15,UPI,4.9,110.15
INV1485,2026-06-15,B,Delhi,Member,Female,Tomato,Vegetables,5,50.08,Cash,3.5,250.4
INV1486,2026-04-10,D,Bengaluru,Member,Male,Tea,Beverages,8,100.59,UPI,4.2,804.72
INV1487,2026-03-26,D,Bengaluru,Normal,Male,Biscuits,Snacks,10,25.31,UPI,4.1,253.1
INV1488,2026-03-02,C,Mumbai,Member,Female,Biscuits,Snacks,3,29.08,Cash,4.2,87.24
INV1489,2026-03-15,A,Jaipur,Member,Female,Face Wash,Personal Care,3,126.66,Card,3.9,379.98
INV1490,2026-03-28,D,Bengaluru,Normal,Female,Bread,Bakery,9,35.12,Card,3.5,316.08
INV1491,2026-02-28,C,Mumbai,Normal,Male,Cooking Oil,Grocery,2,173.42,Card,3.7,346.84
INV1492,2026-05-12,D,Bengaluru,Member,Male,Chocolate,Snacks,5,49.9,Card,5.0,249.5
INV1493,2026-06-02,A,Jaipur,Member,Female,Apples,Fruits,10,159.4,UPI,4.4,1594.0
INV1494,2026-07-01,C,Mumbai,Member,Female,Bananas,Fruits,2,59.94,Card,3.7,119.88
INV1495,2026-06-21,D,Bengaluru,Normal,Male,Bananas,Fruits,7,57.32,Card,4.9,401.24
INV1496,2026-03-30,A,Jaipur,Normal,Female,Shampoo,Personal Care,9,181.44,UPI,4.3,1632.96
INV1497,2026-03-06,C,Mumbai,Member,Female,Cooking Oil,Grocery,10,158.69,Card,4.1,1586.9
INV1498,2026-04-14,A,Jaipur,Member,Male,Eggs,Dairy,4,92.48,Card,3.8,369.92
INV1499,2026-04-03,B,Delhi,Member,Female,Milk,Dairy,6,59.22,Net Banking,4.2,355.32
INV1500,2026-04-22,C,Mumbai,Normal,Male,Eggs,Dairy,2,100.97,Card,3.0,201.94
INV1501,2026-06-15,D,Bengaluru,Member,Male,Apples,Fruits,8,118.53,Net Banking,4.6,948.24
INV1502,2026-01-13,D,Bengaluru,Member,Female,Shampoo,Personal Care,8,183.72,Card,4.9,1469.76
INV1503,2026-03-07,B,Delhi,Member,Male,Potato,Vegetables,5,30.98,UPI,4.7,154.9
INV1504,2026-04-18,D,Bengaluru,Member,Female,Tea,Beverages,10,139.13,Card,4.5,1391.3
INV1505,2026-01-29,A,Jaipur,Member,Male,Coffee,Beverages,6,173.67,Cash,4.4,1042.02
INV1506,2026-04-26,A,Jaipur,Member,Male,Noodles,Grocery,1,53.88,UPI,4.2,53.88
INV1507,2026-06-25,A,Jaipur,Member,Female,Cooking Oil,Grocery,7,137.49,Card,4.0,962.43
INV1508,2026-03-14,D,Bengaluru,Normal,Male,Coffee,Beverages,7,174.95,Card,3.6,1224.65
INV1509,2026-04-29,B,Delhi,Normal,Female,Eggs,Dairy,4,102.29,UPI,3.4,409.16
INV1510,2026-01-20,D,Bengaluru,Normal,Male,Apples,Fruits,5,147.56,Cash,3.1,737.8
INV1511,2026-06-26,B,Delhi,Normal,Female,Eggs,Dairy,5,84.64,UPI,5.0,423.2
INV1512,2026-05-27,B,Delhi,Normal,Female,Tomato,Vegetables,10,48.31,Cash,4.9,483.1
INV1513,2026-04-18,D,Bengaluru,Member,Male,Tea,Beverages,2,123.38,UPI,3.1,246.76
INV1514,2026-05-18,A,Jaipur,Normal,Male,Shampoo,Personal Care,4,160.14,UPI,3.1,640.56
INV1515,2026-02-06,D,Bengaluru,Member,Female,Biscuits,Snacks,5,25.68,Net Banking,4.1,128.4
INV1516,2026-02-25,A,Jaipur,Normal,Male,Milk,Dairy,8,60.26,Net Banking,3.2,482.08
INV1517,2026-02-25,A,Jaipur,Member,Female,Bread,Bakery,8,35.36,UPI,3.4,282.88
INV1518,2026-06-13,B,Delhi,Normal,Female,Tea,Beverages,7,105.38,Net Banking,3.7,737.66
INV1519,2026-03-27,D,Bengaluru,Normal,Male,Chocolate,Snacks,4,53.55,Card,3.4,214.2
INV1520,2026-05-07,B,Delhi,Member,Female,Soap,Personal Care,2,51.71,Card,3.7,103.42
INV1521,2026-05-10,A,Jaipur,Normal,Female,Chocolate,Snacks,8,59.13,Card,3.2,473.04
INV1522,2026-01-10,D,Bengaluru,Member,Male,Biscuits,Snacks,5,33.52,Net Banking,4.0,167.6
INV1523,2026-04-22,C,Mumbai,Member,Female,Cheese,Dairy,8,222.7,Net Banking,4.2,1781.6
INV1524,2026-02-26,A,Jaipur,Normal,Female,Bread,Bakery,7,35.63,Card,3.2,249.41
INV1525,2026-01-09,A,Jaipur,Normal,Female,Rice,Grocery,5,75.35,UPI,3.8,376.75
INV1526,2026-04-25,B,Delhi,Normal,Male,Eggs,Dairy,9,80.38,Card,4.1,723.42
INV1527,2026-01-15,A,Jaipur,Member,Male,Cheese,Dairy,1,259.75,Net Banking,4.7,259.75
INV1528,2026-03-22,B,Delhi,Normal,Male,Noodles,Grocery,7,46.5,Cash,4.7,325.5
INV1529,2026-03-23,C,Mumbai,Member,Male,Shampoo,Personal Care,8,198.41,Card,3.7,1587.28
INV1530,2026-06-21,D,Bengaluru,Normal,Female,Chocolate,Snacks,9,49.93,Card,4.0,449.37
INV1531,2026-02-17,A,Jaipur,Normal,Female,Potato,Vegetables,7,37.32,Net Banking,3.2,261.24
INV1532,2026-03-30,B,Delhi,Member,Female,Bananas,Fruits,7,57.99,Net Banking,4.4,405.93
INV1533,2026-03-22,D,Bengaluru,Normal,Female,Bread,Bakery,8,40.46,Net Banking,3.4,323.68
INV1534,2026-03-31,C,Mumbai,Normal,Male,Shampoo,Personal Care,6,201.79,Net Banking,4.1,1210.74
INV1535,2026-02-08,A,Jaipur,Member,Female,Cooking Oil,Grocery,6,170.34,Card,3.5,1022.04
INV1536,2026-04-30,C,Mumbai,Normal,Female,Shampoo,Personal Care,6,209.13,Net Banking,3.3,1254.78
INV1537,2026-05-30,C,Mumbai,Member,Male,Cold Drink,Beverages,3,58.4,Cash,3.4,175.2
INV1538,2026-03-13,B,Delhi,Normal,Male,Tomato,Vegetables,6,47.29,UPI,4.9,283.74
INV1539,2026-04-09,C,Mumbai,Normal,Female,Chocolate,Snacks,6,48.15,Net Banking,3.7,288.9
INV1540,2026-04-03,C,Mumbai,Normal,Female,Apples,Fruits,1,163.2,Net Banking,4.5,163.2
INV1541,2026-06-18,A,Jaipur,Normal,Female,Milk,Dairy,4,60.97,Card,4.3,243.88
INV1542,2026-05-07,A,Jaipur,Member,Female,Potato,Vegetables,5,32.15,UPI,4.7,160.75
INV1543,2026-01-20,A,Jaipur,Member,Male,Cold Drink,Beverages,10,60.2,UPI,4.6,602.0
INV1544,2026-05-09,C,Mumbai,Normal,Male,Tomato,Vegetables,1,43.77,UPI,3.3,43.77
INV1545,2026-03-13,C,Mumbai,Member,Female,Noodles,Grocery,1,52.47,Net Banking,3.6,52.47
INV1546,2026-01-08,B,Delhi,Normal,Male,Bread,Bakery,7,46.26,Card,3.6,323.82
INV1547,2026-06-05,B,Delhi,Member,Female,Bananas,Fruits,7,68.37,Card,3.0,478.59
INV1548,2026-05-25,D,Bengaluru,Normal,Female,Cheese,Dairy,7,242.14,Net Banking,4.0,1694.98
INV1549,2026-04-04,A,Jaipur,Member,Female,Rice,Grocery,2,75.09,UPI,3.8,150.18
INV1550,2026-04-22,A,Jaipur,Member,Female,Eggs,Dairy,5,88.12,UPI,4.5,440.6
INV1551,2026-05-23,A,Jaipur,Member,Male,Noodles,Grocery,8,52.26,Card,3.5,418.08
INV1552,2026-02-22,B,Delhi,Member,Female,Shampoo,Personal Care,10,207.74,Cash,4.5,2077.4
INV1553,2026-02-26,D,Bengaluru,Normal,Male,Rice,Grocery,4,59.36,Net Banking,3.6,237.44
INV1554,2026-02-13,C,Mumbai,Member,Female,Noodles,Grocery,6,54.17,Cash,5.0,325.02
INV1555,2026-02-01,D,Bengaluru,Member,Male,Chips,Snacks,2,29.46,Cash,3.4,58.92
INV1556,2026-05-16,D,Bengaluru,Member,Female,Potato,Vegetables,1,29.74,UPI,4.5,29.74
INV1557,2026-02-11,C,Mumbai,Member,Male,Face Wash,Personal Care,1,112.17,Cash,4.2,112.17
INV1558,2026-01-17,B,Delhi,Member,Female,Coffee,Beverages,7,175.98,Net Banking,3.3,1231.86
INV1559,2026-03-26,C,Mumbai,Member,Female,Noodles,Grocery,10,49.73,Card,4.4,497.3
INV1560,2026-06-27,A,Jaipur,Member,Female,Chips,Snacks,8,39.52,Net Banking,3.8,316.16
INV1561,2026-06-26,A,Jaipur,Normal,Male,Cheese,Dairy,3,208.42,Net Banking,4.0,625.26
INV1562,2026-04-25,D,Bengaluru,Normal,Male,Tomato,Vegetables,8,41.56,Net Banking,3.1,332.48
INV1563,2026-06-05,C,Mumbai,Normal,Male,Face Wash,Personal Care,8,112.69,Net Banking,4.9,901.52
INV1564,2026-01-28,D,Bengaluru,Member,Female,Rice,Grocery,6,72.52,Cash,4.4,435.12
INV1565,2026-03-09,B,Delhi,Member,Female,Bananas,Fruits,7,66.84,UPI,4.2,467.88
INV1566,2026-02-27,D,Bengaluru,Normal,Male,Noodles,Grocery,1,52.46,Card,3.6,52.46
INV1567,2026-04-15,B,Delhi,Normal,Female,Face Wash,Personal Care,10,119.25,UPI,4.4,1192.5
INV1568,2026-04-09,C,Mumbai,Normal,Female,Chocolate,Snacks,3,47.72,Cash,3.6,143.16
INV1569,2026-05-09,B,Delhi,Member,Male,Apples,Fruits,8,124.26,UPI,3.9,994.08
INV1570,2026-04-24,C,Mumbai,Normal,Male,Cooking Oil,Grocery,8,129.2,UPI,4.1,1033.6
INV1571,2026-03-17,C,Mumbai,Normal,Female,Cooking Oil,Grocery,9,173.45,Cash,3.5,1561.05
INV1572,2026-01-25,B,Delhi,Member,Male,Cheese,Dairy,7,204.98,UPI,4.9,1434.86
INV1573,2026-04-28,B,Delhi,Normal,Female,Rice,Grocery,3,80.12,Card,3.5,240.36
INV1574,2026-04-14,C,Mumbai,Normal,Female,Eggs,Dairy,10,93.18,Cash,4.3,931.8
INV1575,2026-01-27,D,Bengaluru,Member,Female,Cooking Oil,Grocery,3,154.96,Card,3.6,464.88
INV1576,2026-06-30,C,Mumbai,Member,Male,Tea,Beverages,3,102.23,UPI,3.4,306.69
INV1577,2026-06-27,A,Jaipur,Normal,Female,Cheese,Dairy,2,203.19,Net Banking,4.7,406.38
INV1578,2026-06-25,C,Mumbai,Normal,Male,Tea,Beverages,7,138.03,Net Banking,3.6,966.21
INV1579,2026-03-07,B,Delhi,Normal,Male,Cold Drink,Beverages,1,70.06,Cash,3.9,70.06
INV1580,2026-03-25,B,Delhi,Normal,Male,Potato,Vegetables,10,31.35,Net Banking,4.2,313.5
INV1581,2026-04-26,A,Jaipur,Member,Female,Biscuits,Snacks,6,33.53,Net Banking,3.3,201.18
INV1582,2026-06-29,C,Mumbai,Member,Male,Cold Drink,Beverages,10,60.77,Net Banking,3.6,607.7
INV1583,2026-05-01,C,Mumbai,Member,Female,Face Wash,Personal Care,9,130.53,Cash,3.3,1174.77
INV1584,2026-04-22,A,Jaipur,Member,Female,Milk,Dairy,6,53.17,Card,4.8,319.02
INV1585,2026-01-18,C,Mumbai,Member,Male,Tea,Beverages,7,109.14,Net Banking,4.3,763.98
INV1586,2026-05-31,A,Jaipur,Member,Male,Potato,Vegetables,3,30.41,Cash,4.1,91.23
INV1587,2026-03-30,C,Mumbai,Normal,Male,Rice,Grocery,8,74.98,Card,3.8,599.84
INV1588,2026-03-02,A,Jaipur,Normal,Female,Milk,Dairy,8,63.79,Cash,4.7,510.32
INV1589,2026-02-24,C,Mumbai,Normal,Female,Shampoo,Personal Care,10,199.36,Net Banking,4.2,1993.6
INV1590,2026-03-14,C,Mumbai,Member,Male,Noodles,Grocery,6,52.67,Net Banking,3.4,316.02
INV1591,2026-02-20,C,Mumbai,Normal,Female,Face Wash,Personal Care,2,137.09,UPI,4.5,274.18
INV1592,2026-05-03,D,Bengaluru,Member,Male,Tea,Beverages,7,127.93,UPI,3.3,895.51
INV1593,2026-04-04,C,Mumbai,Member,Female,Face Wash,Personal Care,6,131.11,UPI,3.8,786.66
INV1594,2026-06-11,A,Jaipur,Member,Female,Face Wash,Personal Care,10,111.31,Card,3.9,1113.1
INV1595,2026-05-09,B,Delhi,Member,Male,Cold Drink,Beverages,4,55.29,Cash,3.1,221.16
INV1596,2026-05-09,B,Delhi,Member,Male,Milk,Dairy,8,54.47,Card,5.0,435.76
INV1597,2026-05-29,A,Jaipur,Normal,Female,Milk,Dairy,10,50.53,UPI,3.7,505.3
INV1598,2026-01-08,C,Mumbai,Member,Female,Milk,Dairy,6,59.99,UPI,4.0,359.94
INV1599,2026-03-31,A,Jaipur,Normal,Male,Soap,Personal Care,1,39.88,Net Banking,3.7,39.88
INV1600,2026-03-19,C,Mumbai,Member,Female,Shampoo,Personal Care,6,159.37,Card,3.9,956.22
INV1601,2026-03-13,D,Bengaluru,Normal,Male,Soap,Personal Care,3,51.95,Net Banking,3.4,155.85
INV1602,2026-01-13,C,Mumbai,Normal,Male,Eggs,Dairy,6,97.16,Net Banking,4.5,582.96
INV1603,2026-03-01,D,Bengaluru,Normal,Female,Coffee,Beverages,5,180.15,Cash,3.4,900.75
INV1604,2026-05-31,D,Bengaluru,Normal,Male,Cooking Oil,Grocery,6,130.76,UPI,3.2,784.56
INV1605,2026-01-20,B,Delhi,Normal,Male,Cold Drink,Beverages,10,66.38,Net Banking,4.9,663.8
INV1606,2026-01-17,C,Mumbai,Member,Male,Face Wash,Personal Care,2,110.91,Net Banking,4.9,221.82
INV1607,2026-04-29,C,Mumbai,Normal,Male,Soap,Personal Care,7,52.19,UPI,3.8,365.33
INV1608,2026-05-27,C,Mumbai,Member,Male,Bananas,Fruits,3,60.11,UPI,3.2,180.33
INV1609,2026-06-25,A,Jaipur,Normal,Male,Potato,Vegetables,3,31.9,Cash,3.8,95.7
INV1610,2026-05-25,D,Bengaluru,Member,Female,Chips,Snacks,8,29.73,Cash,4.2,237.84
INV1611,2026-02-01,A,Jaipur,Member,Male,Rice,Grocery,2,79.78,Net Banking,3.2,159.56
INV1612,2026-05-22,A,Jaipur,Member,Male,Chocolate,Snacks,6,54.91,Net Banking,4.4,329.46
INV1613,2026-05-24,D,Bengaluru,Normal,Male,Rice,Grocery,4,64.84,Net Banking,4.1,259.36
INV1614,2026-01-31,A,Jaipur,Member,Female,Rice,Grocery,10,59.16,Card,3.3,591.6
INV1615,2026-06-20,B,Delhi,Normal,Male,Tomato,Vegetables,8,39.41,Cash,4.0,315.28
INV1616,2026-01-08,B,Delhi,Member,Female,Rice,Grocery,7,64.46,Net Banking,3.4,451.22
INV1617,2026-05-05,A,Jaipur,Normal,Male,Eggs,Dairy,3,76.57,UPI,3.8,229.71
INV1618,2026-05-26,D,Bengaluru,Member,Male,Cold Drink,Beverages,3,68.65,Cash,3.2,205.95
INV1619,2026-03-01,D,Bengaluru,Normal,Female,Coffee,Beverages,5,154.29,Cash,3.9,771.45
INV1620,2026-05-14,D,Bengaluru,Member,Male,Cooking Oil,Grocery,7,147.9,Net Banking,4.7,1035.3
INV1621,2026-01-06,C,Mumbai,Member,Male,Potato,Vegetables,4,40.37,Card,4.5,161.48
INV1622,2026-05-02,A,Jaipur,Member,Female,Noodles,Grocery,2,50.52,Net Banking,3.5,101.04
INV1623,2026-01-06,B,Delhi,Normal,Male,Rice,Grocery,5,70.52,Card,4.8,352.6
INV1624,2026-02-12,A,Jaipur,Member,Male,Potato,Vegetables,3,33.02,Card,4.7,99.06
INV1625,2026-03-22,D,Bengaluru,Member,Male,Tea,Beverages,4,141.56,UPI,3.6,566.24
INV1626,2026-02-04,C,Mumbai,Member,Male,Tomato,Vegetables,5,49.22,Net Banking,4.7,246.1
INV1627,2026-01-11,A,Jaipur,Member,Female,Biscuits,Snacks,4,34.74,Card,3.8,138.96
INV1628,2026-03-01,C,Mumbai,Normal,Male,Potato,Vegetables,10,34.55,Cash,3.1,345.5
INV1629,2026-03-14,C,Mumbai,Normal,Male,Milk,Dairy,1,49.35,Net Banking,3.9,49.35
INV1630,2026-03-10,B,Delhi,Normal,Male,Bananas,Fruits,3,53.47,Card,4.8,160.41
INV1631,2026-06-05,B,Delhi,Member,Female,Shampoo,Personal Care,7,169.06,Cash,3.8,1183.42
INV1632,2026-01-25,B,Delhi,Normal,Female,Chocolate,Snacks,8,43.86,UPI,3.8,350.88
INV1633,2026-02-27,A,Jaipur,Member,Male,Cold Drink,Beverages,10,72.51,UPI,3.2,725.1
INV1634,2026-04-09,D,Bengaluru,Member,Male,Soap,Personal Care,9,42.79,Net Banking,3.1,385.11
INV1635,2026-01-11,A,Jaipur,Member,Female,Bread,Bakery,2,41.73,Net Banking,3.2,83.46
INV1636,2026-05-06,A,Jaipur,Normal,Male,Cold Drink,Beverages,6,73.27,Net Banking,4.9,439.62
INV1637,2026-02-23,C,Mumbai,Member,Male,Chocolate,Snacks,9,57.02,Net Banking,3.8,513.18
INV1638,2026-03-31,D,Bengaluru,Normal,Male,Rice,Grocery,1,63.29,Net Banking,3.0,63.29
INV1639,2026-06-24,B,Delhi,Member,Male,Shampoo,Personal Care,9,210.05,Card,4.6,1890.45
INV1640,2026-03-18,A,Jaipur,Normal,Female,Shampoo,Personal Care,10,165.25,Cash,4.2,1652.5
INV1641,2026-02-28,B,Delhi,Normal,Female,Eggs,Dairy,6,90.58,Net Banking,4.1,543.48
INV1642,2026-04-21,B,Delhi,Normal,Female,Potato,Vegetables,8,35.52,Cash,4.8,284.16
INV1643,2026-05-21,D,Bengaluru,Member,Female,Rice,Grocery,8,70.49,Card,3.2,563.92
INV1644,2026-04-30,B,Delhi,Normal,Male,Cooking Oil,Grocery,1,168.37,Card,3.4,168.37
INV1645,2026-02-05,D,Bengaluru,Normal,Male,Rice,Grocery,8,64.39,Card,4.9,515.12
INV1646,2026-05-24,B,Delhi,Member,Female,Tomato,Vegetables,5,44.91,Net Banking,3.2,224.55
INV1647,2026-05-04,B,Delhi,Normal,Female,Coffee,Beverages,7,172.25,UPI,3.1,1205.75
INV1648,2026-06-24,C,Mumbai,Normal,Male,Tomato,Vegetables,3,49.7,UPI,4.0,149.1
INV1649,2026-01-21,B,Delhi,Normal,Male,Biscuits,Snacks,3,30.41,Net Banking,3.4,91.23
INV1650,2026-05-28,C,Mumbai,Member,Male,Tomato,Vegetables,7,50.42,Net Banking,3.3,352.94
INV1651,2026-01-16,C,Mumbai,Normal,Male,Chips,Snacks,4,38.26,Net Banking,3.8,153.04
INV1652,2026-02-14,C,Mumbai,Normal,Male,Chips,Snacks,6,31.28,Card,3.1,187.68
INV1653,2026-03-03,D,Bengaluru,Normal,Female,Biscuits,Snacks,2,28.41,UPI,3.4,56.82
INV1654,2026-06-29,C,Mumbai,Member,Male,Shampoo,Personal Care,4,211.93,UPI,4.8,847.72
INV1655,2026-05-27,A,Jaipur,Normal,Male,Rice,Grocery,9,65.65,Cash,3.5,590.85
INV1656,2026-05-28,B,Delhi,Normal,Female,Coffee,Beverages,4,191.89,Cash,4.3,767.56
INV1657,2026-01-05,A,Jaipur,Member,Male,Potato,Vegetables,4,37.15,UPI,3.2,148.6
INV1658,2026-03-09,B,Delhi,Normal,Male,Biscuits,Snacks,5,26.53,UPI,3.2,132.65
INV1659,2026-05-17,D,Bengaluru,Normal,Male,Noodles,Grocery,2,50.9,Card,3.1,101.8
INV1660,2026-06-08,A,Jaipur,Normal,Female,Apples,Fruits,7,124.94,Cash,3.2,874.58
INV1661,2026-06-08,A,Jaipur,Member,Male,Apples,Fruits,9,149.54,Net Banking,4.0,1345.86
INV1662,2026-04-26,C,Mumbai,Normal,Male,Shampoo,Personal Care,5,167.92,Card,4.5,839.6
INV1663,2026-01-17,B,Delhi,Member,Male,Biscuits,Snacks,2,29.54,Cash,3.7,59.08
INV1664,2026-04-17,D,Bengaluru,Normal,Male,Bananas,Fruits,7,59.88,Net Banking,4.9,419.16
INV1665,2026-03-12,D,Bengaluru,Normal,Female,Coffee,Beverages,7,168.95,Net Banking,3.2,1182.65
INV1666,2026-04-02,A,Jaipur,Member,Male,Bread,Bakery,2,33.38,UPI,3.5,66.76
INV1667,2026-05-10,A,Jaipur,Normal,Male,Cold Drink,Beverages,5,58.62,UPI,4.5,293.1
INV1668,2026-06-03,A,Jaipur,Normal,Male,Milk,Dairy,4,57.25,Net Banking,3.2,229.0
INV1669,2026-01-12,A,Jaipur,Member,Male,Rice,Grocery,2,65.07,Net Banking,4.3,130.14
INV1670,2026-02-18,D,Bengaluru,Member,Female,Cooking Oil,Grocery,1,132.51,UPI,4.9,132.51
INV1671,2026-06-15,D,Bengaluru,Member,Female,Chips,Snacks,6,37.63,UPI,3.9,225.78
INV1672,2026-02-09,D,Bengaluru,Normal,Male,Coffee,Beverages,10,160.53,UPI,4.4,1605.3
INV1673,2026-02-11,C,Mumbai,Member,Male,Chips,Snacks,8,33.17,UPI,4.5,265.36
INV1674,2026-01-22,A,Jaipur,Normal,Female,Noodles,Grocery,6,50.52,Cash,3.3,303.12
INV1675,2026-02-10,B,Delhi,Member,Female,Chocolate,Snacks,2,43.71,UPI,3.1,87.42
INV1676,2026-01-12,B,Delhi,Member,Male,Tomato,Vegetables,10,53.39,Card,4.2,533.9
INV1677,2026-04-06,C,Mumbai,Member,Female,Tea,Beverages,10,114.01,Card,3.0,1140.1
INV1678,2026-03-07,C,Mumbai,Normal,Male,Coffee,Beverages,4,201.75,Card,4.0,807.0
INV1679,2026-06-04,C,Mumbai,Normal,Female,Face Wash,Personal Care,4,118.07,UPI,3.3,472.28
INV1680,2026-01-29,D,Bengaluru,Normal,Male,Tomato,Vegetables,9,47.75,Net Banking,4.9,429.75
INV1681,2026-05-05,D,Bengaluru,Member,Female,Tea,Beverages,5,134.21,Net Banking,4.2,671.05
INV1682,2026-03-19,D,Bengaluru,Normal,Male,Soap,Personal Care,5,37.74,Cash,3.1,188.7
INV1683,2026-05-08,D,Bengaluru,Normal,Male,Soap,Personal Care,8,50.78,UPI,3.7,406.24
INV1684,2026-02-05,D,Bengaluru,Member,Female,Chips,Snacks,6,39.87,Card,3.3,239.22
INV1685,2026-03-21,C,Mumbai,Normal,Female,Rice,Grocery,6,82.0,Net Banking,4.1,492.0
INV1686,2026-06-10,C,Mumbai,Member,Female,Eggs,Dairy,8,102.21,UPI,4.6,817.68
INV1687,2026-05-31,C,Mumbai,Member,Male,Noodles,Grocery,4,61.96,Card,4.9,247.84
INV1688,2026-04-14,C,Mumbai,Normal,Female,Cold Drink,Beverages,5,54.15,Card,4.3,270.75
INV1689,2026-05-20,D,Bengaluru,Member,Female,Chips,Snacks,7,30.74,Card,3.0,215.18
INV1690,2026-02-15,B,Delhi,Normal,Male,Bread,Bakery,7,37.75,Card,4.1,264.25
INV1691,2026-02-13,D,Bengaluru,Member,Male,Noodles,Grocery,1,48.25,Card,4.7,48.25
INV1692,2026-05-03,A,Jaipur,Normal,Female,Rice,Grocery,4,73.78,Cash,4.3,295.12
INV1693,2026-04-09,C,Mumbai,Normal,Male,Chips,Snacks,1,32.86,Card,3.0,32.86
INV1694,2026-02-01,C,Mumbai,Normal,Female,Potato,Vegetables,3,33.39,Cash,3.3,100.17
INV1695,2026-01-29,D,Bengaluru,Member,Male,Cooking Oil,Grocery,4,169.37,Card,4.1,677.48
INV1696,2026-06-22,B,Delhi,Normal,Male,Soap,Personal Care,9,38.71,Card,3.8,348.39
INV1697,2026-05-09,B,Delhi,Member,Female,Potato,Vegetables,9,40.91,Card,3.8,368.19
INV1698,2026-06-16,C,Mumbai,Normal,Female,Potato,Vegetables,7,32.9,Card,3.2,230.3
INV1699,2026-02-23,C,Mumbai,Normal,Male,Eggs,Dairy,8,102.02,Cash,3.8,816.16
INV1700,2026-05-07,C,Mumbai,Member,Female,Bread,Bakery,3,45.59,UPI,4.8,136.77
INV1701,2026-06-06,C,Mumbai,Normal,Female,Chips,Snacks,1,33.21,Net Banking,3.8,33.21
INV1702,2026-06-28,C,Mumbai,Normal,Female,Tea,Beverages,8,136.5,Cash,3.6,1092.0
INV1703,2026-04-18,C,Mumbai,Member,Female,Tea,Beverages,3,115.4,Cash,4.3,346.2
INV1704,2026-01-04,D,Bengaluru,Normal,Female,Cheese,Dairy,4,237.02,Cash,4.5,948.08
INV1705,2026-06-22,C,Mumbai,Normal,Female,Noodles,Grocery,3,53.93,UPI,4.5,161.79
INV1706,2026-02-21,C,Mumbai,Member,Male,Rice,Grocery,9,76.92,Net Banking,3.6,692.28
INV1707,2026-02-11,D,Bengaluru,Normal,Female,Milk,Dairy,6,55.13,UPI,3.5,330.78
INV1708,2026-02-12,B,Delhi,Normal,Female,Bananas,Fruits,3,60.33,Net Banking,4.0,180.99
INV1709,2026-02-08,B,Delhi,Member,Female,Bread,Bakery,9,37.1,Net Banking,3.2,333.9
INV1710,2026-06-03,B,Delhi,Member,Female,Cheese,Dairy,7,258.51,Net Banking,3.5,1809.57
INV1711,2026-01-19,B,Delhi,Normal,Male,Tomato,Vegetables,6,42.51,UPI,4.0,255.06
INV1712,2026-06-19,B,Delhi,Member,Male,Eggs,Dairy,4,93.93,Net Banking,3.6,375.72
INV1713,2026-02-21,C,Mumbai,Normal,Female,Face Wash,Personal Care,3,107.02,Card,4.6,321.06
INV1714,2026-04-13,D,Bengaluru,Member,Female,Chocolate,Snacks,8,54.56,Cash,3.1,436.48
INV1715,2026-04-12,D,Bengaluru,Normal,Male,Potato,Vegetables,9,34.69,Net Banking,4.4,312.21
INV1716,2026-02-15,D,Bengaluru,Member,Female,Milk,Dairy,3,56.37,Cash,4.8,169.11
INV1717,2026-05-05,B,Delhi,Normal,Female,Coffee,Beverages,9,197.13,UPI,5.0,1774.17
INV1718,2026-01-04,C,Mumbai,Normal,Male,Biscuits,Snacks,9,32.19,UPI,4.9,289.71
INV1719,2026-05-02,B,Delhi,Normal,Female,Chocolate,Snacks,1,48.6,Card,4.4,48.6
INV1720,2026-06-22,C,Mumbai,Member,Female,Cooking Oil,Grocery,6,146.23,Net Banking,4.1,877.38
INV1721,2026-02-23,C,Mumbai,Member,Male,Milk,Dairy,9,47.99,Cash,3.8,431.91
INV1722,2026-03-19,A,Jaipur,Normal,Female,Cold Drink,Beverages,1,64.89,Cash,4.0,64.89
INV1723,2026-06-07,A,Jaipur,Member,Female,Cheese,Dairy,1,188.84,Cash,3.2,188.84
INV1724,2026-04-12,B,Delhi,Member,Male,Noodles,Grocery,8,63.98,UPI,5.0,511.84
INV1725,2026-06-15,B,Delhi,Member,Male,Chocolate,Snacks,5,48.44,Net Banking,3.9,242.2
INV1726,2026-01-22,C,Mumbai,Member,Male,Eggs,Dairy,9,87.57,Card,4.9,788.13
INV1727,2026-05-18,C,Mumbai,Member,Female,Coffee,Beverages,1,160.03,Card,3.3,160.03
INV1728,2026-02-21,B,Delhi,Member,Male,Cold Drink,Beverages,2,60.18,UPI,3.8,120.36
INV1729,2026-01-04,C,Mumbai,Normal,Female,Noodles,Grocery,5,51.42,Net Banking,4.4,257.1
INV1730,2026-01-01,D,Bengaluru,Normal,Female,Chips,Snacks,6,38.27,Card,3.1,229.62
INV1731,2026-02-04,B,Delhi,Member,Male,Chocolate,Snacks,2,42.28,Card,4.7,84.56
INV1732,2026-06-27,B,Delhi,Member,Female,Biscuits,Snacks,8,26.11,UPI,4.6,208.88
INV1733,2026-06-06,C,Mumbai,Member,Female,Rice,Grocery,9,70.9,Cash,3.8,638.1
INV1734,2026-02-08,A,Jaipur,Normal,Male,Eggs,Dairy,4,79.1,Card,4.2,316.4
INV1735,2026-05-12,C,Mumbai,Normal,Male,Bananas,Fruits,10,68.67,UPI,3.9,686.7
INV1736,2026-04-18,D,Bengaluru,Member,Female,Chocolate,Snacks,6,45.12,Card,4.0,270.72
INV1737,2026-06-30,B,Delhi,Normal,Female,Bread,Bakery,4,46.19,Card,4.6,184.76
INV1738,2026-03-31,D,Bengaluru,Normal,Female,Bread,Bakery,1,35.93,UPI,3.6,35.93
INV1739,2026-06-01,D,Bengaluru,Normal,Female,Chips,Snacks,6,41.21,UPI,4.4,247.26
INV1740,2026-04-11,B,Delhi,Normal,Male,Cooking Oil,Grocery,5,145.87,Net Banking,3.8,729.35
INV1741,2026-01-12,D,Bengaluru,Normal,Female,Cold Drink,Beverages,10,54.37,Card,4.0,543.7
INV1742,2026-05-29,A,Jaipur,Normal,Female,Noodles,Grocery,7,64.17,Cash,5.0,449.19
INV1743,2026-04-27,A,Jaipur,Member,Female,Bread,Bakery,1,33.33,Cash,4.1,33.33
INV1744,2026-06-21,B,Delhi,Normal,Male,Bananas,Fruits,4,58.66,Net Banking,3.0,234.64
INV1745,2026-06-15,A,Jaipur,Member,Male,Biscuits,Snacks,3,25.47,Net Banking,3.4,76.41
INV1746,2026-04-05,B,Delhi,Member,Male,Cold Drink,Beverages,1,59.11,UPI,4.7,59.11
INV1747,2026-04-23,D,Bengaluru,Normal,Female,Tomato,Vegetables,4,50.65,Cash,3.4,202.6
INV1748,2026-06-21,C,Mumbai,Normal,Female,Shampoo,Personal Care,8,181.64,Card,4.1,1453.12
INV1749,2026-03-26,A,Jaipur,Member,Female,Shampoo,Personal Care,10,209.32,UPI,4.6,2093.2
INV1750,2026-06-28,C,Mumbai,Normal,Female,Noodles,Grocery,7,53.7,Card,4.2,375.9
INV1751,2026-05-30,D,Bengaluru,Member,Female,Tomato,Vegetables,9,47.63,Cash,3.0,428.67
INV1752,2026-02-22,C,Mumbai,Member,Female,Rice,Grocery,7,59.58,UPI,4.6,417.06
INV1753,2026-05-02,D,Bengaluru,Normal,Female,Shampoo,Personal Care,10,182.92,Card,4.1,1829.2
INV1754,2026-04-02,B,Delhi,Normal,Female,Shampoo,Personal Care,3,154.5,Net Banking,3.4,463.5
INV1755,2026-04-21,D,Bengaluru,Normal,Male,Cooking Oil,Grocery,3,137.37,Card,3.1,412.11
INV1756,2026-01-08,C,Mumbai,Member,Male,Bananas,Fruits,3,66.97,Card,4.8,200.91
INV1757,2026-06-28,A,Jaipur,Member,Male,Eggs,Dairy,4,98.0,UPI,3.9,392.0
INV1758,2026-03-18,A,Jaipur,Normal,Female,Cold Drink,Beverages,8,55.56,Cash,4.1,444.48
INV1759,2026-03-18,A,Jaipur,Normal,Male,Cheese,Dairy,9,259.97,Card,4.1,2339.73
INV1760,2026-04-12,A,Jaipur,Normal,Male,Cold Drink,Beverages,7,56.74,Card,3.2,397.18
INV1761,2026-06-21,B,Delhi,Normal,Male,Apples,Fruits,6,157.5,Card,4.1,945.0
INV1762,2026-02-19,A,Jaipur,Member,Female,Noodles,Grocery,8,46.51,Card,3.6,372.08
INV1763,2026-04-22,A,Jaipur,Normal,Female,Cold Drink,Beverages,1,58.04,Net Banking,4.6,58.04
INV1764,2026-06-20,D,Bengaluru,Member,Female,Bananas,Fruits,4,63.48,Cash,3.7,253.92
INV1765,2026-01-18,C,Mumbai,Normal,Male,Cheese,Dairy,5,236.82,Cash,4.9,1184.1
INV1766,2026-03-04,D,Bengaluru,Member,Male,Cheese,Dairy,2,254.9,UPI,4.3,509.8
INV1767,2026-06-09,B,Delhi,Member,Male,Face Wash,Personal Care,3,127.96,Card,3.7,383.88
INV1768,2026-03-09,A,Jaipur,Member,Male,Cooking Oil,Grocery,8,150.31,UPI,4.3,1202.48
INV1769,2026-06-03,D,Bengaluru,Normal,Female,Tea,Beverages,2,107.4,Net Banking,3.1,214.8
INV1770,2026-04-04,C,Mumbai,Normal,Female,Noodles,Grocery,8,57.31,Net Banking,3.6,458.48
INV1771,2026-04-28,B,Delhi,Normal,Male,Tomato,Vegetables,5,45.53,Card,3.2,227.65
INV1772,2026-02-14,B,Delhi,Member,Female,Soap,Personal Care,2,47.22,UPI,4.4,94.44
INV1773,2026-05-27,C,Mumbai,Normal,Female,Chips,Snacks,2,35.05,UPI,4.3,70.1
INV1774,2026-01-14,D,Bengaluru,Normal,Male,Tea,Beverages,5,142.16,Cash,4.4,710.8
INV1775,2026-02-20,B,Delhi,Normal,Male,Shampoo,Personal Care,8,202.61,UPI,3.8,1620.88
INV1776,2026-01-19,C,Mumbai,Member,Female,Shampoo,Personal Care,6,196.78,Net Banking,3.4,1180.68
INV1777,2026-02-02,A,Jaipur,Normal,Female,Tea,Beverages,7,114.1,Net Banking,3.5,798.7
INV1778,2026-06-26,A,Jaipur,Member,Male,Cooking Oil,Grocery,4,168.39,Card,4.7,673.56
INV1779,2026-06-17,D,Bengaluru,Member,Female,Coffee,Beverages,3,211.1,UPI,3.3,633.3
INV1780,2026-05-30,D,Bengaluru,Normal,Male,Chocolate,Snacks,7,51.32,UPI,4.1,359.24
INV1781,2026-02-15,B,Delhi,Normal,Female,Apples,Fruits,3,123.92,Net Banking,3.8,371.76
INV1782,2026-03-26,B,Delhi,Member,Male,Cold Drink,Beverages,7,54.38,Card,4.9,380.66
INV1783,2026-03-06,A,Jaipur,Normal,Female,Tea,Beverages,5,118.36,Cash,5.0,591.8
INV1784,2026-06-20,D,Bengaluru,Member,Female,Bananas,Fruits,3,56.94,Cash,4.3,170.82
INV1785,2026-05-29,B,Delhi,Member,Male,Noodles,Grocery,2,59.29,Card,4.2,118.58
INV1786,2026-06-21,D,Bengaluru,Member,Male,Potato,Vegetables,7,34.76,Card,3.6,243.32
INV1787,2026-06-28,D,Bengaluru,Normal,Female,Noodles,Grocery,3,49.72,Cash,4.7,149.16
INV1788,2026-04-01,A,Jaipur,Member,Female,Bread,Bakery,2,38.2,Net Banking,3.1,76.4
INV1789,2026-02-26,C,Mumbai,Member,Female,Tea,Beverages,9,110.99,UPI,4.5,998.91
INV1790,2026-02-14,C,Mumbai,Normal,Male,Eggs,Dairy,10,96.83,Cash,4.0,968.3
INV1791,2026-04-27,C,Mumbai,Member,Male,Shampoo,Personal Care,7,180.66,Card,3.6,1264.62
INV1792,2026-02-27,C,Mumbai,Member,Male,Cold Drink,Beverages,9,55.53,Card,3.4,499.77
INV1793,2026-02-07,B,Delhi,Normal,Male,Bananas,Fruits,6,49.97,UPI,4.8,299.82
INV1794,2026-04-27,B,Delhi,Member,Female,Bread,Bakery,2,34.45,Card,4.9,68.9
INV1795,2026-04-26,B,Delhi,Normal,Male,Biscuits,Snacks,8,29.8,Net Banking,3.1,238.4
INV1796,2026-06-02,C,Mumbai,Normal,Male,Cold Drink,Beverages,3,63.52,Card,4.8,190.56
INV1797,2026-05-27,D,Bengaluru,Member,Female,Rice,Grocery,2,58.69,UPI,4.8,117.38
INV1798,2026-03-14,A,Jaipur,Normal,Female,Potato,Vegetables,9,38.76,Cash,4.5,348.84
INV1799,2026-03-21,D,Bengaluru,Member,Female,Chocolate,Snacks,3,51.74,Net Banking,3.3,155.22
INV1800,2026-03-30,C,Mumbai,Normal,Male,Tea,Beverages,7,108.32,Card,3.8,758.24
INV1801,2026-03-11,C,Mumbai,Member,Female,Soap,Personal Care,6,46.23,UPI,4.2,277.38
INV1802,2026-01-10,D,Bengaluru,Normal,Male,Cold Drink,Beverages,7,68.32,Cash,4.4,478.24
INV1803,2026-03-29,C,Mumbai,Member,Female,Rice,Grocery,4,70.61,Cash,4.2,282.44
INV1804,2026-01-04,D,Bengaluru,Member,Male,Tea,Beverages,9,116.92,UPI,4.2,1052.28
INV1805,2026-06-03,C,Mumbai,Normal,Female,Bananas,Fruits,9,62.86,Cash,3.6,565.74
INV1806,2026-03-10,B,Delhi,Member,Male,Cold Drink,Beverages,3,75.64,Cash,4.1,226.92
INV1807,2026-04-21,B,Delhi,Member,Male,Face Wash,Personal Care,4,119.37,Cash,4.6,477.48
INV1808,2026-03-15,C,Mumbai,Normal,Female,Cheese,Dairy,4,235.93,Cash,5.0,943.72
INV1809,2026-04-20,D,Bengaluru,Normal,Male,Bananas,Fruits,9,54.02,UPI,4.8,486.18
INV1810,2026-02-11,B,Delhi,Normal,Male,Soap,Personal Care,5,38.26,UPI,3.0,191.3
INV1811,2026-02-06,C,Mumbai,Member,Male,Cheese,Dairy,8,249.65,Card,3.8,1997.2
INV1812,2026-05-10,B,Delhi,Member,Female,Bread,Bakery,8,36.55,Card,3.1,292.4
INV1813,2026-03-05,C,Mumbai,Member,Female,Bread,Bakery,7,42.84,Net Banking,4.2,299.88
INV1814,2026-06-28,C,Mumbai,Normal,Female,Face Wash,Personal Care,7,126.95,Cash,3.8,888.65
INV1815,2026-01-20,C,Mumbai,Member,Female,Shampoo,Personal Care,9,206.18,Cash,3.3,1855.62
INV1816,2026-06-02,B,Delhi,Member,Male,Cold Drink,Beverages,1,63.2,Net Banking,3.4,63.2
INV1817,2026-04-29,C,Mumbai,Member,Female,Bananas,Fruits,7,64.46,UPI,4.3,451.22
INV1818,2026-03-16,A,Jaipur,Normal,Male,Chips,Snacks,10,35.42,UPI,3.3,354.2
INV1819,2026-02-28,D,Bengaluru,Normal,Female,Cheese,Dairy,5,233.35,Net Banking,3.5,1166.75
INV1820,2026-01-15,C,Mumbai,Member,Male,Potato,Vegetables,8,29.23,Card,4.7,233.84
INV1821,2026-01-14,C,Mumbai,Normal,Female,Apples,Fruits,7,154.03,Card,4.5,1078.21
INV1822,2026-01-30,A,Jaipur,Normal,Male,Milk,Dairy,6,49.19,Cash,4.3,295.14
INV1823,2026-06-28,B,Delhi,Member,Female,Potato,Vegetables,9,33.18,Card,4.8,298.62
INV1824,2026-01-17,B,Delhi,Normal,Female,Cooking Oil,Grocery,4,137.61,UPI,4.0,550.44
INV1825,2026-02-03,C,Mumbai,Normal,Male,Chocolate,Snacks,7,46.93,Net Banking,4.7,328.51
INV1826,2026-05-14,B,Delhi,Normal,Female,Cold Drink,Beverages,6,60.44,Net Banking,4.4,362.64
INV1827,2026-06-23,C,Mumbai,Member,Male,Chips,Snacks,9,37.63,Net Banking,3.1,338.67
INV1828,2026-05-06,B,Delhi,Normal,Male,Noodles,Grocery,10,58.22,Card,3.5,582.2
INV1829,2026-03-19,C,Mumbai,Normal,Female,Potato,Vegetables,3,32.86,Net Banking,3.4,98.58
INV1830,2026-04-13,A,Jaipur,Member,Female,Milk,Dairy,5,54.23,Net Banking,4.4,271.15
INV1831,2026-04-22,A,Jaipur,Member,Male,Cold Drink,Beverages,8,71.46,Card,4.7,571.68
INV1832,2026-05-09,B,Delhi,Member,Female,Cold Drink,Beverages,7,61.34,UPI,3.3,429.38
INV1833,2026-02-04,A,Jaipur,Member,Male,Rice,Grocery,8,72.53,Cash,4.4,580.24
INV1834,2026-01-07,A,Jaipur,Member,Female,Cold Drink,Beverages,6,74.26,UPI,3.6,445.56
INV1835,2026-03-28,B,Delhi,Normal,Female,Rice,Grocery,6,75.41,Card,3.2,452.46
INV1836,2026-06-27,A,Jaipur,Member,Male,Chips,Snacks,10,31.24,Net Banking,4.1,312.4
INV1837,2026-05-07,A,Jaipur,Normal,Male,Bread,Bakery,5,38.87,Cash,4.0,194.35
INV1838,2026-01-03,C,Mumbai,Member,Female,Rice,Grocery,5,69.63,UPI,5.0,348.15
INV1839,2026-04-22,C,Mumbai,Normal,Female,Noodles,Grocery,3,59.46,Cash,4.7,178.38
INV1840,2026-04-26,A,Jaipur,Member,Female,Face Wash,Personal Care,1,129.04,UPI,3.6,129.04
INV1841,2026-03-20,B,Delhi,Normal,Female,Rice,Grocery,2,60.86,UPI,3.6,121.72
INV1842,2026-01-08,C,Mumbai,Member,Male,Potato,Vegetables,2,29.99,Card,4.3,59.98
INV1843,2026-04-06,D,Bengaluru,Normal,Male,Tomato,Vegetables,9,48.71,UPI,3.3,438.39
INV1844,2026-01-01,D,Bengaluru,Normal,Female,Soap,Personal Care,4,46.67,Net Banking,4.1,186.68
INV1845,2026-03-23,A,Jaipur,Member,Male,Milk,Dairy,9,46.75,Card,3.3,420.75
INV1846,2026-06-02,A,Jaipur,Normal,Female,Tomato,Vegetables,7,44.76,Cash,4.0,313.32
INV1847,2026-05-10,B,Delhi,Normal,Female,Biscuits,Snacks,8,26.34,Card,3.8,210.72
INV1848,2026-04-03,B,Delhi,Member,Female,Shampoo,Personal Care,9,154.07,UPI,4.2,1386.63
INV1849,2026-01-16,C,Mumbai,Normal,Male,Bread,Bakery,5,39.81,Cash,4.6,199.05
INV1850,2026-03-21,C,Mumbai,Normal,Male,Cooking Oil,Grocery,1,169.48,Net Banking,3.3,169.48
INV1851,2026-06-16,D,Bengaluru,Member,Male,Cheese,Dairy,2,203.74,Card,4.9,407.48
INV1852,2026-03-10,C,Mumbai,Normal,Male,Cold Drink,Beverages,6,61.53,UPI,3.6,369.18
INV1853,2026-06-19,D,Bengaluru,Member,Female,Cold Drink,Beverages,3,60.11,Cash,3.1,180.33
INV1854,2026-03-27,D,Bengaluru,Normal,Female,Rice,Grocery,9,63.43,Net Banking,4.1,570.87
INV1855,2026-06-06,B,Delhi,Normal,Male,Chips,Snacks,6,39.63,Net Banking,4.6,237.78
INV1856,2026-05-07,A,Jaipur,Normal,Female,Cheese,Dairy,1,193.36,Card,4.4,193.36
INV1857,2026-05-05,B,Delhi,Normal,Male,Potato,Vegetables,8,34.27,Cash,3.6,274.16
INV1858,2026-04-15,A,Jaipur,Member,Male,Tomato,Vegetables,1,43.34,UPI,4.4,43.34
INV1859,2026-02-03,C,Mumbai,Member,Male,Rice,Grocery,6,76.17,Cash,3.2,457.02
INV1860,2026-04-23,D,Bengaluru,Normal,Male,Biscuits,Snacks,10,25.46,Net Banking,3.5,254.6
INV1861,2026-04-23,D,Bengaluru,Normal,Female,Rice,Grocery,2,67.57,Cash,3.9,135.14
INV1862,2026-03-20,A,Jaipur,Member,Female,Cheese,Dairy,7,218.03,Card,4.6,1526.21
INV1863,2026-04-08,A,Jaipur,Member,Female,Rice,Grocery,6,76.75,Cash,3.0,460.5
INV1864,2026-05-26,D,Bengaluru,Member,Male,Coffee,Beverages,3,180.25,Cash,4.6,540.75
INV1865,2026-03-09,C,Mumbai,Normal,Male,Face Wash,Personal Care,8,140.79,Card,3.6,1126.32
INV1866,2026-01-29,A,Jaipur,Normal,Female,Shampoo,Personal Care,4,212.96,Cash,4.7,851.84
INV1867,2026-03-17,A,Jaipur,Normal,Female,Rice,Grocery,9,75.14,Card,3.0,676.26
INV1868,2026-05-08,C,Mumbai,Member,Male,Apples,Fruits,8,163.94,Card,4.6,1311.52
INV1869,2026-07-01,D,Bengaluru,Normal,Female,Soap,Personal Care,6,51.81,Card,5.0,310.86
INV1870,2026-03-24,C,Mumbai,Member,Male,Cooking Oil,Grocery,8,137.22,Net Banking,4.1,1097.76
INV1871,2026-04-09,B,Delhi,Member,Male,Bread,Bakery,9,39.24,Cash,3.6,353.16
INV1872,2026-05-06,B,Delhi,Normal,Female,Tomato,Vegetables,6,43.56,Card,5.0,261.36
INV1873,2026-01-31,D,Bengaluru,Member,Female,Chocolate,Snacks,9,50.33,UPI,4.1,452.97
INV1874,2026-01-17,D,Bengaluru,Normal,Male,Cold Drink,Beverages,2,61.95,UPI,3.6,123.9
INV1875,2026-04-20,A,Jaipur,Member,Female,Face Wash,Personal Care,7,113.54,Net Banking,3.3,794.78
INV1876,2026-05-27,B,Delhi,Normal,Male,Shampoo,Personal Care,3,208.07,Card,4.3,624.21
INV1877,2026-05-05,B,Delhi,Normal,Female,Coffee,Beverages,2,171.89,Card,4.8,343.78
INV1878,2026-06-14,C,Mumbai,Member,Male,Cheese,Dairy,5,187.44,Net Banking,4.1,937.2
INV1879,2026-06-30,C,Mumbai,Member,Male,Bread,Bakery,1,35.59,Cash,3.5,35.59
INV1880,2026-03-21,A,Jaipur,Normal,Male,Bananas,Fruits,6,52.63,Card,3.0,315.78
INV1881,2026-06-20,C,Mumbai,Normal,Female,Potato,Vegetables,4,30.52,Card,4.9,122.08
INV1882,2026-06-30,D,Bengaluru,Member,Female,Rice,Grocery,7,58.49,UPI,5.0,409.43
INV1883,2026-03-19,D,Bengaluru,Normal,Female,Chocolate,Snacks,2,46.6,Card,3.8,93.2
INV1884,2026-06-27,C,Mumbai,Normal,Female,Potato,Vegetables,3,34.45,Net Banking,4.4,103.35
INV1885,2026-05-30,B,Delhi,Member,Female,Biscuits,Snacks,5,28.13,UPI,4.7,140.65
INV1886,2026-02-27,A,Jaipur,Member,Female,Coffee,Beverages,4,197.57,Net Banking,4.3,790.28
INV1887,2026-04-07,B,Delhi,Member,Male,Face Wash,Personal Care,2,104.33,Net Banking,3.4,208.66
INV1888,2026-03-20,C,Mumbai,Normal,Male,Shampoo,Personal Care,10,151.92,Card,3.4,1519.2
INV1889,2026-02-05,C,Mumbai,Normal,Female,Apples,Fruits,10,163.92,Cash,4.5,1639.2
INV1890,2026-05-10,A,Jaipur,Member,Female,Chips,Snacks,9,31.38,Card,4.4,282.42
INV1891,2026-02-07,D,Bengaluru,Member,Male,Bread,Bakery,1,44.02,Cash,4.0,44.02
INV1892,2026-03-08,B,Delhi,Member,Female,Shampoo,Personal Care,10,173.83,UPI,4.5,1738.3
INV1893,2026-06-18,C,Mumbai,Normal,Female,Tea,Beverages,2,108.04,Net Banking,3.9,216.08
INV1894,2026-01-31,C,Mumbai,Normal,Female,Milk,Dairy,3,63.31,Net Banking,4.7,189.93
INV1895,2026-03-02,C,Mumbai,Normal,Male,Cold Drink,Beverages,7,72.77,Card,4.6,509.39
INV1896,2026-03-12,A,Jaipur,Member,Female,Cold Drink,Beverages,6,61.36,Cash,3.7,368.16
INV1897,2026-04-07,C,Mumbai,Member,Male,Cheese,Dairy,4,247.03,Net Banking,4.1,988.12
INV1898,2026-02-25,A,Jaipur,Normal,Female,Milk,Dairy,10,49.45,Net Banking,4.1,494.5
INV1899,2026-05-10,A,Jaipur,Member,Male,Eggs,Dairy,1,91.13,Cash,3.4,91.13
INV1900,2026-01-15,B,Delhi,Member,Female,Shampoo,Personal Care,2,173.61,Net Banking,4.8,347.22
INV1901,2026-03-15,B,Delhi,Member,Female,Milk,Dairy,6,49.51,Net Banking,3.1,297.06
INV1902,2026-06-22,D,Bengaluru,Normal,Male,Cooking Oil,Grocery,5,162.73,Net Banking,3.8,813.65
INV1903,2026-02-26,B,Delhi,Member,Male,Shampoo,Personal Care,8,184.33,Cash,4.1,1474.64
INV1904,2026-05-17,D,Bengaluru,Member,Male,Coffee,Beverages,9,151.99,Cash,3.5,1367.91
INV1905,2026-04-22,A,Jaipur,Member,Female,Coffee,Beverages,1,172.92,UPI,3.3,172.92
INV1906,2026-05-29,D,Bengaluru,Member,Female,Shampoo,Personal Care,10,186.64,Net Banking,4.5,1866.4
INV1907,2026-05-25,B,Delhi,Normal,Male,Apples,Fruits,8,139.0,Net Banking,3.2,1112.0
INV1908,2026-03-23,B,Delhi,Normal,Male,Cold Drink,Beverages,4,58.63,UPI,4.8,234.52
INV1909,2026-05-12,D,Bengaluru,Normal,Female,Rice,Grocery,1,62.99,Cash,3.2,62.99
INV1910,2026-02-16,C,Mumbai,Normal,Male,Chocolate,Snacks,4,58.51,Cash,4.2,234.04
INV1911,2026-06-04,A,Jaipur,Member,Male,Face Wash,Personal Care,9,136.49,Card,3.6,1228.41
INV1912,2026-03-31,D,Bengaluru,Normal,Female,Noodles,Grocery,5,54.69,Cash,4.7,273.45
INV1913,2026-06-23,C,Mumbai,Member,Male,Soap,Personal Care,9,52.05,Card,4.4,468.45
INV1914,2026-05-11,B,Delhi,Member,Female,Bananas,Fruits,2,69.11,UPI,4.7,138.22
INV1915,2026-06-10,A,Jaipur,Member,Male,Apples,Fruits,10,134.5,Cash,4.1,1345.0
INV1916,2026-04-17,B,Delhi,Member,Male,Shampoo,Personal Care,8,176.98,UPI,3.7,1415.84
INV1917,2026-02-21,D,Bengaluru,Normal,Male,Tomato,Vegetables,10,50.28,Card,3.7,502.8
INV1918,2026-02-15,B,Delhi,Normal,Male,Tomato,Vegetables,6,50.2,Net Banking,4.2,301.2
INV1919,2026-03-03,B,Delhi,Member,Female,Rice,Grocery,8,71.25,Net Banking,4.7,570.0
INV1920,2026-05-24,B,Delhi,Normal,Male,Potato,Vegetables,9,34.45,UPI,3.8,310.05
INV1921,2026-05-24,C,Mumbai,Normal,Male,Bananas,Fruits,7,58.87,Net Banking,3.7,412.09
INV1922,2026-02-12,B,Delhi,Member,Male,Tomato,Vegetables,7,45.38,UPI,4.5,317.66
INV1923,2026-05-01,A,Jaipur,Normal,Male,Chips,Snacks,7,30.55,Card,4.0,213.85
INV1924,2026-06-03,D,Bengaluru,Member,Male,Tea,Beverages,3,120.43,Net Banking,4.9,361.29
INV1925,2026-02-13,B,Delhi,Member,Female,Tomato,Vegetables,1,52.77,Card,4.8,52.77
INV1926,2026-01-26,B,Delhi,Member,Female,Tea,Beverages,8,122.69,Cash,4.4,981.52
INV1927,2026-03-28,A,Jaipur,Normal,Female,Eggs,Dairy,4,89.08,Net Banking,3.1,356.32
INV1928,2026-02-17,A,Jaipur,Member,Male,Coffee,Beverages,7,166.68,Net Banking,3.8,1166.76
INV1929,2026-02-15,B,Delhi,Member,Female,Soap,Personal Care,4,46.15,Net Banking,4.7,184.6
INV1930,2026-04-10,D,Bengaluru,Member,Male,Noodles,Grocery,8,57.33,UPI,4.5,458.64
INV1931,2026-05-14,D,Bengaluru,Normal,Female,Milk,Dairy,3,53.71,Cash,3.7,161.13
INV1932,2026-01-12,A,Jaipur,Member,Female,Eggs,Dairy,4,88.71,Cash,3.2,354.84
INV1933,2026-02-20,C,Mumbai,Member,Male,Soap,Personal Care,6,50.81,Cash,4.2,304.86
INV1934,2026-06-04,A,Jaipur,Member,Female,Face Wash,Personal Care,3,108.55,Card,3.7,325.65
INV1935,2026-03-10,A,Jaipur,Member,Male,Potato,Vegetables,5,39.27,Cash,4.6,196.35
INV1936,2026-01-23,B,Delhi,Normal,Female,Shampoo,Personal Care,3,161.02,UPI,3.3,483.06
INV1937,2026-04-03,C,Mumbai,Member,Male,Shampoo,Personal Care,9,199.94,UPI,4.3,1799.46
INV1938,2026-05-29,A,Jaipur,Normal,Male,Coffee,Beverages,10,169.42,Card,3.1,1694.2
INV1939,2026-05-05,D,Bengaluru,Member,Male,Noodles,Grocery,6,61.94,Card,4.7,371.64
INV1940,2026-05-20,D,Bengaluru,Normal,Male,Coffee,Beverages,7,178.67,Cash,4.4,1250.69
INV1941,2026-06-18,A,Jaipur,Member,Male,Potato,Vegetables,7,31.44,Cash,3.5,220.08
INV1942,2026-04-25,C,Mumbai,Normal,Male,Shampoo,Personal Care,1,202.03,UPI,3.2,202.03
INV1943,2026-05-21,A,Jaipur,Normal,Female,Face Wash,Personal Care,7,120.33,UPI,4.2,842.31
INV1944,2026-05-12,C,Mumbai,Member,Male,Noodles,Grocery,5,59.42,Cash,4.2,297.1
INV1945,2026-03-22,D,Bengaluru,Member,Female,Tea,Beverages,3,124.69,UPI,4.8,374.07
INV1946,2026-02-20,D,Bengaluru,Member,Female,Potato,Vegetables,6,37.73,Card,3.4,226.38
INV1947,2026-03-14,A,Jaipur,Normal,Male,Shampoo,Personal Care,9,180.6,UPI,4.2,1625.4
INV1948,2026-02-22,D,Bengaluru,Normal,Male,Noodles,Grocery,10,53.58,Cash,3.7,535.8
INV1949,2026-01-08,D,Bengaluru,Normal,Female,Noodles,Grocery,5,59.82,Card,4.6,299.1
INV1950,2026-01-14,A,Jaipur,Normal,Female,Milk,Dairy,10,60.55,UPI,3.9,605.5
INV1951,2026-05-29,D,Bengaluru,Member,Male,Chips,Snacks,2,39.78,Card,3.6,79.56
INV1952,2026-03-28,A,Jaipur,Normal,Male,Milk,Dairy,7,48.3,Cash,4.8,338.1
INV1953,2026-02-07,A,Jaipur,Member,Female,Bread,Bakery,1,40.3,UPI,4.4,40.3
INV1954,2026-04-29,C,Mumbai,Normal,Female,Bananas,Fruits,6,50.58,Cash,3.7,303.48
INV1955,2026-02-07,B,Delhi,Member,Female,Shampoo,Personal Care,6,151.99,Net Banking,4.1,911.94
INV1956,2026-05-29,B,Delhi,Normal,Male,Tea,Beverages,10,120.53,Cash,4.3,1205.3
INV1957,2026-02-08,C,Mumbai,Normal,Male,Soap,Personal Care,5,45.63,Net Banking,3.6,228.15
INV1958,2026-02-26,A,Jaipur,Member,Female,Soap,Personal Care,2,45.08,Card,3.1,90.16
INV1959,2026-04-20,D,Bengaluru,Normal,Female,Tea,Beverages,10,119.33,Card,3.4,1193.3
INV1960,2026-01-26,B,Delhi,Normal,Male,Tea,Beverages,10,135.15,Net Banking,3.1,1351.5
INV1961,2026-06-29,B,Delhi,Normal,Female,Face Wash,Personal Care,7,119.68,Card,3.1,837.76
INV1962,2026-03-05,B,Delhi,Member,Male,Biscuits,Snacks,7,29.32,Card,3.2,205.24
INV1963,2026-01-18,A,Jaipur,Normal,Male,Cold Drink,Beverages,1,66.75,Cash,4.7,66.75
INV1964,2026-02-04,A,Jaipur,Member,Male,Soap,Personal Care,5,38.96,Net Banking,3.1,194.8
INV1965,2026-03-29,D,Bengaluru,Normal,Female,Bananas,Fruits,6,67.09,UPI,4.3,402.54
INV1966,2026-06-29,B,Delhi,Normal,Male,Face Wash,Personal Care,5,125.8,Card,3.2,629.0
INV1967,2026-06-13,B,Delhi,Member,Male,Apples,Fruits,2,165.86,Card,4.9,331.72
INV1968,2026-02-11,A,Jaipur,Member,Male,Noodles,Grocery,8,55.7,UPI,4.0,445.6
INV1969,2026-01-23,C,Mumbai,Member,Female,Face Wash,Personal Care,5,126.35,Cash,3.6,631.75
INV1970,2026-02-03,A,Jaipur,Normal,Female,Milk,Dairy,1,50.77,Cash,3.2,50.77
INV1971,2026-04-22,A,Jaipur,Member,Male,Soap,Personal Care,8,38.25,Cash,3.3,306.0
INV1972,2026-01-29,C,Mumbai,Normal,Male,Bread,Bakery,6,41.84,UPI,3.5,251.04
INV1973,2026-03-17,B,Delhi,Normal,Female,Cooking Oil,Grocery,8,136.12,Cash,4.1,1088.96
INV1974,2026-01-02,D,Bengaluru,Member,Male,Chocolate,Snacks,2,57.69,Card,3.8,115.38
INV1975,2026-03-29,D,Bengaluru,Normal,Female,Chocolate,Snacks,7,41.72,Cash,4.9,292.04
INV1976,2026-03-14,C,Mumbai,Normal,Female,Face Wash,Personal Care,7,114.8,Card,4.2,803.6
INV1977,2026-03-15,C,Mumbai,Normal,Female,Cold Drink,Beverages,5,63.5,UPI,4.1,317.5
INV1978,2026-06-27,D,Bengaluru,Normal,Female,Bananas,Fruits,9,64.26,Cash,3.3,578.34
INV1979,2026-02-09,D,Bengaluru,Member,Male,Milk,Dairy,8,61.91,Cash,4.8,495.28
INV1980,2026-03-26,D,Bengaluru,Normal,Female,Potato,Vegetables,3,33.94,Card,3.6,101.82
INV1981,2026-01-26,A,Jaipur,Normal,Male,Bread,Bakery,4,38.46,UPI,3.5,153.84
INV1982,2026-06-17,C,Mumbai,Member,Male,Cheese,Dairy,7,256.13,Cash,3.7,1792.91
INV1983,2026-06-08,D,Bengaluru,Member,Female,Biscuits,Snacks,4,27.04,UPI,4.7,108.16
INV1984,2026-03-31,A,Jaipur,Normal,Female,Apples,Fruits,9,118.33,Card,3.0,1064.97
INV1985,2026-01-12,A,Jaipur,Member,Female,Potato,Vegetables,1,38.86,Card,3.2,38.86
INV1986,2026-02-25,A,Jaipur,Member,Female,Eggs,Dairy,4,86.15,Cash,3.8,344.6
INV1987,2026-03-18,B,Delhi,Normal,Female,Shampoo,Personal Care,2,157.1,UPI,4.9,314.2
INV1988,2026-02-11,A,Jaipur,Member,Male,Chips,Snacks,10,34.68,Card,3.7,346.8
INV1989,2026-02-25,C,Mumbai,Normal,Female,Noodles,Grocery,5,53.98,UPI,3.7,269.9
INV1990,2026-03-15,C,Mumbai,Normal,Female,Bread,Bakery,5,42.08,Net Banking,4.9,210.4
INV1991,2026-03-24,B,Delhi,Normal,Male,Rice,Grocery,6,58.93,Net Banking,3.6,353.58
INV1992,2026-01-04,C,Mumbai,Member,Female,Tea,Beverages,10,110.18,Cash,3.6,1101.8
INV1993,2026-04-08,A,Jaipur,Normal,Male,Cheese,Dairy,8,254.17,UPI,3.7,2033.36
INV1994,2026-02-22,D,Bengaluru,Normal,Female,Chocolate,Snacks,3,55.83,UPI,4.3,167.49
INV1995,2026-05-01,B,Delhi,Normal,Male,Eggs,Dairy,3,80.11,Card,4.1,240.33
INV1996,2026-04-03,C,Mumbai,Member,Male,Biscuits,Snacks,9,28.29,UPI,4.2,254.61
INV1997,2026-06-19,B,Delhi,Member,Female,Tomato,Vegetables,2,47.36,UPI,4.5,94.72
INV1998,2026-01-01,B,Delhi,Normal,Female,Biscuits,Snacks,4,34.5,Card,3.6,138.0
INV1999,2026-04-01,A,Jaipur,Normal,Male,Soap,Personal Care,10,40.04,Cash,3.2,400.4
INV2000,2026-03-31,B,Delhi,Member,Female,Bananas,Fruits,10,67.19,Card,4.3,671.9
INV2001,2026-05-12,D,Bengaluru,Normal,Male,Rice,Grocery,6,72.53,Net Banking,4.6,435.18
INV2002,2026-05-10,A,Jaipur,Member,Male,Soap,Personal Care,9,48.56,UPI,4.2,437.04
INV2003,2026-06-08,D,Bengaluru,Normal,Male,Soap,Personal Care,8,52.28,UPI,4.3,418.24
INV2004,2026-06-26,A,Jaipur,Member,Male,Bread,Bakery,3,43.83,Cash,4.0,131.49
INV2005,2026-05-23,B,Delhi,Normal,Male,Cheese,Dairy,9,238.84,Net Banking,4.6,2149.56
INV2006,2026-04-23,A,Jaipur,Normal,Female,Cold Drink,Beverages,4,64.36,UPI,4.5,257.44
INV2007,2026-05-04,C,Mumbai,Member,Male,Apples,Fruits,9,121.37,Card,5.0,1092.33
INV2008,2026-04-05,C,Mumbai,Member,Female,Face Wash,Personal Care,7,103.57,UPI,3.1,724.99
INV2009,2026-06-30,D,Bengaluru,Member,Female,Rice,Grocery,10,79.17,Cash,4.7,791.7
INV2010,2026-06-14,D,Bengaluru,Normal,Male,Soap,Personal Care,7,38.34,Card,4.9,268.38
INV2011,2026-03-18,C,Mumbai,Member,Female,Rice,Grocery,1,67.81,UPI,3.9,67.81
INV2012,2026-06-13,A,Jaipur,Member,Male,Milk,Dairy,2,58.18,Cash,3.4,116.36
INV2013,2026-02-13,D,Bengaluru,Member,Female,Cooking Oil,Grocery,4,140.2,Net Banking,4.9,560.8
INV2014,2026-02-03,D,Bengaluru,Member,Female,Tea,Beverages,5,109.55,Card,3.7,547.75
INV2015,2026-02-11,C,Mumbai,Member,Male,Biscuits,Snacks,7,33.42,Card,5.0,233.94
INV2016,2026-05-18,B,Delhi,Member,Male,Eggs,Dairy,7,84.15,Net Banking,4.8,589.05
INV2017,2026-04-02,C,Mumbai,Normal,Female,Potato,Vegetables,3,32.18,Card,4.0,96.54
INV2018,2026-02-18,B,Delhi,Member,Female,Eggs,Dairy,5,101.32,Cash,4.5,506.6
INV2019,2026-03-03,B,Delhi,Member,Female,Biscuits,Snacks,5,25.13,Net Banking,3.0,125.65
INV2020,2026-03-04,D,Bengaluru,Member,Male,Milk,Dairy,8,54.66,UPI,3.9,437.28
INV2021,2026-03-19,A,Jaipur,Normal,Male,Eggs,Dairy,2,83.09,Cash,3.0,166.18
INV2022,2026-04-18,B,Delhi,Member,Female,Cooking Oil,Grocery,1,156.63,Net Banking,5.0,156.63
INV2023,2026-03-12,C,Mumbai,Normal,Male,Bread,Bakery,6,38.69,UPI,4.8,232.14
INV2024,2026-03-21,C,Mumbai,Member,Male,Bananas,Fruits,5,56.57,Cash,4.9,282.85
INV2025,2026-07-01,A,Jaipur,Normal,Female,Apples,Fruits,7,164.33,Cash,3.1,1150.31
INV2026,2026-01-18,C,Mumbai,Member,Male,Shampoo,Personal Care,5,206.44,Card,3.3,1032.2
INV2027,2026-05-08,C,Mumbai,Normal,Female,Tea,Beverages,9,113.68,Card,3.6,1023.12
INV2028,2026-02-09,D,Bengaluru,Normal,Female,Coffee,Beverages,3,195.68,Net Banking,4.6,587.04
INV2029,2026-06-29,C,Mumbai,Member,Male,Rice,Grocery,6,61.87,UPI,3.1,371.22
INV2030,2026-04-22,B,Delhi,Normal,Male,Chocolate,Snacks,2,43.59,Cash,3.6,87.18
INV2031,2026-03-28,D,Bengaluru,Member,Female,Biscuits,Snacks,3,34.71,Cash,3.5,104.13
INV2032,2026-05-15,C,Mumbai,Normal,Female,Tea,Beverages,2,133.71,Net Banking,4.9,267.42
INV2033,2026-01-20,D,Bengaluru,Normal,Male,Cheese,Dairy,10,227.63,Card,4.9,2276.3
INV2034,2026-04-10,D,Bengaluru,Normal,Female,Noodles,Grocery,2,61.0,Cash,3.9,122.0
INV2035,2026-04-27,B,Delhi,Normal,Female,Bread,Bakery,5,43.81,Cash,5.0,219.05
INV2036,2026-02-05,D,Bengaluru,Member,Male,Bread,Bakery,7,46.76,Card,4.1,327.32
INV2037,2026-06-07,A,Jaipur,Member,Male,Eggs,Dairy,4,77.84,UPI,5.0,311.36
INV2038,2026-02-20,D,Bengaluru,Member,Female,Coffee,Beverages,8,182.58,UPI,3.1,1460.64
INV2039,2026-02-26,A,Jaipur,Normal,Female,Cold Drink,Beverages,5,56.52,Card,4.0,282.6
INV2040,2026-03-29,D,Bengaluru,Normal,Female,Noodles,Grocery,2,58.65,Cash,3.7,117.3
INV2041,2026-03-20,C,Mumbai,Member,Female,Chocolate,Snacks,7,56.11,Card,3.8,392.77
INV2042,2026-06-01,A,Jaipur,Member,Female,Cheese,Dairy,9,186.39,UPI,4.6,1677.51
INV2043,2026-04-19,C,Mumbai,Member,Male,Cold Drink,Beverages,3,61.87,Net Banking,4.2,185.61
INV2044,2026-04-19,D,Bengaluru,Normal,Female,Coffee,Beverages,1,201.95,Net Banking,3.4,201.95
INV2045,2026-05-26,D,Bengaluru,Normal,Female,Cold Drink,Beverages,7,65.76,UPI,4.0,460.32
INV2046,2026-06-26,B,Delhi,Member,Female,Tea,Beverages,2,135.87,UPI,4.3,271.74
INV2047,2026-06-11,A,Jaipur,Member,Female,Bread,Bakery,8,41.25,UPI,4.2,330.0
INV2048,2026-05-17,A,Jaipur,Member,Male,Rice,Grocery,2,67.1,Card,3.3,134.2
INV2049,2026-02-04,D,Bengaluru,Normal,Female,Bread,Bakery,8,45.49,Net Banking,4.9,363.92
INV2050,2026-06-02,C,Mumbai,Normal,Female,Cooking Oil,Grocery,4,153.51,UPI,4.7,614.04
INV2051,2026-05-30,A,Jaipur,Member,Female,Coffee,Beverages,2,206.87,Cash,4.1,413.74
INV2052,2026-02-24,D,Bengaluru,Member,Female,Cheese,Dairy,4,204.51,Net Banking,3.5,818.04
INV2053,2026-05-15,C,Mumbai,Normal,Male,Bananas,Fruits,8,50.83,Card,3.3,406.64
INV2054,2026-06-27,D,Bengaluru,Member,Male,Eggs,Dairy,10,83.78,Cash,3.6,837.8
INV2055,2026-03-15,C,Mumbai,Member,Female,Shampoo,Personal Care,7,149.8,Card,3.8,1048.6
INV2056,2026-03-12,A,Jaipur,Member,Male,Coffee,Beverages,10,184.09,UPI,4.6,1840.9
INV2057,2026-04-29,D,Bengaluru,Normal,Female,Tea,Beverages,3,128.9,UPI,4.2,386.7
INV2058,2026-02-27,A,Jaipur,Member,Male,Eggs,Dairy,2,75.41,UPI,4.2,150.82
INV2059,2026-03-19,A,Jaipur,Normal,Male,Potato,Vegetables,2,32.46,Cash,4.7,64.92
INV2060,2026-01-03,D,Bengaluru,Member,Male,Shampoo,Personal Care,5,201.59,UPI,3.9,1007.95
INV2061,2026-03-17,D,Bengaluru,Normal,Male,Potato,Vegetables,10,30.74,Net Banking,3.2,307.4
INV2062,2026-04-30,A,Jaipur,Normal,Female,Eggs,Dairy,1,88.34,UPI,4.2,88.34
INV2063,2026-01-17,B,Delhi,Member,Male,Chocolate,Snacks,10,57.19,Net Banking,3.6,571.9
INV2064,2026-05-17,C,Mumbai,Normal,Male,Rice,Grocery,3,64.67,Cash,3.8,194.01
INV2065,2026-01-04,D,Bengaluru,Normal,Male,Shampoo,Personal Care,3,163.3,Card,3.3,489.9
INV2066,2026-04-11,A,Jaipur,Member,Male,Cheese,Dairy,3,250.6,Card,4.6,751.8
INV2067,2026-02-25,B,Delhi,Member,Female,Soap,Personal Care,6,38.44,Net Banking,3.7,230.64
INV2068,2026-02-15,C,Mumbai,Normal,Female,Rice,Grocery,8,70.32,Cash,3.2,562.56
INV2069,2026-04-09,B,Delhi,Member,Female,Tomato,Vegetables,6,51.03,Net Banking,4.4,306.18
INV2070,2026-06-29,A,Jaipur,Member,Female,Bread,Bakery,2,42.2,UPI,3.0,84.4
INV2071,2026-04-17,D,Bengaluru,Member,Female,Coffee,Beverages,10,165.65,UPI,3.9,1656.5
INV2072,2026-05-20,D,Bengaluru,Member,Male,Cold Drink,Beverages,3,72.84,UPI,4.6,218.52
INV2073,2026-01-13,A,Jaipur,Member,Female,Milk,Dairy,4,59.64,Card,4.7,238.56
INV2074,2026-01-13,B,Delhi,Member,Male,Coffee,Beverages,5,165.61,Net Banking,4.1,828.05
INV2075,2026-04-28,B,Delhi,Member,Male,Cheese,Dairy,1,253.91,Cash,3.8,253.91
INV2076,2026-01-05,B,Delhi,Normal,Male,Cheese,Dairy,3,227.48,Net Banking,3.9,682.44
INV2077,2026-05-18,A,Jaipur,Member,Female,Milk,Dairy,7,55.63,Net Banking,3.3,389.41
INV2078,2026-01-31,B,Delhi,Member,Male,Bread,Bakery,2,42.14,Net Banking,3.9,84.28
INV2079,2026-03-11,C,Mumbai,Member,Male,Noodles,Grocery,7,50.16,UPI,3.6,351.12
INV2080,2026-06-27,C,Mumbai,Member,Male,Cheese,Dairy,4,198.03,UPI,3.6,792.12
INV2081,2026-02-14,B,Delhi,Member,Male,Chocolate,Snacks,7,49.49,Net Banking,3.6,346.43
INV2082,2026-03-11,C,Mumbai,Member,Female,Cheese,Dairy,7,250.3,UPI,3.2,1752.1
INV2083,2026-03-20,B,Delhi,Normal,Male,Coffee,Beverages,6,170.37,Card,4.3,1022.22
INV2084,2026-02-21,D,Bengaluru,Member,Male,Potato,Vegetables,8,36.81,UPI,4.2,294.48
INV2085,2026-01-18,C,Mumbai,Normal,Female,Cheese,Dairy,2,204.42,Card,4.1,408.84
INV2086,2026-03-05,C,Mumbai,Normal,Female,Chocolate,Snacks,5,52.93,Card,4.7,264.65
INV2087,2026-02-13,A,Jaipur,Normal,Female,Shampoo,Personal Care,10,184.33,Net Banking,3.9,1843.3
INV2088,2026-04-12,C,Mumbai,Normal,Male,Tea,Beverages,1,133.74,Net Banking,3.2,133.74
INV2089,2026-06-18,D,Bengaluru,Member,Male,Bread,Bakery,2,35.22,UPI,4.1,70.44
INV2090,2026-06-30,C,Mumbai,Member,Male,Biscuits,Snacks,5,27.68,Cash,4.3,138.4
INV2091,2026-04-01,B,Delhi,Member,Female,Cheese,Dairy,4,194.02,Net Banking,4.3,776.08
INV2092,2026-06-19,D,Bengaluru,Normal,Female,Coffee,Beverages,10,171.24,Card,3.5,1712.4
INV2093,2026-02-22,D,Bengaluru,Member,Male,Potato,Vegetables,6,39.85,Card,3.8,239.1
INV2094,2026-05-27,C,Mumbai,Normal,Female,Noodles,Grocery,10,61.91,UPI,4.0,619.1
INV2095,2026-06-28,D,Bengaluru,Normal,Female,Noodles,Grocery,6,59.98,Card,4.3,359.88
INV2096,2026-01-29,A,Jaipur,Member,Female,Coffee,Beverages,3,178.76,Net Banking,4.6,536.28
INV2097,2026-06-04,A,Jaipur,Normal,Female,Rice,Grocery,1,80.54,UPI,5.0,80.54
INV2098,2026-02-15,D,Bengaluru,Member,Male,Tomato,Vegetables,7,41.39,UPI,4.9,289.73
INV2099,2026-03-23,A,Jaipur,Normal,Male,Tomato,Vegetables,4,38.26,Cash,4.6,153.04
INV2100,2026-06-05,C,Mumbai,Normal,Male,Face Wash,Personal Care,3,136.43,UPI,4.1,409.29
INV2101,2026-03-25,C,Mumbai,Member,Male,Noodles,Grocery,9,64.79,Cash,4.5,583.11
INV2102,2026-05-06,C,Mumbai,Normal,Male,Face Wash,Personal Care,3,102.4,Net Banking,3.2,307.2
INV2103,2026-01-02,B,Delhi,Member,Female,Tea,Beverages,10,129.76,Card,3.1,1297.6
INV2104,2026-01-10,D,Bengaluru,Member,Male,Bread,Bakery,6,39.75,Net Banking,4.9,238.5
INV2105,2026-02-18,B,Delhi,Member,Male,Bread,Bakery,4,37.07,UPI,4.1,148.28
INV2106,2026-05-13,C,Mumbai,Normal,Female,Milk,Dairy,1,52.17,Cash,5.0,52.17
INV2107,2026-01-26,B,Delhi,Member,Female,Milk,Dairy,5,52.5,Card,4.3,262.5
INV2108,2026-01-03,B,Delhi,Member,Female,Biscuits,Snacks,1,28.18,UPI,3.0,28.18
INV2109,2026-05-29,A,Jaipur,Member,Female,Cheese,Dairy,8,250.45,Net Banking,5.0,2003.6
INV2110,2026-03-03,D,Bengaluru,Member,Female,Biscuits,Snacks,6,33.93,UPI,4.0,203.58
INV2111,2026-01-08,A,Jaipur,Normal,Female,Tea,Beverages,9,117.81,Cash,4.8,1060.29
INV2112,2026-01-21,A,Jaipur,Member,Female,Apples,Fruits,7,139.11,Net Banking,3.4,973.77
INV2113,2026-01-20,C,Mumbai,Member,Female,Cooking Oil,Grocery,6,137.91,UPI,4.6,827.46
INV2114,2026-01-09,C,Mumbai,Member,Male,Soap,Personal Care,2,45.57,Cash,3.7,91.14
INV2115,2026-03-21,B,Delhi,Member,Female,Coffee,Beverages,10,157.29,UPI,4.5,1572.9
INV2116,2026-03-12,A,Jaipur,Member,Female,Potato,Vegetables,6,39.49,Cash,3.8,236.94
INV2117,2026-04-12,D,Bengaluru,Normal,Male,Tomato,Vegetables,8,47.04,UPI,3.2,376.32
INV2118,2026-04-27,C,Mumbai,Member,Male,Milk,Dairy,6,46.62,Net Banking,3.4,279.72
INV2119,2026-04-01,C,Mumbai,Normal,Male,Chips,Snacks,9,33.21,Net Banking,3.6,298.89
INV2120,2026-02-18,A,Jaipur,Member,Female,Bread,Bakery,10,37.05,Net Banking,3.9,370.5
INV2121,2026-05-13,B,Delhi,Normal,Male,Soap,Personal Care,8,47.35,Net Banking,4.5,378.8
INV2122,2026-01-27,B,Delhi,Member,Male,Potato,Vegetables,10,39.77,Net Banking,3.7,397.7
INV2123,2026-04-27,D,Bengaluru,Normal,Female,Apples,Fruits,2,151.22,Card,4.4,302.44
INV2124,2026-06-29,A,Jaipur,Normal,Male,Chocolate,Snacks,7,52.59,UPI,4.3,368.13
INV2125,2026-02-27,A,Jaipur,Member,Male,Coffee,Beverages,3,172.95,Net Banking,4.2,518.85
INV2126,2026-03-23,B,Delhi,Normal,Female,Chips,Snacks,2,36.83,Card,3.1,73.66
INV2127,2026-04-13,D,Bengaluru,Member,Male,Potato,Vegetables,6,39.07,Card,4.5,234.42
INV2128,2026-05-09,D,Bengaluru,Member,Female,Potato,Vegetables,4,40.45,UPI,4.3,161.8
INV2129,2026-02-15,B,Delhi,Normal,Male,Tea,Beverages,9,101.26,Cash,3.3,911.34
INV2130,2026-02-14,D,Bengaluru,Normal,Male,Bread,Bakery,8,44.18,UPI,3.5,353.44
INV2131,2026-02-04,A,Jaipur,Normal,Male,Bread,Bakery,1,46.18,UPI,3.0,46.18
INV2132,2026-01-16,B,Delhi,Member,Female,Cheese,Dairy,4,258.56,Cash,4.8,1034.24
INV2133,2026-05-24,C,Mumbai,Normal,Male,Milk,Dairy,3,60.16,Cash,3.5,180.48
INV2134,2026-03-20,C,Mumbai,Normal,Male,Chips,Snacks,2,36.28,Net Banking,4.2,72.56
INV2135,2026-05-21,D,Bengaluru,Normal,Male,Soap,Personal Care,4,45.24,Cash,3.9,180.96
INV2136,2026-02-10,B,Delhi,Member,Male,Apples,Fruits,2,165.41,Cash,5.0,330.82
INV2137,2026-02-08,D,Bengaluru,Member,Male,Apples,Fruits,7,134.64,UPI,4.7,942.48
INV2138,2026-06-10,B,Delhi,Normal,Male,Eggs,Dairy,7,100.07,UPI,4.8,700.49
INV2139,2026-06-09,A,Jaipur,Normal,Female,Chips,Snacks,2,30.44,UPI,4.8,60.88
INV2140,2026-02-01,A,Jaipur,Normal,Female,Cooking Oil,Grocery,2,175.54,Cash,4.4,351.08
INV2141,2026-02-04,A,Jaipur,Member,Female,Chocolate,Snacks,1,53.6,Card,3.9,53.6
INV2142,2026-03-21,A,Jaipur,Normal,Female,Coffee,Beverages,6,170.49,Net Banking,3.7,1022.94
INV2143,2026-02-20,D,Bengaluru,Normal,Female,Cheese,Dairy,1,216.41,UPI,3.2,216.41
INV2144,2026-04-10,B,Delhi,Member,Male,Cooking Oil,Grocery,4,131.37,Card,4.7,525.48
INV2145,2026-06-27,B,Delhi,Member,Female,Cheese,Dairy,4,196.9,Net Banking,3.5,787.6
INV2146,2026-01-21,A,Jaipur,Normal,Male,Apples,Fruits,2,123.4,UPI,4.1,246.8
INV2147,2026-01-29,B,Delhi,Normal,Female,Soap,Personal Care,7,40.84,Card,3.0,285.88
INV2148,2026-06-08,B,Delhi,Member,Male,Milk,Dairy,5,46.42,Net Banking,3.9,232.1
INV2149,2026-06-25,D,Bengaluru,Normal,Female,Cheese,Dairy,1,194.9,UPI,3.3,194.9
INV2150,2026-04-13,B,Delhi,Member,Male,Apples,Fruits,1,150.27,UPI,5.0,150.27
INV2151,2026-02-10,C,Mumbai,Normal,Male,Noodles,Grocery,3,48.19,Card,4.6,144.57
INV2152,2026-05-12,A,Jaipur,Normal,Female,Milk,Dairy,5,60.68,Cash,4.6,303.4
INV2153,2026-01-12,D,Bengaluru,Normal,Female,Tomato,Vegetables,7,47.71,Cash,3.4,333.97
INV2154,2026-02-01,A,Jaipur,Member,Male,Cooking Oil,Grocery,1,140.86,UPI,3.2,140.86
INV2155,2026-04-16,B,Delhi,Normal,Female,Potato,Vegetables,1,40.34,Card,4.9,40.34
INV2156,2026-05-26,B,Delhi,Member,Female,Biscuits,Snacks,1,32.56,Cash,3.9,32.56
INV2157,2026-04-24,C,Mumbai,Normal,Male,Biscuits,Snacks,9,27.69,Cash,3.0,249.21
INV2158,2026-06-06,C,Mumbai,Member,Male,Soap,Personal Care,6,48.88,Cash,4.4,293.28
INV2159,2026-06-26,A,Jaipur,Normal,Male,Chocolate,Snacks,4,53.67,Card,4.3,214.68
INV2160,2026-03-03,D,Bengaluru,Member,Female,Chocolate,Snacks,3,56.21,Card,3.8,168.63
INV2161,2026-01-20,A,Jaipur,Member,Male,Potato,Vegetables,6,31.22,Net Banking,3.0,187.32
INV2162,2026-04-29,B,Delhi,Normal,Male,Chips,Snacks,9,39.33,Cash,4.6,353.97
INV2163,2026-02-13,A,Jaipur,Member,Female,Face Wash,Personal Care,4,127.65,Card,4.8,510.6
INV2164,2026-06-08,A,Jaipur,Normal,Male,Bananas,Fruits,5,65.27,Net Banking,3.3,326.35
INV2165,2026-05-06,C,Mumbai,Normal,Male,Cheese,Dairy,10,210.42,UPI,3.3,2104.2
INV2166,2026-05-11,C,Mumbai,Normal,Female,Milk,Dairy,2,55.7,Net Banking,3.5,111.4
INV2167,2026-03-03,B,Delhi,Member,Male,Soap,Personal Care,9,40.61,Cash,3.7,365.49
INV2168,2026-05-21,B,Delhi,Normal,Female,Soap,Personal Care,4,44.05,Card,3.8,176.2
INV2169,2026-05-17,B,Delhi,Normal,Female,Tomato,Vegetables,3,51.98,Cash,4.6,155.94
INV2170,2026-03-05,B,Delhi,Normal,Male,Chocolate,Snacks,6,41.87,Cash,3.1,251.22
INV2171,2026-03-18,B,Delhi,Member,Male,Bread,Bakery,2,43.51,UPI,3.5,87.02
INV2172,2026-03-15,C,Mumbai,Normal,Female,Eggs,Dairy,10,98.1,Card,3.1,981.0
INV2173,2026-01-30,C,Mumbai,Normal,Female,Chocolate,Snacks,9,54.59,Card,4.5,491.31
INV2174,2026-03-08,A,Jaipur,Normal,Female,Chocolate,Snacks,6,42.8,UPI,4.2,256.8
INV2175,2026-06-01,C,Mumbai,Normal,Female,Potato,Vegetables,10,41.0,Card,4.3,410.0
INV2176,2026-01-11,B,Delhi,Member,Female,Chocolate,Snacks,10,49.24,Net Banking,4.8,492.4
INV2177,2026-04-10,C,Mumbai,Normal,Female,Cooking Oil,Grocery,10,157.71,Cash,3.3,1577.1
INV2178,2026-04-24,C,Mumbai,Normal,Female,Eggs,Dairy,6,77.75,UPI,3.6,466.5
INV2179,2026-04-21,A,Jaipur,Normal,Male,Milk,Dairy,8,52.31,UPI,4.8,418.48
INV2180,2026-01-19,B,Delhi,Member,Female,Bread,Bakery,4,46.81,Cash,4.4,187.24
INV2181,2026-06-04,C,Mumbai,Normal,Male,Bananas,Fruits,8,57.99,UPI,4.4,463.92
INV2182,2026-03-24,A,Jaipur,Normal,Female,Milk,Dairy,10,46.06,Card,3.9,460.6
INV2183,2026-06-18,D,Bengaluru,Normal,Male,Bananas,Fruits,10,60.22,Card,4.5,602.2
INV2184,2026-04-21,B,Delhi,Normal,Male,Tea,Beverages,5,106.06,Cash,4.5,530.3
INV2185,2026-01-12,C,Mumbai,Normal,Female,Cheese,Dairy,7,259.03,UPI,4.2,1813.21
INV2186,2026-06-26,D,Bengaluru,Normal,Female,Cooking Oil,Grocery,10,143.04,Net Banking,4.3,1430.4
INV2187,2026-06-05,B,Delhi,Member,Male,Bananas,Fruits,6,58.17,Cash,4.5,349.02
INV2188,2026-01-18,A,Jaipur,Member,Male,Eggs,Dairy,7,93.38,Card,3.1,653.66
INV2189,2026-02-08,C,Mumbai,Normal,Male,Potato,Vegetables,10,31.58,Card,3.7,315.8
INV2190,2026-05-10,C,Mumbai,Member,Female,Shampoo,Personal Care,1,181.89,Card,3.3,181.89
INV2191,2026-05-26,B,Delhi,Member,Female,Tomato,Vegetables,2,52.15,Net Banking,3.9,104.3
INV2192,2026-01-17,C,Mumbai,Member,Female,Apples,Fruits,8,145.96,Card,4.2,1167.68
INV2193,2026-05-30,B,Delhi,Normal,Male,Coffee,Beverages,10,180.45,Cash,4.8,1804.5
INV2194,2026-04-09,D,Bengaluru,Normal,Female,Biscuits,Snacks,10,29.71,Cash,4.1,297.1
INV2195,2026-04-14,D,Bengaluru,Member,Female,Coffee,Beverages,3,191.21,Cash,3.3,573.63
INV2196,2026-01-09,C,Mumbai,Normal,Female,Apples,Fruits,5,122.15,Card,3.9,610.75
INV2197,2026-02-20,C,Mumbai,Member,Male,Cheese,Dairy,2,196.72,Net Banking,4.7,393.44
INV2198,2026-04-30,A,Jaipur,Normal,Male,Chocolate,Snacks,3,58.17,Net Banking,4.0,174.51
INV2199,2026-05-27,A,Jaipur,Member,Male,Eggs,Dairy,7,98.43,Card,3.6,689.01
INV2200,2026-05-13,C,Mumbai,Normal,Female,Rice,Grocery,7,60.78,UPI,3.6,425.46
INV2201,2026-05-09,B,Delhi,Normal,Male,Tea,Beverages,9,140.97,UPI,4.4,1268.73
INV2202,2026-02-10,D,Bengaluru,Member,Male,Coffee,Beverages,2,193.47,Cash,3.2,386.94
INV2203,2026-04-10,B,Delhi,Normal,Male,Potato,Vegetables,8,33.09,Net Banking,3.8,264.72
INV2204,2026-06-12,C,Mumbai,Normal,Male,Cooking Oil,Grocery,10,177.0,Card,3.4,1770.0
INV2205,2026-03-15,B,Delhi,Member,Female,Cheese,Dairy,10,232.59,Net Banking,4.9,2325.9
INV2206,2026-03-07,C,Mumbai,Normal,Male,Soap,Personal Care,3,39.01,Net Banking,3.7,117.03
INV2207,2026-01-29,D,Bengaluru,Member,Female,Cold Drink,Beverages,3,69.81,UPI,3.8,209.43
INV2208,2026-06-30,D,Bengaluru,Member,Male,Cooking Oil,Grocery,9,132.92,Net Banking,3.1,1196.28
INV2209,2026-02-07,B,Delhi,Member,Female,Cheese,Dairy,10,231.62,Net Banking,4.8,2316.2
INV2210,2026-01-27,A,Jaipur,Member,Male,Tea,Beverages,9,132.67,Card,3.2,1194.03
INV2211,2026-02-13,D,Bengaluru,Normal,Male,Cooking Oil,Grocery,6,174.42,Card,4.0,1046.52
INV2212,2026-06-17,A,Jaipur,Normal,Female,Coffee,Beverages,1,181.69,Net Banking,4.8,181.69
INV2213,2026-02-15,D,Bengaluru,Member,Male,Noodles,Grocery,3,52.28,Net Banking,4.7,156.84
INV2214,2026-01-11,D,Bengaluru,Normal,Male,Soap,Personal Care,5,50.22,Card,3.6,251.1
INV2215,2026-06-08,C,Mumbai,Normal,Female,Eggs,Dairy,1,80.17,UPI,3.8,80.17
INV2216,2026-01-31,B,Delhi,Normal,Female,Cold Drink,Beverages,5,67.4,Card,5.0,337.0
INV2217,2026-04-15,B,Delhi,Normal,Male,Shampoo,Personal Care,9,181.58,Card,3.0,1634.22
INV2218,2026-01-21,A,Jaipur,Member,Male,Potato,Vegetables,2,29.32,Card,4.3,58.64
INV2219,2026-04-03,D,Bengaluru,Normal,Male,Chocolate,Snacks,4,47.63,Card,4.1,190.52
INV2220,2026-01-25,C,Mumbai,Member,Male,Shampoo,Personal Care,6,195.11,Card,4.3,1170.66
INV2221,2026-03-08,C,Mumbai,Member,Male,Noodles,Grocery,10,55.44,UPI,4.0,554.4
INV2222,2026-05-27,D,Bengaluru,Normal,Female,Bananas,Fruits,3,62.83,Cash,4.7,188.49
INV2223,2026-02-04,C,Mumbai,Normal,Male,Milk,Dairy,9,57.46,Card,3.2,517.14
INV2224,2026-04-13,D,Bengaluru,Normal,Male,Noodles,Grocery,5,55.73,Card,4.2,278.65
INV2225,2026-02-22,C,Mumbai,Member,Male,Cheese,Dairy,6,203.48,UPI,4.6,1220.88
INV2226,2026-06-10,D,Bengaluru,Member,Male,Tea,Beverages,5,139.69,Cash,3.9,698.45
INV2227,2026-01-16,B,Delhi,Normal,Male,Tomato,Vegetables,2,39.98,Net Banking,4.3,79.96
INV2228,2026-06-23,A,Jaipur,Normal,Female,Eggs,Dairy,10,77.63,UPI,4.7,776.3
INV2229,2026-06-21,B,Delhi,Member,Male,Apples,Fruits,8,162.16,Card,3.2,1297.28
INV2230,2026-06-27,C,Mumbai,Member,Male,Rice,Grocery,2,61.25,Net Banking,3.0,122.5
INV2231,2026-03-04,B,Delhi,Normal,Female,Chips,Snacks,2,36.89,UPI,4.4,73.78
INV2232,2026-02-18,B,Delhi,Normal,Male,Eggs,Dairy,9,82.65,Net Banking,4.5,743.85
INV2233,2026-03-01,A,Jaipur,Normal,Male,Chips,Snacks,4,33.93,UPI,4.2,135.72
INV2234,2026-01-29,B,Delhi,Member,Male,Face Wash,Personal Care,3,112.5,UPI,3.3,337.5
INV2235,2026-01-21,B,Delhi,Member,Female,Bananas,Fruits,1,65.05,Net Banking,3.2,65.05
INV2236,2026-05-22,B,Delhi,Normal,Female,Coffee,Beverages,9,209.8,Cash,3.7,1888.2
INV2237,2026-03-18,A,Jaipur,Member,Female,Bread,Bakery,3,40.68,Net Banking,4.6,122.04
INV2238,2026-01-18,A,Jaipur,Member,Male,Biscuits,Snacks,1,33.27,Net Banking,4.7,33.27
INV2239,2026-03-11,D,Bengaluru,Member,Male,Bananas,Fruits,6,61.62,Cash,4.1,369.72
INV2240,2026-06-02,D,Bengaluru,Normal,Male,Chocolate,Snacks,5,55.69,Net Banking,4.1,278.45
INV2241,2026-01-11,C,Mumbai,Normal,Male,Potato,Vegetables,10,30.42,Cash,4.5,304.2
INV2242,2026-05-07,A,Jaipur,Normal,Female,Apples,Fruits,10,132.22,Cash,3.3,1322.2
INV2243,2026-01-16,C,Mumbai,Member,Female,Cooking Oil,Grocery,7,135.6,Cash,3.6,949.2
INV2244,2026-06-27,A,Jaipur,Member,Male,Eggs,Dairy,3,90.19,Card,3.9,270.57
INV2245,2026-05-14,D,Bengaluru,Normal,Female,Tea,Beverages,1,113.87,UPI,3.4,113.87
INV2246,2026-05-17,B,Delhi,Normal,Male,Potato,Vegetables,4,34.59,Card,4.5,138.36
INV2247,2026-04-13,A,Jaipur,Member,Male,Bread,Bakery,6,43.25,UPI,3.8,259.5
INV2248,2026-02-14,C,Mumbai,Normal,Female,Cold Drink,Beverages,1,61.94,Card,4.9,61.94
INV2249,2026-07-01,B,Delhi,Member,Female,Rice,Grocery,10,76.0,Cash,4.6,760.0
INV2250,2026-02-28,C,Mumbai,Normal,Female,Eggs,Dairy,10,80.19,Card,3.9,801.9
INV2251,2026-05-22,B,Delhi,Normal,Male,Bread,Bakery,10,46.05,UPI,3.5,460.5
INV2252,2026-04-19,B,Delhi,Normal,Male,Biscuits,Snacks,10,30.02,Card,3.4,300.2
INV2253,2026-04-26,B,Delhi,Member,Female,Face Wash,Personal Care,9,124.43,Net Banking,3.6,1119.87
INV2254,2026-05-17,A,Jaipur,Normal,Female,Chocolate,Snacks,2,51.25,Net Banking,4.8,102.5
INV2255,2026-04-16,C,Mumbai,Normal,Female,Potato,Vegetables,8,36.99,Cash,3.5,295.92
INV2256,2026-01-11,D,Bengaluru,Normal,Female,Soap,Personal Care,5,45.79,Card,3.2,228.95
INV2257,2026-03-28,A,Jaipur,Member,Female,Rice,Grocery,7,77.45,Card,4.0,542.15
INV2258,2026-01-29,A,Jaipur,Member,Male,Milk,Dairy,5,47.89,UPI,3.4,239.45
INV2259,2026-03-25,C,Mumbai,Normal,Male,Tea,Beverages,10,122.86,UPI,3.6,1228.6
INV2260,2026-06-15,C,Mumbai,Normal,Female,Cheese,Dairy,4,191.98,Card,4.4,767.92
INV2261,2026-06-05,A,Jaipur,Normal,Female,Apples,Fruits,10,148.46,UPI,4.1,1484.6
INV2262,2026-01-18,B,Delhi,Normal,Male,Biscuits,Snacks,8,28.66,Net Banking,4.8,229.28
INV2263,2026-05-17,B,Delhi,Normal,Male,Coffee,Beverages,2,162.06,Net Banking,3.1,324.12
INV2264,2026-03-19,C,Mumbai,Member,Female,Face Wash,Personal Care,3,139.14,Cash,3.1,417.42
INV2265,2026-05-18,C,Mumbai,Member,Male,Tomato,Vegetables,7,45.77,Net Banking,3.4,320.39
INV2266,2026-05-29,B,Delhi,Member,Female,Cheese,Dairy,3,239.3,UPI,4.3,717.9
INV2267,2026-03-10,C,Mumbai,Normal,Male,Bananas,Fruits,2,52.94,UPI,4.5,105.88
INV2268,2026-04-25,D,Bengaluru,Member,Male,Biscuits,Snacks,8,27.55,UPI,3.8,220.4
INV2269,2026-04-07,B,Delhi,Normal,Female,Rice,Grocery,5,71.78,UPI,3.3,358.9
INV2270,2026-02-12,D,Bengaluru,Member,Female,Rice,Grocery,1,69.21,Card,3.1,69.21
INV2271,2026-03-08,C,Mumbai,Normal,Male,Cooking Oil,Grocery,6,132.91,Card,4.1,797.46
INV2272,2026-05-31,A,Jaipur,Member,Female,Potato,Vegetables,2,39.64,Card,3.6,79.28
INV2273,2026-05-22,C,Mumbai,Normal,Female,Face Wash,Personal Care,7,121.36,Card,3.2,849.52
INV2274,2026-03-11,C,Mumbai,Member,Female,Cooking Oil,Grocery,1,125.66,Net Banking,3.0,125.66
INV2275,2026-03-29,A,Jaipur,Member,Female,Eggs,Dairy,6,83.28,UPI,3.5,499.68
INV2276,2026-06-17,C,Mumbai,Normal,Male,Shampoo,Personal Care,8,194.07,Net Banking,3.4,1552.56
INV2277,2026-03-06,A,Jaipur,Normal,Male,Potato,Vegetables,6,40.3,UPI,3.3,241.8
INV2278,2026-05-04,D,Bengaluru,Normal,Male,Chocolate,Snacks,9,57.95,Card,4.9,521.55
INV2279,2026-06-12,C,Mumbai,Normal,Male,Eggs,Dairy,5,75.24,Net Banking,4.8,376.2
INV2280,2026-01-24,B,Delhi,Normal,Male,Face Wash,Personal Care,10,131.88,UPI,3.5,1318.8
INV2281,2026-05-12,A,Jaipur,Member,Male,Cooking Oil,Grocery,6,160.44,Card,3.2,962.64
INV2282,2026-04-08,A,Jaipur,Member,Female,Apples,Fruits,5,134.45,Cash,3.2,672.25
INV2283,2026-01-26,B,Delhi,Member,Male,Coffee,Beverages,7,161.15,UPI,4.1,1128.05
INV2284,2026-06-17,D,Bengaluru,Normal,Female,Chips,Snacks,2,31.03,Cash,3.7,62.06
INV2285,2026-02-22,D,Bengaluru,Member,Female,Bread,Bakery,7,35.86,UPI,3.2,251.02
INV2286,2026-04-18,C,Mumbai,Member,Female,Soap,Personal Care,4,39.29,Card,3.1,157.16
INV2287,2026-03-08,B,Delhi,Member,Male,Apples,Fruits,7,136.38,Net Banking,4.0,954.66
INV2288,2026-03-24,B,Delhi,Member,Male,Tomato,Vegetables,10,45.7,UPI,4.9,457.0
INV2289,2026-01-07,C,Mumbai,Normal,Female,Cooking Oil,Grocery,8,158.46,Cash,4.7,1267.68
INV2290,2026-04-16,C,Mumbai,Normal,Male,Noodles,Grocery,7,58.61,Card,3.2,410.27
INV2291,2026-02-10,A,Jaipur,Member,Male,Cheese,Dairy,9,239.75,UPI,4.5,2157.75
INV2292,2026-03-19,B,Delhi,Member,Female,Milk,Dairy,10,48.88,Cash,3.0,488.8
INV2293,2026-03-20,A,Jaipur,Member,Female,Chocolate,Snacks,3,43.07,UPI,4.8,129.21
INV2294,2026-03-09,D,Bengaluru,Member,Male,Bread,Bakery,8,37.95,Cash,3.2,303.6
INV2295,2026-06-10,D,Bengaluru,Member,Male,Soap,Personal Care,5,46.14,UPI,4.3,230.7
INV2296,2026-01-03,A,Jaipur,Member,Male,Chocolate,Snacks,3,57.28,Net Banking,4.7,171.84
INV2297,2026-01-02,D,Bengaluru,Normal,Male,Milk,Dairy,2,49.34,Net Banking,4.7,98.68
INV2298,2026-06-17,C,Mumbai,Member,Female,Apples,Fruits,6,119.79,Net Banking,3.2,718.74
INV2299,2026-01-02,C,Mumbai,Member,Male,Bananas,Fruits,2,67.87,Net Banking,4.9,135.74
INV2300,2026-04-11,D,Bengaluru,Member,Female,Tea,Beverages,10,119.16,Card,4.2,1191.6
INV2301,2026-05-07,A,Jaipur,Member,Female,Chips,Snacks,1,36.87,Net Banking,4.7,36.87
INV2302,2026-01-01,B,Delhi,Member,Female,Coffee,Beverages,3,203.0,UPI,4.0,609.0
INV2303,2026-02-01,D,Bengaluru,Member,Female,Cooking Oil,Grocery,1,162.12,Card,3.9,162.12
INV2304,2026-04-08,D,Bengaluru,Member,Male,Soap,Personal Care,8,51.22,UPI,4.9,409.76
INV2305,2026-06-30,B,Delhi,Member,Female,Apples,Fruits,7,132.11,Cash,3.8,924.77
INV2306,2026-06-23,C,Mumbai,Member,Male,Cooking Oil,Grocery,2,176.82,Net Banking,4.8,353.64
INV2307,2026-01-08,C,Mumbai,Member,Male,Potato,Vegetables,6,37.77,UPI,4.6,226.62
INV2308,2026-02-07,C,Mumbai,Normal,Female,Cooking Oil,Grocery,3,125.65,UPI,4.6,376.95
INV2309,2026-02-09,C,Mumbai,Member,Female,Shampoo,Personal Care,5,185.62,UPI,3.8,928.1
INV2310,2026-04-20,D,Bengaluru,Member,Male,Potato,Vegetables,1,33.47,Cash,4.8,33.47
INV2311,2026-04-23,C,Mumbai,Normal,Female,Chips,Snacks,9,37.48,Cash,3.7,337.32
INV2312,2026-01-10,D,Bengaluru,Member,Female,Shampoo,Personal Care,5,195.74,Cash,3.6,978.7
INV2313,2026-03-06,C,Mumbai,Member,Male,Bananas,Fruits,3,63.57,UPI,4.0,190.71
INV2314,2026-04-23,D,Bengaluru,Member,Female,Tea,Beverages,8,103.13,Cash,3.4,825.04
INV2315,2026-06-26,C,Mumbai,Member,Female,Noodles,Grocery,10,51.77,Net Banking,3.1,517.7
INV2316,2026-02-22,C,Mumbai,Normal,Female,Cooking Oil,Grocery,6,176.1,Cash,3.5,1056.6
INV2317,2026-05-09,C,Mumbai,Member,Male,Face Wash,Personal Care,7,110.64,Cash,3.3,774.48
INV2318,2026-01-12,A,Jaipur,Member,Female,Cold Drink,Beverages,4,58.51,UPI,4.8,234.04
INV2319,2026-03-28,A,Jaipur,Member,Male,Eggs,Dairy,4,81.93,UPI,4.3,327.72
INV2320,2026-03-16,A,Jaipur,Member,Male,Cheese,Dairy,7,216.01,UPI,3.5,1512.07
INV2321,2026-04-13,B,Delhi,Member,Female,Potato,Vegetables,10,37.45,UPI,4.4,374.5
INV2322,2026-03-03,D,Bengaluru,Normal,Male,Tea,Beverages,7,121.95,Net Banking,4.6,853.65
INV2323,2026-04-08,D,Bengaluru,Normal,Female,Cold Drink,Beverages,8,76.46,UPI,4.9,611.68
INV2324,2026-03-30,B,Delhi,Member,Female,Chocolate,Snacks,7,58.39,Card,3.4,408.73
INV2325,2026-06-08,A,Jaipur,Normal,Male,Potato,Vegetables,1,34.69,Card,4.1,34.69
INV2326,2026-01-20,A,Jaipur,Normal,Male,Noodles,Grocery,8,54.51,UPI,4.0,436.08
INV2327,2026-04-22,B,Delhi,Normal,Female,Biscuits,Snacks,5,34.41,UPI,3.7,172.05
INV2328,2026-03-26,B,Delhi,Member,Male,Bananas,Fruits,9,63.42,Net Banking,3.1,570.78
INV2329,2026-04-17,A,Jaipur,Member,Male,Potato,Vegetables,5,36.06,Card,4.9,180.3
INV2330,2026-02-16,C,Mumbai,Normal,Male,Apples,Fruits,9,122.5,Cash,4.3,1102.5
INV2331,2026-03-03,D,Bengaluru,Normal,Female,Tea,Beverages,6,119.45,Net Banking,4.0,716.7
INV2332,2026-03-27,C,Mumbai,Member,Female,Cold Drink,Beverages,5,71.25,Cash,4.7,356.25
INV2333,2026-02-02,C,Mumbai,Normal,Female,Apples,Fruits,1,121.61,UPI,4.5,121.61
INV2334,2026-05-06,D,Bengaluru,Member,Female,Coffee,Beverages,10,194.71,Card,3.9,1947.1
INV2335,2026-04-16,D,Bengaluru,Member,Female,Milk,Dairy,8,61.99,Cash,3.9,495.92
INV2336,2026-05-25,A,Jaipur,Normal,Male,Cooking Oil,Grocery,2,147.72,Card,4.7,295.44
INV2337,2026-06-15,A,Jaipur,Member,Male,Bread,Bakery,8,42.55,Cash,3.7,340.4
INV2338,2026-06-08,A,Jaipur,Normal,Female,Cold Drink,Beverages,9,63.67,Net Banking,4.5,573.03
INV2339,2026-03-14,B,Delhi,Normal,Female,Cheese,Dairy,7,211.02,UPI,3.8,1477.14
INV2340,2026-01-06,A,Jaipur,Normal,Male,Coffee,Beverages,9,170.94,Card,4.5,1538.46
INV2341,2026-07-01,C,Mumbai,Member,Female,Bananas,Fruits,4,69.65,Net Banking,3.1,278.6
INV2342,2026-05-16,A,Jaipur,Normal,Female,Cooking Oil,Grocery,5,129.93,Card,4.9,649.65
INV2343,2026-06-08,A,Jaipur,Member,Male,Rice,Grocery,10,77.02,Cash,3.4,770.2
INV2344,2026-04-02,D,Bengaluru,Normal,Female,Tea,Beverages,8,139.98,Cash,4.0,1119.84
INV2345,2026-05-17,D,Bengaluru,Member,Female,Rice,Grocery,4,73.01,UPI,4.1,292.04
INV2346,2026-01-08,A,Jaipur,Normal,Female,Chips,Snacks,6,41.0,Cash,3.5,246.0
INV2347,2026-02-06,A,Jaipur,Normal,Female,Shampoo,Personal Care,3,195.7,UPI,3.4,587.1
INV2348,2026-01-31,C,Mumbai,Member,Male,Milk,Dairy,6,56.04,UPI,4.0,336.24
INV2349,2026-05-02,D,Bengaluru,Member,Female,Shampoo,Personal Care,2,167.84,Net Banking,3.1,335.68
INV2350,2026-05-15,A,Jaipur,Normal,Female,Cold Drink,Beverages,7,64.05,UPI,4.8,448.35
INV2351,2026-06-11,B,Delhi,Member,Male,Rice,Grocery,3,59.65,Net Banking,3.5,178.95
INV2352,2026-04-09,B,Delhi,Normal,Male,Rice,Grocery,1,81.77,Card,4.9,81.77
INV2353,2026-03-03,A,Jaipur,Normal,Female,Bread,Bakery,2,44.7,Cash,4.7,89.4
INV2354,2026-06-09,A,Jaipur,Member,Female,Chocolate,Snacks,4,58.19,Cash,4.5,232.76
INV2355,2026-06-24,D,Bengaluru,Member,Male,Potato,Vegetables,6,38.95,Cash,4.6,233.7
INV2356,2026-04-14,B,Delhi,Normal,Male,Coffee,Beverages,5,209.08,UPI,4.2,1045.4
INV2357,2026-03-08,C,Mumbai,Normal,Male,Chips,Snacks,5,35.71,Net Banking,4.5,178.55
INV2358,2026-02-16,A,Jaipur,Normal,Male,Chips,Snacks,3,35.14,Net Banking,3.8,105.42
INV2359,2026-06-29,C,Mumbai,Normal,Male,Apples,Fruits,8,126.83,Net Banking,3.5,1014.64
INV2360,2026-04-23,A,Jaipur,Member,Male,Chips,Snacks,7,33.91,UPI,3.3,237.37
INV2361,2026-02-24,B,Delhi,Normal,Male,Chocolate,Snacks,10,52.3,Cash,4.4,523.0
INV2362,2026-04-26,B,Delhi,Member,Male,Cooking Oil,Grocery,4,135.98,Cash,3.9,543.92
INV2363,2026-04-03,A,Jaipur,Normal,Female,Milk,Dairy,9,52.82,Net Banking,3.3,475.38
INV2364,2026-01-24,C,Mumbai,Member,Female,Cheese,Dairy,1,199.51,UPI,5.0,199.51
INV2365,2026-05-21,D,Bengaluru,Normal,Female,Cooking Oil,Grocery,3,125.03,Cash,4.6,375.09
INV2366,2026-03-29,B,Delhi,Member,Female,Chocolate,Snacks,10,56.77,UPI,4.8,567.7
INV2367,2026-06-08,D,Bengaluru,Normal,Female,Tea,Beverages,2,133.23,Card,4.6,266.46
INV2368,2026-02-26,D,Bengaluru,Member,Female,Shampoo,Personal Care,2,204.15,Card,3.4,408.3
INV2369,2026-01-29,D,Bengaluru,Member,Male,Potato,Vegetables,7,31.0,UPI,4.3,217.0
INV2370,2026-03-22,D,Bengaluru,Member,Female,Shampoo,Personal Care,7,200.17,Card,3.1,1401.19
INV2371,2026-05-16,A,Jaipur,Normal,Male,Eggs,Dairy,3,95.03,Cash,3.2,285.09
INV2372,2026-03-02,B,Delhi,Member,Female,Biscuits,Snacks,2,33.64,Net Banking,3.5,67.28
INV2373,2026-03-11,C,Mumbai,Member,Female,Noodles,Grocery,9,49.92,UPI,3.5,449.28
INV2374,2026-03-09,C,Mumbai,Normal,Female,Potato,Vegetables,7,35.09,Card,4.4,245.63
INV2375,2026-03-02,B,Delhi,Normal,Female,Coffee,Beverages,1,163.33,Net Banking,4.1,163.33
INV2376,2026-05-07,B,Delhi,Normal,Female,Soap,Personal Care,7,41.64,Cash,5.0,291.48
INV2377,2026-04-02,A,Jaipur,Member,Female,Bread,Bakery,6,42.72,Cash,3.3,256.32
INV2378,2026-03-25,D,Bengaluru,Member,Female,Chips,Snacks,1,38.47,UPI,4.0,38.47
INV2379,2026-01-31,A,Jaipur,Member,Female,Chips,Snacks,3,32.81,Net Banking,4.5,98.43
INV2380,2026-06-13,D,Bengaluru,Member,Male,Tea,Beverages,7,115.47,Cash,3.0,808.29
INV2381,2026-06-02,C,Mumbai,Normal,Female,Cheese,Dairy,5,256.97,UPI,4.2,1284.85
INV2382,2026-06-13,A,Jaipur,Member,Female,Cold Drink,Beverages,6,63.43,Card,3.3,380.58
INV2383,2026-03-30,A,Jaipur,Normal,Female,Potato,Vegetables,5,38.89,Net Banking,4.1,194.45
INV2384,2026-01-14,B,Delhi,Member,Male,Apples,Fruits,7,153.85,Cash,3.0,1076.95
INV2385,2026-05-24,B,Delhi,Normal,Male,Milk,Dairy,1,48.93,Card,3.2,48.93
INV2386,2026-01-08,C,Mumbai,Normal,Male,Potato,Vegetables,8,38.97,Net Banking,3.5,311.76
INV2387,2026-03-07,C,Mumbai,Member,Male,Biscuits,Snacks,9,30.81,Net Banking,4.3,277.29
INV2388,2026-02-15,D,Bengaluru,Member,Male,Bananas,Fruits,10,64.66,Net Banking,4.3,646.6
INV2389,2026-03-18,C,Mumbai,Member,Male,Face Wash,Personal Care,1,114.55,Cash,3.6,114.55
INV2390,2026-04-25,B,Delhi,Normal,Female,Face Wash,Personal Care,8,132.83,Net Banking,4.4,1062.64
INV2391,2026-01-12,C,Mumbai,Normal,Female,Eggs,Dairy,3,98.41,Card,3.5,295.23
INV2392,2026-03-26,B,Delhi,Member,Female,Eggs,Dairy,1,82.05,Cash,3.9,82.05
INV2393,2026-05-01,B,Delhi,Normal,Female,Tomato,Vegetables,4,47.18,Net Banking,3.4,188.72
INV2394,2026-04-10,D,Bengaluru,Member,Male,Chips,Snacks,10,35.05,Card,3.3,350.5
INV2395,2026-02-06,A,Jaipur,Member,Male,Rice,Grocery,7,80.68,Cash,4.7,564.76
INV2396,2026-04-15,B,Delhi,Member,Female,Chips,Snacks,6,29.6,Net Banking,4.1,177.6
INV2397,2026-06-25,C,Mumbai,Member,Female,Chips,Snacks,10,31.63,UPI,3.4,316.3
INV2398,2026-04-16,B,Delhi,Normal,Male,Bread,Bakery,6,40.62,UPI,4.0,243.72
INV2399,2026-06-15,D,Bengaluru,Member,Male,Chocolate,Snacks,4,55.22,Net Banking,3.6,220.88
INV2400,2026-05-19,B,Delhi,Normal,Male,Chips,Snacks,10,37.76,UPI,4.5,377.6
INV2401,2026-06-18,A,Jaipur,Normal,Female,Soap,Personal Care,1,50.43,Cash,4.9,50.43
INV2402,2026-01-31,D,Bengaluru,Normal,Male,Soap,Personal Care,8,47.57,Net Banking,3.9,380.56
INV2403,2026-05-10,D,Bengaluru,Normal,Male,Potato,Vegetables,9,36.13,Card,3.8,325.17
INV2404,2026-03-08,D,Bengaluru,Normal,Female,Tea,Beverages,3,132.1,UPI,4.2,396.3
INV2405,2026-06-15,D,Bengaluru,Member,Female,Tomato,Vegetables,4,39.33,Net Banking,4.4,157.32
INV2406,2026-05-23,D,Bengaluru,Normal,Female,Soap,Personal Care,2,48.31,Cash,3.9,96.62
INV2407,2026-01-02,A,Jaipur,Member,Female,Eggs,Dairy,4,98.7,Net Banking,3.8,394.8
INV2408,2026-03-12,B,Delhi,Member,Male,Biscuits,Snacks,2,27.39,Card,4.0,54.78
INV2409,2026-03-06,D,Bengaluru,Member,Male,Potato,Vegetables,10,32.96,Card,4.5,329.6
INV2410,2026-05-28,A,Jaipur,Member,Female,Noodles,Grocery,1,56.79,Net Banking,4.6,56.79
INV2411,2026-05-07,A,Jaipur,Normal,Male,Rice,Grocery,5,77.3,Net Banking,4.5,386.5
INV2412,2026-01-30,D,Bengaluru,Normal,Male,Biscuits,Snacks,4,34.59,Net Banking,3.3,138.36
INV2413,2026-01-24,D,Bengaluru,Member,Female,Noodles,Grocery,8,51.07,Net Banking,4.6,408.56
INV2414,2026-01-24,D,Bengaluru,Member,Female,Tea,Beverages,7,135.26,Cash,4.7,946.82
INV2415,2026-03-21,D,Bengaluru,Member,Male,Tomato,Vegetables,6,46.04,Net Banking,4.1,276.24
INV2416,2026-06-28,D,Bengaluru,Member,Female,Chips,Snacks,1,32.39,Cash,3.5,32.39
INV2417,2026-02-23,D,Bengaluru,Member,Female,Noodles,Grocery,5,45.97,Net Banking,4.1,229.85
INV2418,2026-05-22,B,Delhi,Member,Male,Bananas,Fruits,3,57.31,Cash,3.1,171.93
INV2419,2026-02-01,C,Mumbai,Normal,Female,Eggs,Dairy,10,86.48,Card,4.6,864.8
INV2420,2026-02-25,B,Delhi,Normal,Male,Cold Drink,Beverages,10,65.25,UPI,4.3,652.5
INV2421,2026-06-07,D,Bengaluru,Normal,Female,Face Wash,Personal Care,10,125.51,Net Banking,3.6,1255.1
INV2422,2026-05-17,D,Bengaluru,Normal,Male,Coffee,Beverages,7,153.16,Net Banking,3.8,1072.12
INV2423,2026-03-25,A,Jaipur,Member,Female,Milk,Dairy,1,53.48,Card,4.6,53.48
INV2424,2026-02-14,B,Delhi,Normal,Female,Apples,Fruits,4,143.95,UPI,3.5,575.8
INV2425,2026-05-26,D,Bengaluru,Normal,Male,Milk,Dairy,9,47.57,Card,3.9,428.13
INV2426,2026-02-17,C,Mumbai,Member,Male,Tea,Beverages,7,134.97,Card,3.8,944.79
INV2427,2026-01-16,D,Bengaluru,Normal,Female,Chips,Snacks,7,34.59,Net Banking,3.9,242.13
INV2428,2026-06-14,C,Mumbai,Member,Male,Rice,Grocery,5,76.73,Net Banking,4.8,383.65
INV2429,2026-03-13,B,Delhi,Member,Male,Tomato,Vegetables,10,38.47,Card,4.6,384.7
INV2430,2026-01-20,C,Mumbai,Member,Female,Tea,Beverages,1,103.68,Net Banking,4.7,103.68
INV2431,2026-05-12,A,Jaipur,Member,Female,Tea,Beverages,9,100.03,Net Banking,3.8,900.27
INV2432,2026-03-29,D,Bengaluru,Member,Male,Chocolate,Snacks,9,53.38,Net Banking,3.4,480.42
INV2433,2026-01-28,D,Bengaluru,Normal,Female,Noodles,Grocery,1,63.93,UPI,4.5,63.93
INV2434,2026-03-06,B,Delhi,Member,Female,Biscuits,Snacks,7,31.54,UPI,4.0,220.78
INV2435,2026-01-15,A,Jaipur,Normal,Female,Eggs,Dairy,9,99.17,Net Banking,3.1,892.53
INV2436,2026-05-30,C,Mumbai,Member,Male,Noodles,Grocery,5,65.13,Card,3.6,325.65
INV2437,2026-05-31,D,Bengaluru,Member,Male,Chocolate,Snacks,7,50.78,UPI,3.2,355.46
INV2438,2026-06-11,D,Bengaluru,Member,Female,Eggs,Dairy,9,101.36,Card,3.4,912.24
INV2439,2026-03-11,C,Mumbai,Normal,Male,Tea,Beverages,1,142.45,Cash,4.2,142.45
INV2440,2026-04-03,D,Bengaluru,Member,Female,Chips,Snacks,2,29.95,Cash,4.6,59.9
INV2441,2026-03-20,B,Delhi,Normal,Male,Biscuits,Snacks,4,30.72,Net Banking,3.5,122.88
INV2442,2026-01-28,A,Jaipur,Normal,Female,Biscuits,Snacks,4,27.65,Card,3.2,110.6
INV2443,2026-02-20,B,Delhi,Normal,Male,Eggs,Dairy,6,97.12,Card,4.2,582.72
INV2444,2026-05-07,B,Delhi,Member,Male,Shampoo,Personal Care,10,167.78,Cash,3.0,1677.8
INV2445,2026-01-01,D,Bengaluru,Normal,Male,Bananas,Fruits,10,69.67,UPI,3.3,696.7
INV2446,2026-03-02,D,Bengaluru,Member,Female,Chips,Snacks,1,35.14,Card,4.2,35.14
INV2447,2026-05-04,D,Bengaluru,Member,Male,Potato,Vegetables,7,33.91,Card,4.9,237.37
INV2448,2026-03-02,D,Bengaluru,Member,Female,Chips,Snacks,1,39.85,UPI,4.1,39.85
INV2449,2026-01-01,C,Mumbai,Member,Female,Noodles,Grocery,4,52.12,Net Banking,3.8,208.48
INV2450,2026-01-23,D,Bengaluru,Member,Male,Chocolate,Snacks,1,53.81,Cash,3.5,53.81
INV2451,2026-05-21,A,Jaipur,Member,Female,Shampoo,Personal Care,1,169.42,Card,4.1,169.42
INV2452,2026-03-02,A,Jaipur,Normal,Male,Cold Drink,Beverages,10,67.5,Net Banking,3.7,675.0
INV2453,2026-01-10,A,Jaipur,Member,Male,Bread,Bakery,1,39.32,Net Banking,4.5,39.32
INV2454,2026-01-30,A,Jaipur,Member,Female,Apples,Fruits,2,157.6,Net Banking,4.5,315.2
INV2455,2026-05-10,D,Bengaluru,Normal,Female,Tomato,Vegetables,4,38.77,UPI,4.6,155.08
INV2456,2026-05-02,A,Jaipur,Normal,Female,Apples,Fruits,4,123.7,Net Banking,4.1,494.8
INV2457,2026-02-03,B,Delhi,Member,Female,Tomato,Vegetables,9,51.26,Card,4.6,461.34
INV2458,2026-05-10,D,Bengaluru,Member,Female,Rice,Grocery,6,81.61,Net Banking,3.4,489.66
INV2459,2026-01-01,D,Bengaluru,Normal,Male,Noodles,Grocery,10,46.79,Net Banking,3.2,467.9
INV2460,2026-02-22,B,Delhi,Normal,Female,Tomato,Vegetables,2,44.21,Net Banking,3.2,88.42
INV2461,2026-04-24,B,Delhi,Member,Female,Rice,Grocery,10,65.92,Cash,4.8,659.2
INV2462,2026-04-27,C,Mumbai,Normal,Female,Rice,Grocery,6,67.54,Card,4.2,405.24
INV2463,2026-02-26,D,Bengaluru,Normal,Female,Chocolate,Snacks,4,46.69,Cash,4.8,186.76
INV2464,2026-04-20,C,Mumbai,Member,Male,Potato,Vegetables,2,37.7,Cash,3.2,75.4
INV2465,2026-03-11,D,Bengaluru,Normal,Female,Soap,Personal Care,10,40.45,Net Banking,3.6,404.5
INV2466,2026-04-13,A,Jaipur,Normal,Female,Eggs,Dairy,10,77.15,Net Banking,3.9,771.5
INV2467,2026-03-04,C,Mumbai,Normal,Female,Potato,Vegetables,3,39.95,Net Banking,3.0,119.85
INV2468,2026-05-08,C,Mumbai,Normal,Female,Soap,Personal Care,9,45.48,UPI,4.8,409.32
INV2469,2026-01-19,C,Mumbai,Normal,Male,Chocolate,Snacks,8,48.14,Card,4.8,385.12
INV2470,2026-01-23,B,Delhi,Normal,Female,Rice,Grocery,10,77.74,UPI,4.1,777.4
INV2471,2026-05-24,A,Jaipur,Member,Male,Cheese,Dairy,9,238.68,Card,3.4,2148.12
INV2472,2026-01-31,D,Bengaluru,Member,Female,Tea,Beverages,3,106.35,Net Banking,3.9,319.05
INV2473,2026-02-28,A,Jaipur,Member,Male,Bread,Bakery,6,41.98,Card,3.7,251.88
INV2474,2026-07-01,A,Jaipur,Normal,Male,Bread,Bakery,2,39.34,Card,3.4,78.68
INV2475,2026-03-15,C,Mumbai,Normal,Male,Face Wash,Personal Care,5,131.94,Cash,4.5,659.7
INV2476,2026-06-24,B,Delhi,Member,Female,Tea,Beverages,3,113.57,Card,4.7,340.71
INV2477,2026-05-25,D,Bengaluru,Normal,Female,Rice,Grocery,6,80.56,Card,3.2,483.36
INV2478,2026-06-18,B,Delhi,Member,Male,Cold Drink,Beverages,2,57.57,Cash,4.3,115.14
INV2479,2026-01-14,D,Bengaluru,Normal,Male,Coffee,Beverages,2,207.6,UPI,4.7,415.2
INV2480,2026-04-14,C,Mumbai,Normal,Male,Cooking Oil,Grocery,6,150.42,Card,3.2,902.52
INV2481,2026-01-19,C,Mumbai,Normal,Male,Tea,Beverages,2,100.01,UPI,3.8,200.02
INV2482,2026-03-27,B,Delhi,Member,Male,Chocolate,Snacks,8,56.85,UPI,4.3,454.8
INV2483,2026-01-09,B,Delhi,Member,Female,Soap,Personal Care,1,41.04,Net Banking,4.6,41.04
INV2484,2026-05-19,A,Jaipur,Member,Female,Coffee,Beverages,5,181.64,Card,3.1,908.2
INV2485,2026-06-29,C,Mumbai,Member,Male,Eggs,Dairy,5,100.38,Cash,3.6,501.9
INV2486,2026-04-04,D,Bengaluru,Member,Female,Coffee,Beverages,8,175.19,Cash,3.2,1401.52
INV2487,2026-03-09,C,Mumbai,Normal,Female,Noodles,Grocery,5,63.85,Net Banking,4.7,319.25
INV2488,2026-03-14,B,Delhi,Normal,Female,Chips,Snacks,9,35.97,Cash,3.8,323.73
INV2489,2026-03-18,D,Bengaluru,Normal,Female,Soap,Personal Care,10,48.51,Card,3.6,485.1
INV2490,2026-04-23,D,Bengaluru,Normal,Female,Bananas,Fruits,10,60.09,UPI,3.3,600.9
INV2491,2026-03-07,B,Delhi,Member,Male,Apples,Fruits,10,140.53,UPI,4.1,1405.3
INV2492,2026-05-22,B,Delhi,Member,Female,Chips,Snacks,6,35.33,Cash,3.6,211.98
INV2493,2026-02-02,D,Bengaluru,Member,Female,Milk,Dairy,4,58.61,Cash,3.1,234.44
INV2494,2026-02-12,A,Jaipur,Normal,Female,Cold Drink,Beverages,2,71.73,Cash,3.5,143.46
INV2495,2026-03-25,B,Delhi,Member,Female,Tea,Beverages,3,118.9,UPI,3.9,356.7
INV2496,2026-02-18,A,Jaipur,Member,Female,Tea,Beverages,5,115.19,Card,3.6,575.95
INV2497,2026-03-17,B,Delhi,Normal,Female,Tomato,Vegetables,1,46.17,Card,4.9,46.17
INV2498,2026-02-14,C,Mumbai,Normal,Female,Tea,Beverages,7,127.23,Card,4.7,890.61
INV2499,2026-02-15,D,Bengaluru,Member,Female,Cold Drink,Beverages,7,69.36,Card,3.2,485.52
INV2500,2026-06-21,D,Bengaluru,Member,Female,Milk,Dairy,8,56.76,Card,4.7,454.08
INV2501,2026-03-29,B,Delhi,Member,Male,Rice,Grocery,9,68.64,Net Banking,3.7,617.76
INV2502,2026-02-02,A,Jaipur,Normal,Male,Potato,Vegetables,2,29.61,Cash,4.0,59.22
INV2503,2026-03-28,A,Jaipur,Normal,Female,Cold Drink,Beverages,9,75.68,Card,4.7,681.12
INV2504,2026-06-25,D,Bengaluru,Normal,Female,Face Wash,Personal Care,9,136.35,Net Banking,4.6,1227.15
INV2505,2026-04-12,C,Mumbai,Normal,Male,Potato,Vegetables,1,39.31,Card,3.5,39.31
INV2506,2026-04-15,C,Mumbai,Normal,Female,Coffee,Beverages,4,161.54,Cash,4.2,646.16
INV2507,2026-04-21,D,Bengaluru,Normal,Male,Tea,Beverages,10,119.28,Card,3.7,1192.8
INV2508,2026-04-23,B,Delhi,Member,Male,Bananas,Fruits,9,54.58,Card,3.4,491.22
INV2509,2026-04-03,C,Mumbai,Member,Male,Cooking Oil,Grocery,3,143.94,Card,3.7,431.82
INV2510,2026-06-07,A,Jaipur,Member,Male,Cheese,Dairy,5,210.56,Cash,3.2,1052.8
INV2511,2026-02-10,C,Mumbai,Normal,Female,Cheese,Dairy,3,200.05,UPI,3.0,600.15
INV2512,2026-05-24,B,Delhi,Normal,Male,Bananas,Fruits,2,55.45,Cash,4.4,110.9
INV2513,2026-02-07,A,Jaipur,Member,Female,Cold Drink,Beverages,3,59.69,UPI,4.8,179.07
INV2514,2026-05-17,B,Delhi,Member,Female,Cheese,Dairy,2,240.57,Net Banking,4.9,481.14
INV2515,2026-06-20,A,Jaipur,Normal,Female,Apples,Fruits,7,151.55,Net Banking,4.0,1060.85
INV2516,2026-06-13,D,Bengaluru,Normal,Male,Chips,Snacks,4,38.25,Card,3.8,153.0
INV2517,2026-05-28,B,Delhi,Normal,Male,Biscuits,Snacks,9,25.0,Card,3.6,225.0
INV2518,2026-03-04,D,Bengaluru,Member,Male,Bread,Bakery,2,42.21,Card,5.0,84.42
INV2519,2026-03-05,D,Bengaluru,Normal,Female,Eggs,Dairy,5,93.23,Cash,3.8,466.15
INV2520,2026-03-30,C,Mumbai,Normal,Female,Shampoo,Personal Care,2,150.52,Card,4.9,301.04
INV2521,2026-01-25,D,Bengaluru,Normal,Male,Coffee,Beverages,1,194.39,UPI,4.6,194.39
INV2522,2026-05-27,B,Delhi,Normal,Female,Apples,Fruits,5,139.18,Net Banking,4.1,695.9
INV2523,2026-05-24,B,Delhi,Member,Male,Tomato,Vegetables,6,45.43,Net Banking,3.9,272.58
INV2524,2026-03-30,C,Mumbai,Member,Male,Bread,Bakery,1,44.58,Net Banking,3.8,44.58
INV2525,2026-01-14,D,Bengaluru,Normal,Female,Bread,Bakery,10,46.58,UPI,3.6,465.8
INV2526,2026-03-13,B,Delhi,Normal,Female,Potato,Vegetables,7,36.69,Card,3.7,256.83
INV2527,2026-03-13,C,Mumbai,Normal,Male,Soap,Personal Care,10,45.31,UPI,3.4,453.1
INV2528,2026-04-27,C,Mumbai,Normal,Male,Coffee,Beverages,4,178.49,UPI,4.9,713.96
INV2529,2026-03-04,B,Delhi,Normal,Female,Milk,Dairy,1,55.35,Cash,3.1,55.35
INV2530,2026-04-13,D,Bengaluru,Normal,Female,Face Wash,Personal Care,1,126.62,Cash,4.1,126.62
INV2531,2026-05-04,D,Bengaluru,Normal,Female,Cheese,Dairy,4,209.76,Net Banking,3.9,839.04
INV2532,2026-01-15,D,Bengaluru,Normal,Female,Tea,Beverages,8,101.26,UPI,4.0,810.08
INV2533,2026-01-28,D,Bengaluru,Member,Male,Chocolate,Snacks,9,42.21,Net Banking,4.8,379.89
INV2534,2026-06-24,D,Bengaluru,Member,Male,Chips,Snacks,10,34.77,UPI,4.2,347.7
INV2535,2026-02-22,B,Delhi,Normal,Male,Biscuits,Snacks,1,27.36,Net Banking,4.9,27.36
INV2536,2026-01-20,A,Jaipur,Member,Male,Noodles,Grocery,7,65.1,Net Banking,4.2,455.7
INV2537,2026-01-10,B,Delhi,Member,Male,Shampoo,Personal Care,7,169.41,Card,3.1,1185.87
INV2538,2026-02-06,C,Mumbai,Member,Male,Cooking Oil,Grocery,7,152.34,Net Banking,4.4,1066.38
INV2539,2026-02-21,C,Mumbai,Member,Male,Soap,Personal Care,2,52.03,Cash,4.4,104.06
INV2540,2026-04-16,B,Delhi,Normal,Male,Face Wash,Personal Care,4,132.71,UPI,3.7,530.84
INV2541,2026-03-02,D,Bengaluru,Normal,Female,Cheese,Dairy,7,237.6,Net Banking,4.8,1663.2
INV2542,2026-06-10,B,Delhi,Normal,Female,Cold Drink,Beverages,6,65.47,UPI,4.8,392.82
INV2543,2026-04-17,D,Bengaluru,Normal,Male,Cold Drink,Beverages,1,55.75,Net Banking,4.0,55.75
INV2544,2026-03-11,C,Mumbai,Member,Female,Cheese,Dairy,2,241.51,Cash,3.9,483.02
INV2545,2026-02-26,D,Bengaluru,Member,Male,Chips,Snacks,7,35.7,Card,4.0,249.9
INV2546,2026-05-11,D,Bengaluru,Member,Male,Tomato,Vegetables,7,40.99,Card,4.5,286.93
INV2547,2026-06-29,D,Bengaluru,Member,Female,Chips,Snacks,5,37.3,UPI,4.5,186.5
INV2548,2026-04-30,C,Mumbai,Normal,Male,Rice,Grocery,9,59.27,Net Banking,4.4,533.43
INV2549,2026-06-29,B,Delhi,Normal,Female,Face Wash,Personal Care,5,136.91,Cash,4.2,684.55
INV2550,2026-03-20,D,Bengaluru,Normal,Male,Shampoo,Personal Care,5,191.39,UPI,4.8,956.95
INV2551,2026-04-11,B,Delhi,Member,Male,Bread,Bakery,6,44.86,Card,3.6,269.16
INV2552,2026-04-02,D,Bengaluru,Normal,Female,Eggs,Dairy,6,95.22,UPI,3.8,571.32
INV2553,2026-05-03,B,Delhi,Normal,Female,Chips,Snacks,3,35.35,UPI,4.4,106.05
INV2554,2026-03-29,B,Delhi,Normal,Male,Biscuits,Snacks,6,31.39,Net Banking,4.5,188.34
INV2555,2026-05-02,C,Mumbai,Member,Female,Soap,Personal Care,3,51.82,Cash,3.8,155.46
INV2556,2026-04-30,B,Delhi,Normal,Female,Face Wash,Personal Care,10,104.71,Card,4.9,1047.1
INV2557,2026-01-17,C,Mumbai,Normal,Female,Tomato,Vegetables,4,45.0,Card,4.0,180.0
INV2558,2026-03-08,B,Delhi,Normal,Female,Soap,Personal Care,4,53.04,Cash,3.5,212.16
INV2559,2026-01-26,A,Jaipur,Normal,Female,Cooking Oil,Grocery,9,155.74,Net Banking,3.3,1401.66
INV2560,2026-01-01,B,Delhi,Member,Male,Face Wash,Personal Care,9,137.85,Cash,4.5,1240.65
INV2561,2026-02-10,C,Mumbai,Normal,Male,Eggs,Dairy,7,80.0,Cash,4.8,560.0
INV2562,2026-03-24,A,Jaipur,Member,Female,Tea,Beverages,8,109.43,Net Banking,3.5,875.44
INV2563,2026-04-12,C,Mumbai,Normal,Female,Potato,Vegetables,10,33.54,Net Banking,4.7,335.4
INV2564,2026-01-05,B,Delhi,Normal,Male,Shampoo,Personal Care,9,156.58,Card,3.6,1409.22
INV2565,2026-06-29,B,Delhi,Normal,Female,Tomato,Vegetables,7,41.85,Card,4.5,292.95
INV2566,2026-01-23,D,Bengaluru,Normal,Female,Cooking Oil,Grocery,8,166.39,Net Banking,4.8,1331.12
INV2567,2026-06-18,D,Bengaluru,Normal,Female,Coffee,Beverages,8,168.22,UPI,4.7,1345.76
INV2568,2026-03-12,C,Mumbai,Member,Male,Chocolate,Snacks,5,52.44,Card,4.4,262.2
INV2569,2026-01-13,C,Mumbai,Normal,Male,Cooking Oil,Grocery,9,172.59,Net Banking,4.9,1553.31
INV2570,2026-01-24,B,Delhi,Normal,Male,Apples,Fruits,10,123.74,Net Banking,4.8,1237.4
INV2571,2026-02-15,D,Bengaluru,Normal,Female,Apples,Fruits,10,159.27,UPI,3.2,1592.7
INV2572,2026-05-04,C,Mumbai,Member,Female,Milk,Dairy,1,52.27,Cash,3.9,52.27
INV2573,2026-01-14,A,Jaipur,Member,Male,Potato,Vegetables,9,32.54,Net Banking,4.2,292.86
INV2574,2026-03-05,B,Delhi,Normal,Female,Biscuits,Snacks,2,31.78,UPI,4.6,63.56
INV2575,2026-06-04,D,Bengaluru,Member,Female,Bread,Bakery,4,33.47,UPI,4.1,133.88
INV2576,2026-01-26,C,Mumbai,Normal,Female,Soap,Personal Care,7,50.55,Card,4.7,353.85
INV2577,2026-01-01,C,Mumbai,Member,Male,Eggs,Dairy,4,79.8,Net Banking,4.7,319.2
INV2578,2026-03-03,A,Jaipur,Normal,Female,Bread,Bakery,6,45.01,Card,4.3,270.06
INV2579,2026-01-21,A,Jaipur,Member,Male,Eggs,Dairy,8,82.1,Cash,3.1,656.8
INV2580,2026-02-25,B,Delhi,Member,Female,Bread,Bakery,6,39.48,Cash,4.6,236.88
INV2581,2026-04-24,C,Mumbai,Member,Female,Cooking Oil,Grocery,5,163.76,Card,3.4,818.8
INV2582,2026-02-05,A,Jaipur,Member,Female,Potato,Vegetables,10,34.48,Card,3.6,344.8
INV2583,2026-03-22,C,Mumbai,Member,Male,Potato,Vegetables,7,30.62,Net Banking,3.1,214.34
INV2584,2026-02-02,B,Delhi,Member,Female,Cooking Oil,Grocery,1,140.39,Net Banking,5.0,140.39
INV2585,2026-06-10,B,Delhi,Member,Female,Noodles,Grocery,10,56.75,Net Banking,3.2,567.5
INV2586,2026-06-26,C,Mumbai,Member,Male,Cooking Oil,Grocery,9,152.31,Cash,4.0,1370.79
INV2587,2026-03-06,C,Mumbai,Normal,Female,Biscuits,Snacks,1,34.54,Card,4.9,34.54
INV2588,2026-03-30,D,Bengaluru,Normal,Female,Tomato,Vegetables,8,43.22,UPI,3.2,345.76
INV2589,2026-05-11,B,Delhi,Normal,Female,Coffee,Beverages,1,155.61,Card,3.3,155.61
INV2590,2026-05-25,D,Bengaluru,Normal,Male,Chocolate,Snacks,2,44.36,UPI,4.3,88.72
INV2591,2026-02-18,A,Jaipur,Normal,Male,Tea,Beverages,4,118.2,Net Banking,3.7,472.8
INV2592,2026-02-12,B,Delhi,Normal,Male,Soap,Personal Care,4,38.0,Net Banking,3.5,152.0
INV2593,2026-02-06,A,Jaipur,Member,Female,Chips,Snacks,4,32.85,Card,3.8,131.4
INV2594,2026-05-28,D,Bengaluru,Member,Female,Tomato,Vegetables,1,52.92,UPI,3.6,52.92
INV2595,2026-03-06,B,Delhi,Member,Male,Coffee,Beverages,6,155.74,Cash,4.2,934.44
INV2596,2026-05-25,C,Mumbai,Normal,Male,Cooking Oil,Grocery,9,141.41,Net Banking,3.5,1272.69
INV2597,2026-03-15,A,Jaipur,Member,Male,Rice,Grocery,3,72.77,Net Banking,3.4,218.31
INV2598,2026-06-30,D,Bengaluru,Member,Male,Chocolate,Snacks,9,53.33,Card,3.4,479.97
INV2599,2026-05-15,D,Bengaluru,Member,Male,Biscuits,Snacks,5,25.74,Card,3.5,128.7
INV2600,2026-06-08,D,Bengaluru,Member,Male,Biscuits,Snacks,4,34.48,Cash,4.3,137.92
INV2601,2026-02-23,A,Jaipur,Normal,Male,Bread,Bakery,4,35.18,Card,3.8,140.72
INV2602,2026-06-07,B,Delhi,Member,Female,Soap,Personal Care,1,42.94,Cash,4.0,42.94
INV2603,2026-02-12,A,Jaipur,Member,Female,Cooking Oil,Grocery,6,130.98,UPI,3.9,785.88
INV2604,2026-02-04,B,Delhi,Normal,Male,Bread,Bakery,5,44.22,Cash,4.3,221.1
INV2605,2026-05-27,C,Mumbai,Normal,Female,Rice,Grocery,5,70.09,UPI,3.3,350.45
INV2606,2026-02-27,B,Delhi,Normal,Male,Soap,Personal Care,10,53.1,Net Banking,3.4,531.0
INV2607,2026-06-20,B,Delhi,Member,Female,Biscuits,Snacks,1,27.34,Card,4.3,27.34
INV2608,2026-03-26,B,Delhi,Member,Female,Potato,Vegetables,1,39.25,Net Banking,4.5,39.25
INV2609,2026-03-13,D,Bengaluru,Member,Male,Rice,Grocery,2,70.01,Cash,4.0,140.02
INV2610,2026-03-22,C,Mumbai,Normal,Female,Shampoo,Personal Care,10,155.74,Cash,3.6,1557.4
INV2611,2026-05-21,A,Jaipur,Member,Female,Potato,Vegetables,3,30.09,Cash,3.7,90.27
INV2612,2026-02-23,C,Mumbai,Normal,Female,Chocolate,Snacks,9,52.03,UPI,4.4,468.27
INV2613,2026-01-02,A,Jaipur,Normal,Female,Shampoo,Personal Care,2,160.57,Net Banking,4.7,321.14
INV2614,2026-01-11,C,Mumbai,Normal,Male,Noodles,Grocery,1,59.03,Net Banking,4.8,59.03
INV2615,2026-06-25,B,Delhi,Member,Male,Tomato,Vegetables,7,42.37,Cash,4.3,296.59
INV2616,2026-01-19,C,Mumbai,Normal,Female,Noodles,Grocery,5,61.43,Card,3.1,307.15
INV2617,2026-02-18,B,Delhi,Normal,Female,Eggs,Dairy,10,78.7,Net Banking,4.4,787.0
INV2618,2026-01-23,D,Bengaluru,Member,Male,Coffee,Beverages,1,170.35,Card,4.4,170.35
INV2619,2026-02-28,A,Jaipur,Normal,Female,Coffee,Beverages,5,180.76,Net Banking,4.2,903.8
INV2620,2026-02-26,A,Jaipur,Normal,Male,Chips,Snacks,10,37.47,Cash,3.7,374.7
INV2621,2026-02-14,A,Jaipur,Member,Female,Chips,Snacks,10,36.57,Cash,3.9,365.7
INV2622,2026-02-21,C,Mumbai,Member,Female,Rice,Grocery,5,64.26,Net Banking,3.6,321.3
INV2623,2026-04-23,C,Mumbai,Normal,Female,Coffee,Beverages,4,185.39,UPI,3.6,741.56
INV2624,2026-03-10,C,Mumbai,Normal,Male,Apples,Fruits,10,121.51,UPI,4.2,1215.1
INV2625,2026-06-30,A,Jaipur,Member,Female,Eggs,Dairy,5,80.31,Net Banking,3.3,401.55
INV2626,2026-03-15,D,Bengaluru,Normal,Male,Chips,Snacks,1,33.72,Cash,4.5,33.72
INV2627,2026-05-09,C,Mumbai,Normal,Male,Shampoo,Personal Care,8,191.91,Net Banking,4.4,1535.28
INV2628,2026-02-28,B,Delhi,Normal,Male,Cheese,Dairy,5,219.24,Card,3.9,1096.2
INV2629,2026-01-29,C,Mumbai,Normal,Male,Tea,Beverages,3,100.84,Cash,4.0,302.52
INV2630,2026-05-02,C,Mumbai,Member,Female,Noodles,Grocery,4,45.73,UPI,3.3,182.92
INV2631,2026-06-10,B,Delhi,Normal,Male,Soap,Personal Care,1,49.75,UPI,3.3,49.75
INV2632,2026-05-31,A,Jaipur,Normal,Male,Cheese,Dairy,3,210.07,Net Banking,4.7,630.21
INV2633,2026-01-26,D,Bengaluru,Member,Male,Bread,Bakery,5,35.54,Card,3.2,177.7
INV2634,2026-01-11,B,Delhi,Normal,Male,Rice,Grocery,3,68.66,Cash,4.4,205.98
INV2635,2026-03-02,A,Jaipur,Normal,Female,Apples,Fruits,7,159.9,UPI,4.2,1119.3
INV2636,2026-04-23,D,Bengaluru,Normal,Male,Rice,Grocery,1,65.86,Net Banking,4.7,65.86
INV2637,2026-05-20,D,Bengaluru,Normal,Male,Noodles,Grocery,1,63.45,Net Banking,3.8,63.45
INV2638,2026-06-10,D,Bengaluru,Member,Male,Soap,Personal Care,6,47.76,Cash,4.4,286.56
INV2639,2026-01-31,C,Mumbai,Member,Male,Noodles,Grocery,6,61.58,Net Banking,3.6,369.48
INV2640,2026-05-18,D,Bengaluru,Normal,Female,Apples,Fruits,1,142.37,Net Banking,4.0,142.37
INV2641,2026-05-11,C,Mumbai,Member,Male,Apples,Fruits,9,124.16,Net Banking,4.7,1117.44
INV2642,2026-06-05,D,Bengaluru,Member,Female,Biscuits,Snacks,4,25.89,UPI,3.3,103.56
INV2643,2026-03-10,B,Delhi,Member,Male,Rice,Grocery,1,60.1,UPI,4.8,60.1
INV2644,2026-05-31,D,Bengaluru,Normal,Female,Tea,Beverages,7,140.69,Card,3.2,984.83
INV2645,2026-02-22,B,Delhi,Normal,Male,Soap,Personal Care,2,46.46,Cash,3.4,92.92
INV2646,2026-05-05,A,Jaipur,Member,Male,Rice,Grocery,5,59.89,Cash,4.7,299.45
INV2647,2026-06-10,D,Bengaluru,Member,Male,Tomato,Vegetables,4,48.3,Cash,4.0,193.2
INV2648,2026-01-26,B,Delhi,Member,Male,Tomato,Vegetables,6,42.21,Cash,4.1,253.26
INV2649,2026-06-10,A,Jaipur,Member,Female,Bananas,Fruits,7,63.5,Net Banking,3.7,444.5
INV2650,2026-06-22,C,Mumbai,Member,Male,Rice,Grocery,4,80.53,Cash,3.4,322.12
INV2651,2026-03-03,C,Mumbai,Member,Female,Face Wash,Personal Care,10,101.7,Card,4.2,1017.0
INV2652,2026-03-14,B,Delhi,Member,Male,Potato,Vegetables,10,33.17,Cash,3.5,331.7
INV2653,2026-04-16,C,Mumbai,Normal,Male,Shampoo,Personal Care,3,152.98,Cash,4.4,458.94
INV2654,2026-05-05,B,Delhi,Normal,Female,Eggs,Dairy,8,90.42,Net Banking,4.9,723.36
INV2655,2026-05-21,C,Mumbai,Normal,Male,Milk,Dairy,1,57.45,Net Banking,3.5,57.45
INV2656,2026-02-16,D,Bengaluru,Normal,Female,Biscuits,Snacks,5,29.34,Net Banking,3.2,146.7
INV2657,2026-03-26,D,Bengaluru,Member,Male,Chips,Snacks,1,31.0,Card,4.7,31.0
INV2658,2026-01-09,C,Mumbai,Normal,Male,Apples,Fruits,4,155.88,Net Banking,4.7,623.52
INV2659,2026-01-20,B,Delhi,Member,Female,Face Wash,Personal Care,1,112.64,Cash,3.1,112.64
INV2660,2026-01-17,B,Delhi,Normal,Male,Apples,Fruits,10,165.66,Card,4.9,1656.6
INV2661,2026-03-25,B,Delhi,Normal,Female,Bread,Bakery,6,44.25,UPI,4.9,265.5
INV2662,2026-01-08,C,Mumbai,Member,Male,Noodles,Grocery,3,59.35,Net Banking,4.1,178.05
INV2663,2026-06-04,B,Delhi,Member,Male,Tomato,Vegetables,5,46.16,Card,3.9,230.8
INV2664,2026-04-20,D,Bengaluru,Normal,Female,Chocolate,Snacks,6,50.59,UPI,4.1,303.54
INV2665,2026-05-05,C,Mumbai,Normal,Male,Rice,Grocery,7,74.12,Net Banking,4.4,518.84
INV2666,2026-02-26,A,Jaipur,Normal,Male,Biscuits,Snacks,8,34.19,UPI,4.7,273.52
INV2667,2026-04-26,A,Jaipur,Normal,Female,Eggs,Dairy,6,97.49,Net Banking,3.2,584.94
INV2668,2026-03-05,D,Bengaluru,Normal,Female,Tea,Beverages,1,122.97,Card,4.5,122.97
INV2669,2026-01-19,D,Bengaluru,Member,Male,Shampoo,Personal Care,4,160.17,Net Banking,4.5,640.68
INV2670,2026-01-27,A,Jaipur,Member,Female,Shampoo,Personal Care,9,174.64,Net Banking,4.4,1571.76
INV2671,2026-05-26,A,Jaipur,Member,Female,Cooking Oil,Grocery,9,152.68,Card,3.8,1374.12
INV2672,2026-01-06,D,Bengaluru,Member,Female,Cold Drink,Beverages,1,73.14,Card,3.1,73.14
INV2673,2026-01-18,A,Jaipur,Member,Male,Potato,Vegetables,5,40.38,Cash,4.4,201.9
INV2674,2026-05-16,A,Jaipur,Member,Male,Chocolate,Snacks,1,59.32,Cash,5.0,59.32
INV2675,2026-06-17,D,Bengaluru,Normal,Male,Shampoo,Personal Care,9,150.12,Card,4.5,1351.08
INV2676,2026-02-02,C,Mumbai,Member,Female,Tea,Beverages,2,107.36,Net Banking,4.2,214.72
INV2677,2026-03-21,C,Mumbai,Normal,Male,Tomato,Vegetables,9,52.11,UPI,4.7,468.99
INV2678,2026-06-30,B,Delhi,Normal,Male,Tomato,Vegetables,9,51.59,Card,3.4,464.31
INV2679,2026-05-30,C,Mumbai,Normal,Male,Shampoo,Personal Care,9,160.83,UPI,4.7,1447.47
INV2680,2026-03-17,B,Delhi,Normal,Male,Cheese,Dairy,4,202.87,Cash,4.3,811.48
INV2681,2026-01-05,B,Delhi,Normal,Male,Biscuits,Snacks,9,32.63,Cash,3.4,293.67
INV2682,2026-05-01,C,Mumbai,Normal,Female,Apples,Fruits,3,121.82,Card,4.4,365.46
INV2683,2026-06-27,C,Mumbai,Normal,Female,Biscuits,Snacks,8,31.98,Card,4.8,255.84
INV2684,2026-02-25,C,Mumbai,Normal,Female,Bananas,Fruits,4,52.1,Net Banking,3.1,208.4
INV2685,2026-03-08,D,Bengaluru,Member,Male,Tomato,Vegetables,3,42.98,Cash,4.7,128.94
INV2686,2026-05-31,D,Bengaluru,Member,Female,Rice,Grocery,2,59.2,Cash,4.2,118.4
INV2687,2026-01-16,D,Bengaluru,Normal,Male,Cheese,Dairy,10,226.63,Card,3.9,2266.3
INV2688,2026-03-02,A,Jaipur,Normal,Female,Tea,Beverages,7,101.83,UPI,3.5,712.81
INV2689,2026-04-10,C,Mumbai,Member,Male,Shampoo,Personal Care,1,197.82,Net Banking,4.0,197.82
INV2690,2026-04-30,D,Bengaluru,Normal,Male,Cooking Oil,Grocery,4,149.99,Card,4.2,599.96
INV2691,2026-05-16,B,Delhi,Member,Female,Cold Drink,Beverages,6,54.59,UPI,4.1,327.54
INV2692,2026-04-27,C,Mumbai,Normal,Female,Biscuits,Snacks,1,32.72,Net Banking,3.4,32.72
INV2693,2026-01-07,C,Mumbai,Normal,Female,Bread,Bakery,9,42.68,UPI,4.3,384.12
INV2694,2026-01-30,A,Jaipur,Normal,Female,Coffee,Beverages,5,196.75,Net Banking,3.6,983.75
INV2695,2026-03-07,C,Mumbai,Normal,Male,Cooking Oil,Grocery,9,143.35,Net Banking,3.1,1290.15
INV2696,2026-03-18,C,Mumbai,Normal,Male,Chocolate,Snacks,5,56.44,Net Banking,3.7,282.2
INV2697,2026-04-30,B,Delhi,Member,Male,Soap,Personal Care,8,40.14,Cash,4.1,321.12
INV2698,2026-06-06,A,Jaipur,Normal,Female,Tomato,Vegetables,10,45.88,Card,4.5,458.8
INV2699,2026-05-11,B,Delhi,Normal,Male,Tea,Beverages,1,112.28,Cash,3.1,112.28
INV2700,2026-04-03,B,Delhi,Member,Male,Apples,Fruits,4,125.74,Cash,4.2,502.96
INV2701,2026-03-01,B,Delhi,Normal,Male,Noodles,Grocery,2,55.36,Net Banking,4.5,110.72
INV2702,2026-05-01,C,Mumbai,Member,Male,Chocolate,Snacks,1,47.0,Card,4.1,47.0
INV2703,2026-05-23,B,Delhi,Member,Female,Soap,Personal Care,3,39.61,Card,4.2,118.83
INV2704,2026-06-13,B,Delhi,Member,Female,Eggs,Dairy,3,78.65,Card,4.7,235.95
INV2705,2026-03-19,B,Delhi,Normal,Female,Cooking Oil,Grocery,1,138.45,Card,3.2,138.45
INV2706,2026-03-24,C,Mumbai,Member,Female,Chips,Snacks,8,37.16,Net Banking,3.1,297.28
INV2707,2026-04-05,B,Delhi,Normal,Male,Eggs,Dairy,4,90.26,Card,4.0,361.04
INV2708,2026-03-01,D,Bengaluru,Normal,Male,Chips,Snacks,5,39.59,UPI,3.7,197.95
INV2709,2026-06-14,B,Delhi,Normal,Female,Chocolate,Snacks,10,46.52,UPI,3.1,465.2
INV2710,2026-04-19,C,Mumbai,Member,Female,Bananas,Fruits,6,52.74,Cash,4.8,316.44
INV2711,2026-01-19,C,Mumbai,Member,Female,Coffee,Beverages,3,191.38,Net Banking,4.1,574.14
INV2712,2026-02-09,B,Delhi,Normal,Male,Milk,Dairy,6,49.08,Cash,4.1,294.48
INV2713,2026-06-28,B,Delhi,Normal,Female,Biscuits,Snacks,7,25.47,Cash,3.8,178.29
INV2714,2026-03-16,D,Bengaluru,Member,Male,Coffee,Beverages,8,185.32,Card,3.4,1482.56
INV2715,2026-04-05,D,Bengaluru,Normal,Male,Soap,Personal Care,10,37.36,UPI,3.7,373.6
INV2716,2026-05-27,C,Mumbai,Member,Female,Coffee,Beverages,5,191.01,UPI,4.0,955.05
INV2717,2026-02-25,D,Bengaluru,Normal,Female,Cold Drink,Beverages,8,69.47,Card,4.2,555.76
INV2718,2026-06-27,C,Mumbai,Member,Female,Noodles,Grocery,8,59.98,Card,5.0,479.84
INV2719,2026-03-07,C,Mumbai,Member,Female,Bananas,Fruits,9,61.86,Net Banking,3.1,556.74
INV2720,2026-05-17,C,Mumbai,Member,Female,Tea,Beverages,4,139.13,UPI,3.3,556.52
INV2721,2026-03-02,C,Mumbai,Member,Female,Bananas,Fruits,6,66.18,Cash,3.5,397.08
INV2722,2026-03-11,B,Delhi,Normal,Male,Milk,Dairy,9,58.54,Cash,4.8,526.86
INV2723,2026-02-12,B,Delhi,Member,Female,Eggs,Dairy,8,90.4,Net Banking,4.2,723.2
INV2724,2026-06-27,A,Jaipur,Normal,Female,Chips,Snacks,9,38.01,UPI,5.0,342.09
INV2725,2026-01-13,D,Bengaluru,Member,Male,Bananas,Fruits,7,55.5,Card,4.7,388.5
INV2726,2026-03-06,B,Delhi,Member,Male,Rice,Grocery,6,75.44,Cash,4.4,452.64
INV2727,2026-04-11,B,Delhi,Normal,Male,Eggs,Dairy,5,83.31,UPI,3.7,416.55
INV2728,2026-05-18,B,Delhi,Member,Female,Rice,Grocery,3,77.47,UPI,3.9,232.41
INV2729,2026-06-21,C,Mumbai,Normal,Male,Chocolate,Snacks,8,49.66,UPI,3.6,397.28
INV2730,2026-05-31,A,Jaipur,Normal,Male,Rice,Grocery,8,58.46,Card,3.6,467.68
INV2731,2026-01-21,C,Mumbai,Member,Female,Shampoo,Personal Care,6,171.28,Cash,4.0,1027.68
INV2732,2026-02-02,B,Delhi,Normal,Female,Shampoo,Personal Care,3,186.63,Card,3.5,559.89
INV2733,2026-01-28,B,Delhi,Normal,Male,Tomato,Vegetables,3,44.58,UPI,4.9,133.74
INV2734,2026-05-24,B,Delhi,Member,Female,Tomato,Vegetables,7,52.46,UPI,4.4,367.22
INV2735,2026-03-18,A,Jaipur,Normal,Female,Shampoo,Personal Care,5,200.69,Cash,5.0,1003.45
INV2736,2026-04-02,A,Jaipur,Normal,Female,Bread,Bakery,5,37.68,Cash,3.2,188.4
INV2737,2026-04-09,B,Delhi,Member,Male,Face Wash,Personal Care,2,110.82,Card,3.5,221.64
INV2738,2026-03-01,B,Delhi,Normal,Female,Chocolate,Snacks,7,45.8,Card,3.1,320.6
INV2739,2026-04-11,A,Jaipur,Member,Female,Cheese,Dairy,9,220.85,Card,3.5,1987.65
INV2740,2026-04-17,B,Delhi,Normal,Male,Cheese,Dairy,2,228.89,UPI,4.9,457.78
INV2741,2026-06-16,C,Mumbai,Member,Male,Cheese,Dairy,2,232.27,Cash,3.8,464.54
INV2742,2026-04-04,B,Delhi,Normal,Male,Biscuits,Snacks,6,32.33,Net Banking,3.9,193.98
INV2743,2026-06-25,D,Bengaluru,Normal,Male,Cold Drink,Beverages,9,75.56,Cash,3.8,680.04
INV2744,2026-06-15,A,Jaipur,Member,Female,Shampoo,Personal Care,2,162.21,Cash,4.6,324.42
INV2745,2026-03-27,C,Mumbai,Normal,Female,Chips,Snacks,1,35.71,Cash,3.4,35.71
INV2746,2026-04-15,A,Jaipur,Member,Female,Potato,Vegetables,1,37.38,Net Banking,3.9,37.38
INV2747,2026-02-12,C,Mumbai,Normal,Female,Potato,Vegetables,10,35.91,Card,4.5,359.1
INV2748,2026-05-26,C,Mumbai,Member,Female,Cooking Oil,Grocery,3,149.0,Net Banking,4.7,447.0
INV2749,2026-02-11,A,Jaipur,Member,Female,Rice,Grocery,4,61.0,Cash,3.2,244.0
INV2750,2026-06-14,C,Mumbai,Normal,Female,Potato,Vegetables,8,37.45,Cash,4.0,299.6
INV2751,2026-04-15,A,Jaipur,Member,Male,Cheese,Dairy,7,216.27,UPI,3.5,1513.89
INV2752,2026-03-21,A,Jaipur,Member,Female,Eggs,Dairy,7,99.16,Cash,3.1,694.12
INV2753,2026-05-14,D,Bengaluru,Normal,Female,Soap,Personal Care,8,37.58,Net Banking,4.3,300.64
INV2754,2026-03-09,D,Bengaluru,Normal,Male,Tea,Beverages,10,115.83,Net Banking,3.9,1158.3
INV2755,2026-03-05,D,Bengaluru,Member,Female,Tea,Beverages,7,115.11,Net Banking,4.2,805.77
INV2756,2026-05-25,C,Mumbai,Member,Male,Shampoo,Personal Care,9,151.41,Card,3.7,1362.69
INV2757,2026-05-30,B,Delhi,Member,Male,Milk,Dairy,2,55.96,UPI,3.9,111.92
INV2758,2026-01-26,D,Bengaluru,Normal,Female,Shampoo,Personal Care,4,190.85,Card,3.8,763.4
INV2759,2026-01-31,D,Bengaluru,Member,Male,Biscuits,Snacks,1,29.65,Net Banking,4.0,29.65
INV2760,2026-04-17,B,Delhi,Member,Female,Chocolate,Snacks,3,50.35,Card,3.4,151.05
INV2761,2026-04-22,B,Delhi,Member,Male,Noodles,Grocery,5,64.06,UPI,3.8,320.3
INV2762,2026-06-22,C,Mumbai,Normal,Male,Soap,Personal Care,7,50.55,UPI,3.2,353.85
INV2763,2026-05-17,D,Bengaluru,Member,Female,Chips,Snacks,7,35.24,UPI,4.4,246.68
INV2764,2026-04-07,B,Delhi,Member,Female,Shampoo,Personal Care,5,174.95,UPI,4.8,874.75
INV2765,2026-05-07,D,Bengaluru,Normal,Male,Soap,Personal Care,7,40.89,Net Banking,4.5,286.23
INV2766,2026-03-21,D,Bengaluru,Member,Male,Cold Drink,Beverages,3,55.14,Cash,3.6,165.42
INV2767,2026-02-07,D,Bengaluru,Normal,Female,Bread,Bakery,7,44.48,Net Banking,3.2,311.36
INV2768,2026-02-18,D,Bengaluru,Member,Female,Chips,Snacks,1,38.25,Net Banking,4.4,38.25
INV2769,2026-04-03,B,Delhi,Normal,Male,Soap,Personal Care,10,41.26,Net Banking,3.2,412.6
INV2770,2026-04-05,B,Delhi,Normal,Female,Chips,Snacks,1,34.25,Net Banking,3.9,34.25
INV2771,2026-03-22,D,Bengaluru,Member,Male,Chips,Snacks,4,31.37,Card,3.6,125.48
INV2772,2026-04-21,B,Delhi,Member,Female,Soap,Personal Care,1,41.52,UPI,3.2,41.52
INV2773,2026-04-19,D,Bengaluru,Normal,Female,Tea,Beverages,4,103.91,Cash,4.6,415.64
INV2774,2026-01-19,B,Delhi,Normal,Male,Milk,Dairy,6,64.46,Cash,3.9,386.76
INV2775,2026-01-24,A,Jaipur,Member,Female,Shampoo,Personal Care,6,182.04,Cash,4.8,1092.24
INV2776,2026-06-18,C,Mumbai,Member,Male,Chips,Snacks,10,33.67,Net Banking,4.3,336.7
INV2777,2026-06-22,C,Mumbai,Normal,Male,Chips,Snacks,1,31.19,UPI,4.8,31.19
INV2778,2026-06-06,C,Mumbai,Member,Male,Potato,Vegetables,10,36.58,UPI,4.9,365.8
INV2779,2026-04-21,D,Bengaluru,Member,Male,Cooking Oil,Grocery,3,142.73,Cash,3.1,428.19
INV2780,2026-04-05,B,Delhi,Member,Female,Biscuits,Snacks,3,25.5,Cash,4.7,76.5
INV2781,2026-01-24,B,Delhi,Member,Female,Cooking Oil,Grocery,10,168.33,Net Banking,4.5,1683.3
INV2782,2026-02-13,D,Bengaluru,Normal,Male,Bananas,Fruits,4,52.43,Cash,4.8,209.72
INV2783,2026-02-06,C,Mumbai,Member,Female,Tea,Beverages,10,101.18,Net Banking,4.9,1011.8
INV2784,2026-01-03,C,Mumbai,Member,Female,Potato,Vegetables,3,40.83,Cash,3.5,122.49
INV2785,2026-05-01,B,Delhi,Normal,Female,Tea,Beverages,7,138.47,UPI,3.3,969.29
INV2786,2026-07-01,B,Delhi,Normal,Female,Soap,Personal Care,9,43.92,UPI,4.5,395.28
INV2787,2026-01-08,D,Bengaluru,Member,Female,Chocolate,Snacks,3,45.11,UPI,4.4,135.33
INV2788,2026-04-03,D,Bengaluru,Member,Female,Cooking Oil,Grocery,10,140.83,Card,3.6,1408.3
INV2789,2026-04-05,B,Delhi,Normal,Male,Tea,Beverages,6,119.18,Cash,4.3,715.08
INV2790,2026-01-11,A,Jaipur,Member,Female,Cold Drink,Beverages,6,69.23,Card,4.8,415.38
INV2791,2026-05-11,B,Delhi,Normal,Female,Tomato,Vegetables,9,42.81,UPI,4.9,385.29
INV2792,2026-06-02,B,Delhi,Member,Male,Shampoo,Personal Care,4,162.79,Cash,3.6,651.16
INV2793,2026-01-17,C,Mumbai,Member,Male,Milk,Dairy,10,59.51,Card,3.7,595.1
INV2794,2026-06-29,C,Mumbai,Member,Male,Tomato,Vegetables,9,52.24,UPI,3.8,470.16
INV2795,2026-06-04,D,Bengaluru,Member,Female,Cooking Oil,Grocery,2,164.38,UPI,4.4,328.76
INV2796,2026-06-12,B,Delhi,Member,Male,Milk,Dairy,4,46.76,Cash,4.7,187.04
INV2797,2026-05-14,A,Jaipur,Member,Male,Soap,Personal Care,7,45.7,Cash,3.6,319.9
INV2798,2026-01-23,B,Delhi,Normal,Female,Bread,Bakery,10,41.94,Net Banking,4.4,419.4
INV2799,2026-04-15,C,Mumbai,Member,Male,Bananas,Fruits,4,66.71,Cash,4.2,266.84
INV2800,2026-03-02,D,Bengaluru,Member,Female,Cooking Oil,Grocery,2,136.63,UPI,4.7,273.26
INV2801,2026-04-18,B,Delhi,Member,Female,Cold Drink,Beverages,7,72.03,Net Banking,4.6,504.21
INV2802,2026-01-21,C,Mumbai,Member,Female,Cooking Oil,Grocery,10,158.35,Net Banking,4.6,1583.5
INV2803,2026-01-10,B,Delhi,Normal,Female,Noodles,Grocery,2,47.55,Cash,3.5,95.1
INV2804,2026-04-24,B,Delhi,Normal,Female,Chips,Snacks,7,35.78,UPI,5.0,250.46
INV2805,2026-03-03,C,Mumbai,Member,Female,Cooking Oil,Grocery,3,171.3,Card,3.9,513.9
INV2806,2026-03-17,D,Bengaluru,Member,Female,Potato,Vegetables,3,38.73,UPI,3.9,116.19
INV2807,2026-02-26,A,Jaipur,Normal,Female,Apples,Fruits,9,124.08,UPI,3.2,1116.72
INV2808,2026-05-16,B,Delhi,Member,Male,Biscuits,Snacks,1,34.88,Cash,3.7,34.88
INV2809,2026-02-08,B,Delhi,Member,Male,Bananas,Fruits,9,54.54,Card,3.7,490.86
INV2810,2026-06-24,D,Bengaluru,Normal,Female,Bread,Bakery,4,42.14,Net Banking,3.9,168.56
INV2811,2026-03-07,A,Jaipur,Normal,Female,Bread,Bakery,5,35.56,Card,3.3,177.8
INV2812,2026-03-25,A,Jaipur,Member,Female,Cooking Oil,Grocery,1,149.86,Cash,4.6,149.86
INV2813,2026-06-10,C,Mumbai,Member,Female,Rice,Grocery,2,71.88,UPI,3.3,143.76
INV2814,2026-04-08,B,Delhi,Normal,Female,Biscuits,Snacks,7,32.51,UPI,3.6,227.57
INV2815,2026-04-03,D,Bengaluru,Normal,Male,Chips,Snacks,10,38.22,Card,3.7,382.2
INV2816,2026-04-24,B,Delhi,Member,Male,Milk,Dairy,1,63.96,Card,4.6,63.96
INV2817,2026-04-07,B,Delhi,Member,Female,Rice,Grocery,4,60.69,Cash,4.3,242.76
INV2818,2026-03-09,D,Bengaluru,Normal,Male,Shampoo,Personal Care,6,176.02,Card,3.1,1056.12
INV2819,2026-01-06,A,Jaipur,Member,Male,Shampoo,Personal Care,4,164.73,Cash,4.2,658.92
INV2820,2026-02-21,B,Delhi,Normal,Female,Cooking Oil,Grocery,8,131.59,Net Banking,4.8,1052.72
INV2821,2026-03-17,D,Bengaluru,Normal,Female,Coffee,Beverages,1,177.05,Card,3.5,177.05
INV2822,2026-06-05,B,Delhi,Normal,Female,Bananas,Fruits,8,57.63,UPI,4.9,461.04
INV2823,2026-03-07,B,Delhi,Member,Male,Apples,Fruits,3,146.85,Card,3.9,440.55
INV2824,2026-01-16,D,Bengaluru,Normal,Female,Bread,Bakery,2,42.07,UPI,4.0,84.14
INV2825,2026-01-22,C,Mumbai,Normal,Female,Face Wash,Personal Care,10,132.66,Net Banking,4.3,1326.6
INV2826,2026-05-27,D,Bengaluru,Member,Female,Rice,Grocery,2,66.11,Net Banking,4.5,132.22
INV2827,2026-05-31,C,Mumbai,Normal,Male,Rice,Grocery,9,62.28,Card,4.6,560.52
INV2828,2026-01-25,B,Delhi,Normal,Male,Bread,Bakery,7,42.1,Cash,4.3,294.7
INV2829,2026-04-10,A,Jaipur,Member,Female,Chocolate,Snacks,10,47.56,UPI,4.7,475.6
INV2830,2026-01-05,C,Mumbai,Normal,Female,Noodles,Grocery,9,50.18,Net Banking,4.1,451.62
INV2831,2026-05-13,C,Mumbai,Member,Male,Noodles,Grocery,4,54.89,Card,4.4,219.56
INV2832,2026-06-04,C,Mumbai,Member,Male,Cooking Oil,Grocery,9,140.87,Net Banking,4.4,1267.83
INV2833,2026-03-02,D,Bengaluru,Normal,Female,Chips,Snacks,10,32.73,Card,3.8,327.3
INV2834,2026-05-13,C,Mumbai,Normal,Female,Biscuits,Snacks,6,31.6,UPI,4.1,189.6
INV2835,2026-04-21,B,Delhi,Normal,Male,Bread,Bakery,8,33.46,Card,4.6,267.68
INV2836,2026-05-12,C,Mumbai,Normal,Male,Cold Drink,Beverages,3,59.94,UPI,4.3,179.82
INV2837,2026-04-09,C,Mumbai,Normal,Male,Cooking Oil,Grocery,8,129.94,Net Banking,4.4,1039.52
INV2838,2026-04-20,D,Bengaluru,Member,Male,Shampoo,Personal Care,4,195.01,UPI,3.3,780.04
INV2839,2026-04-05,D,Bengaluru,Member,Male,Cheese,Dairy,5,243.87,UPI,4.0,1219.35
INV2840,2026-04-13,C,Mumbai,Normal,Female,Chips,Snacks,1,38.12,Cash,3.8,38.12
INV2841,2026-04-03,C,Mumbai,Normal,Female,Bananas,Fruits,3,50.23,Net Banking,3.2,150.69
INV2842,2026-01-26,C,Mumbai,Member,Female,Cooking Oil,Grocery,4,134.77,UPI,4.3,539.08
INV2843,2026-05-14,A,Jaipur,Normal,Male,Face Wash,Personal Care,7,120.5,Cash,4.3,843.5
INV2844,2026-03-26,D,Bengaluru,Normal,Female,Cold Drink,Beverages,1,76.78,Cash,4.5,76.78
INV2845,2026-03-24,A,Jaipur,Normal,Female,Milk,Dairy,7,46.76,UPI,3.6,327.32
INV2846,2026-06-10,B,Delhi,Member,Female,Shampoo,Personal Care,10,163.71,Card,3.6,1637.1
INV2847,2026-05-02,A,Jaipur,Member,Female,Cold Drink,Beverages,1,66.2,UPI,4.9,66.2
INV2848,2026-02-06,B,Delhi,Member,Male,Cheese,Dairy,6,209.35,Card,3.8,1256.1
INV2849,2026-06-06,C,Mumbai,Member,Female,Potato,Vegetables,10,30.58,UPI,3.8,305.8
INV2850,2026-02-02,A,Jaipur,Normal,Male,Soap,Personal Care,6,48.37,Net Banking,3.0,290.22
INV2851,2026-04-20,A,Jaipur,Normal,Female,Noodles,Grocery,10,63.9,Cash,4.3,639.0
INV2852,2026-02-03,C,Mumbai,Normal,Male,Shampoo,Personal Care,1,177.26,UPI,3.1,177.26
INV2853,2026-03-21,A,Jaipur,Member,Female,Chocolate,Snacks,4,57.14,UPI,5.0,228.56
INV2854,2026-01-26,C,Mumbai,Normal,Female,Shampoo,Personal Care,1,150.38,UPI,3.7,150.38
INV2855,2026-05-29,D,Bengaluru,Member,Male,Biscuits,Snacks,10,30.75,Card,5.0,307.5
INV2856,2026-02-03,D,Bengaluru,Normal,Male,Biscuits,Snacks,10,32.52,Net Banking,4.6,325.2
INV2857,2026-01-25,C,Mumbai,Member,Male,Bread,Bakery,3,34.54,Net Banking,3.7,103.62
INV2858,2026-06-29,C,Mumbai,Normal,Male,Rice,Grocery,6,66.8,UPI,3.8,400.8
INV2859,2026-04-03,D,Bengaluru,Normal,Female,Chips,Snacks,5,31.67,Cash,4.1,158.35
INV2860,2026-03-10,C,Mumbai,Normal,Female,Milk,Dairy,5,47.81,Cash,4.4,239.05
INV2861,2026-03-22,D,Bengaluru,Normal,Male,Cold Drink,Beverages,6,56.47,UPI,3.3,338.82
INV2862,2026-05-21,A,Jaipur,Normal,Female,Chocolate,Snacks,8,47.39,Card,3.0,379.12
INV2863,2026-02-06,A,Jaipur,Normal,Female,Soap,Personal Care,5,44.6,Cash,3.7,223.0
INV2864,2026-05-04,C,Mumbai,Normal,Female,Face Wash,Personal Care,3,124.73,Net Banking,4.6,374.19
INV2865,2026-06-13,B,Delhi,Normal,Male,Chips,Snacks,2,39.12,Cash,3.4,78.24
INV2866,2026-01-17,A,Jaipur,Normal,Female,Eggs,Dairy,10,86.42,Cash,3.2,864.2
INV2867,2026-04-27,C,Mumbai,Member,Female,Apples,Fruits,9,165.26,UPI,3.7,1487.34
INV2868,2026-06-08,B,Delhi,Member,Male,Bread,Bakery,10,34.37,Cash,4.8,343.7
INV2869,2026-05-28,D,Bengaluru,Member,Male,Potato,Vegetables,10,38.86,UPI,4.3,388.6
INV2870,2026-07-01,D,Bengaluru,Member,Female,Soap,Personal Care,9,45.03,Net Banking,4.4,405.27
INV2871,2026-04-03,D,Bengaluru,Member,Female,Coffee,Beverages,7,202.3,Cash,3.3,1416.1
INV2872,2026-04-05,B,Delhi,Member,Male,Shampoo,Personal Care,10,182.74,UPI,4.0,1827.4
INV2873,2026-01-09,A,Jaipur,Normal,Female,Cold Drink,Beverages,1,57.38,UPI,3.4,57.38
INV2874,2026-04-24,C,Mumbai,Normal,Male,Tomato,Vegetables,3,38.32,Net Banking,3.7,114.96
INV2875,2026-05-20,C,Mumbai,Member,Female,Chips,Snacks,10,39.05,Cash,4.3,390.5
INV2876,2026-06-13,D,Bengaluru,Member,Male,Cheese,Dairy,10,223.07,Card,3.9,2230.7
INV2877,2026-05-20,B,Delhi,Normal,Male,Face Wash,Personal Care,5,103.66,Cash,4.0,518.3
INV2878,2026-06-27,A,Jaipur,Normal,Female,Cooking Oil,Grocery,8,168.26,UPI,4.4,1346.08
INV2879,2026-05-08,C,Mumbai,Normal,Male,Shampoo,Personal Care,7,202.47,UPI,4.0,1417.29
INV2880,2026-02-13,B,Delhi,Normal,Female,Chips,Snacks,5,32.13,Net Banking,3.1,160.65
INV2881,2026-06-08,B,Delhi,Member,Female,Cold Drink,Beverages,3,71.75,Net Banking,3.7,215.25
INV2882,2026-03-23,C,Mumbai,Member,Female,Tea,Beverages,7,133.69,Card,4.0,935.83
INV2883,2026-05-02,A,Jaipur,Normal,Female,Cold Drink,Beverages,10,68.88,Card,4.2,688.8
INV2884,2026-02-27,A,Jaipur,Member,Female,Eggs,Dairy,3,100.46,UPI,4.7,301.38
INV2885,2026-05-06,A,Jaipur,Member,Male,Tea,Beverages,4,136.42,Card,3.3,545.68
INV2886,2026-04-04,D,Bengaluru,Normal,Female,Soap,Personal Care,9,42.8,Card,3.9,385.2
INV2887,2026-05-29,B,Delhi,Normal,Female,Rice,Grocery,5,63.22,Card,3.3,316.1
INV2888,2026-03-10,B,Delhi,Normal,Female,Rice,Grocery,7,78.94,Cash,3.2,552.58
INV2889,2026-01-04,B,Delhi,Normal,Male,Cooking Oil,Grocery,10,166.83,Cash,4.6,1668.3
INV2890,2026-02-26,C,Mumbai,Member,Male,Chips,Snacks,1,40.84,UPI,3.9,40.84
INV2891,2026-06-10,D,Bengaluru,Normal,Male,Cold Drink,Beverages,7,67.4,Cash,3.0,471.8
INV2892,2026-03-12,B,Delhi,Normal,Male,Soap,Personal Care,6,49.39,Card,3.1,296.34
INV2893,2026-06-20,A,Jaipur,Member,Female,Cold Drink,Beverages,5,56.39,Card,4.7,281.95
INV2894,2026-01-12,D,Bengaluru,Normal,Female,Biscuits,Snacks,10,33.57,Card,4.1,335.7
INV2895,2026-06-30,A,Jaipur,Normal,Male,Potato,Vegetables,3,39.06,Cash,3.6,117.18
INV2896,2026-01-24,B,Delhi,Member,Male,Biscuits,Snacks,9,29.79,Net Banking,5.0,268.11
INV2897,2026-06-14,B,Delhi,Normal,Male,Coffee,Beverages,4,159.86,Card,3.0,639.44
INV2898,2026-06-18,D,Bengaluru,Normal,Male,Noodles,Grocery,2,55.71,Card,4.3,111.42
INV2899,2026-03-06,D,Bengaluru,Member,Female,Cooking Oil,Grocery,7,166.14,Net Banking,3.2,1162.98
INV2900,2026-04-09,B,Delhi,Normal,Male,Shampoo,Personal Care,9,179.88,Net Banking,4.5,1618.92
INV2901,2026-01-27,D,Bengaluru,Normal,Female,Eggs,Dairy,2,87.94,UPI,3.3,175.88
INV2902,2026-01-18,B,Delhi,Member,Female,Coffee,Beverages,7,182.7,UPI,3.8,1278.9
INV2903,2026-05-20,B,Delhi,Member,Male,Coffee,Beverages,8,171.75,Cash,4.3,1374.0
INV2904,2026-03-18,D,Bengaluru,Normal,Female,Chips,Snacks,6,39.45,Net Banking,5.0,236.7
INV2905,2026-04-19,B,Delhi,Normal,Female,Cold Drink,Beverages,3,67.85,UPI,4.9,203.55
INV2906,2026-04-25,C,Mumbai,Normal,Male,Milk,Dairy,3,47.4,Card,4.5,142.2
INV2907,2026-06-01,D,Bengaluru,Normal,Female,Coffee,Beverages,4,200.6,UPI,4.2,802.4
INV2908,2026-06-19,B,Delhi,Member,Male,Bread,Bakery,5,44.64,Card,4.0,223.2
INV2909,2026-06-06,A,Jaipur,Member,Male,Cold Drink,Beverages,10,73.73,Card,3.7,737.3
INV2910,2026-01-18,C,Mumbai,Member,Male,Noodles,Grocery,7,49.7,Card,3.8,347.9
INV2911,2026-02-13,D,Bengaluru,Normal,Female,Cooking Oil,Grocery,6,151.37,Cash,4.0,908.22
INV2912,2026-03-31,A,Jaipur,Member,Female,Noodles,Grocery,7,52.45,Net Banking,4.5,367.15
INV2913,2026-06-18,A,Jaipur,Normal,Male,Eggs,Dairy,8,76.51,Cash,4.1,612.08
INV2914,2026-04-06,C,Mumbai,Normal,Male,Shampoo,Personal Care,5,158.97,UPI,3.9,794.85
INV2915,2026-06-17,C,Mumbai,Member,Female,Chips,Snacks,6,40.42,UPI,3.3,242.52
INV2916,2026-01-01,A,Jaipur,Member,Female,Shampoo,Personal Care,5,156.86,Net Banking,3.0,784.3
INV2917,2026-01-08,B,Delhi,Member,Male,Potato,Vegetables,6,29.51,Net Banking,4.2,177.06
INV2918,2026-05-11,A,Jaipur,Normal,Female,Face Wash,Personal Care,8,111.57,UPI,3.8,892.56
INV2919,2026-03-03,A,Jaipur,Member,Female,Cold Drink,Beverages,4,61.82,Net Banking,3.8,247.28
INV2920,2026-02-13,D,Bengaluru,Normal,Female,Tomato,Vegetables,9,49.52,Net Banking,4.1,445.68
INV2921,2026-03-21,B,Delhi,Member,Female,Soap,Personal Care,8,48.37,Card,3.6,386.96
INV2922,2026-02-24,B,Delhi,Normal,Female,Face Wash,Personal Care,8,112.07,Cash,4.3,896.56
INV2923,2026-02-27,C,Mumbai,Member,Male,Chocolate,Snacks,8,57.9,Cash,3.3,463.2
INV2924,2026-06-22,D,Bengaluru,Normal,Male,Cold Drink,Beverages,1,62.93,Cash,3.4,62.93
INV2925,2026-01-14,D,Bengaluru,Normal,Male,Coffee,Beverages,1,207.64,Card,4.1,207.64
INV2926,2026-06-04,B,Delhi,Member,Male,Tea,Beverages,5,142.3,Card,3.9,711.5
INV2927,2026-02-13,D,Bengaluru,Normal,Male,Chocolate,Snacks,3,52.44,Net Banking,3.0,157.32
INV2928,2026-04-03,C,Mumbai,Member,Male,Cheese,Dairy,4,205.67,Net Banking,3.3,822.68
INV2929,2026-02-16,B,Delhi,Normal,Female,Rice,Grocery,6,74.44,Card,4.3,446.64
INV2930,2026-06-13,C,Mumbai,Member,Female,Chocolate,Snacks,9,48.52,Card,3.8,436.68
INV2931,2026-05-02,D,Bengaluru,Member,Male,Tea,Beverages,5,130.57,UPI,3.2,652.85
INV2932,2026-06-17,D,Bengaluru,Normal,Female,Cold Drink,Beverages,4,58.31,Card,4.6,233.24
INV2933,2026-03-09,A,Jaipur,Member,Male,Apples,Fruits,1,163.31,Card,5.0,163.31
INV2934,2026-01-03,C,Mumbai,Normal,Male,Chips,Snacks,1,34.45,Cash,3.3,34.45
INV2935,2026-05-03,B,Delhi,Normal,Male,Biscuits,Snacks,6,29.31,UPI,4.9,175.86
INV2936,2026-05-30,A,Jaipur,Member,Female,Potato,Vegetables,1,37.87,Cash,4.2,37.87
INV2937,2026-06-27,C,Mumbai,Member,Female,Cooking Oil,Grocery,1,175.53,Cash,3.4,175.53
INV2938,2026-03-10,D,Bengaluru,Normal,Female,Chips,Snacks,7,34.77,UPI,4.4,243.39
INV2939,2026-04-09,C,Mumbai,Normal,Female,Milk,Dairy,9,48.53,UPI,4.0,436.77
INV2940,2026-03-17,D,Bengaluru,Normal,Male,Cold Drink,Beverages,5,64.67,UPI,3.3,323.35
INV2941,2026-01-26,D,Bengaluru,Normal,Female,Cheese,Dairy,5,216.52,Net Banking,4.3,1082.6
INV2942,2026-01-04,B,Delhi,Normal,Female,Face Wash,Personal Care,8,120.55,UPI,3.9,964.4
INV2943,2026-05-23,D,Bengaluru,Member,Female,Coffee,Beverages,5,175.96,Cash,4.3,879.8
INV2944,2026-02-06,A,Jaipur,Member,Male,Cheese,Dairy,1,185.56,UPI,3.8,185.56
INV2945,2026-02-03,C,Mumbai,Normal,Male,Apples,Fruits,4,143.77,Net Banking,4.9,575.08
INV2946,2026-01-30,C,Mumbai,Normal,Female,Eggs,Dairy,8,99.06,Cash,4.6,792.48
INV2947,2026-02-07,C,Mumbai,Normal,Female,Potato,Vegetables,8,39.37,UPI,3.8,314.96
INV2948,2026-06-21,A,Jaipur,Member,Female,Coffee,Beverages,7,202.32,UPI,3.8,1416.24
INV2949,2026-01-14,B,Delhi,Member,Male,Bread,Bakery,1,46.95,Cash,3.8,46.95
INV2950,2026-01-27,C,Mumbai,Member,Female,Rice,Grocery,10,82.03,Cash,4.2,820.3
INV2951,2026-03-04,D,Bengaluru,Normal,Male,Coffee,Beverages,9,167.59,UPI,3.3,1508.31
INV2952,2026-04-17,C,Mumbai,Member,Male,Face Wash,Personal Care,9,139.91,Net Banking,4.8,1259.19
INV2953,2026-05-13,B,Delhi,Member,Female,Soap,Personal Care,5,42.03,Cash,4.8,210.15
INV2954,2026-02-10,C,Mumbai,Member,Male,Noodles,Grocery,9,54.36,Card,4.9,489.24
INV2955,2026-05-29,D,Bengaluru,Member,Female,Cheese,Dairy,4,213.73,UPI,3.4,854.92
INV2956,2026-05-17,A,Jaipur,Normal,Female,Chips,Snacks,5,32.48,Cash,3.3,162.4
INV2957,2026-05-11,C,Mumbai,Normal,Female,Tomato,Vegetables,10,38.88,Cash,3.3,388.8
INV2958,2026-02-24,A,Jaipur,Member,Female,Chocolate,Snacks,1,57.32,UPI,4.6,57.32
INV2959,2026-01-15,C,Mumbai,Member,Male,Noodles,Grocery,9,62.66,UPI,4.6,563.94
INV2960,2026-04-12,D,Bengaluru,Normal,Female,Noodles,Grocery,3,58.71,UPI,3.3,176.13
INV2961,2026-05-25,B,Delhi,Normal,Female,Cold Drink,Beverages,5,63.42,Net Banking,3.1,317.1
INV2962,2026-06-30,B,Delhi,Member,Male,Apples,Fruits,3,142.75,Card,3.0,428.25
INV2963,2026-03-13,B,Delhi,Member,Male,Shampoo,Personal Care,7,195.14,Cash,4.6,1365.98
INV2964,2026-04-15,C,Mumbai,Member,Female,Face Wash,Personal Care,6,119.09,UPI,4.4,714.54
INV2965,2026-02-16,C,Mumbai,Normal,Male,Apples,Fruits,10,141.16,UPI,4.8,1411.6
INV2966,2026-02-27,C,Mumbai,Member,Female,Noodles,Grocery,5,52.05,Net Banking,5.0,260.25
INV2967,2026-06-03,D,Bengaluru,Normal,Female,Rice,Grocery,8,79.87,Card,5.0,638.96
INV2968,2026-03-01,C,Mumbai,Member,Female,Eggs,Dairy,5,77.86,Cash,3.2,389.3
INV2969,2026-05-26,C,Mumbai,Member,Male,Biscuits,Snacks,9,26.77,Card,5.0,240.93
INV2970,2026-03-30,B,Delhi,Normal,Female,Biscuits,Snacks,2,25.11,Card,4.6,50.22
INV2971,2026-04-21,C,Mumbai,Member,Male,Coffee,Beverages,7,205.21,UPI,3.9,1436.47
INV2972,2026-02-04,A,Jaipur,Member,Male,Noodles,Grocery,1,50.31,UPI,4.1,50.31
INV2973,2026-05-23,D,Bengaluru,Member,Female,Bananas,Fruits,3,66.05,UPI,4.9,198.15
INV2974,2026-03-18,D,Bengaluru,Member,Female,Milk,Dairy,10,62.72,Net Banking,4.7,627.2
INV2975,2026-04-08,C,Mumbai,Member,Female,Noodles,Grocery,4,53.78,Net Banking,3.5,215.12
INV2976,2026-05-20,B,Delhi,Normal,Male,Noodles,Grocery,7,51.59,Net Banking,4.2,361.13
INV2977,2026-02-13,D,Bengaluru,Member,Male,Shampoo,Personal Care,3,191.11,UPI,4.9,573.33
INV2978,2026-05-12,C,Mumbai,Normal,Female,Rice,Grocery,2,72.19,UPI,3.9,144.38
INV2979,2026-01-10,C,Mumbai,Normal,Male,Soap,Personal Care,7,45.94,UPI,3.8,321.58
INV2980,2026-01-19,D,Bengaluru,Normal,Male,Tea,Beverages,3,137.39,Card,4.9,412.17
INV2981,2026-01-10,B,Delhi,Normal,Male,Chocolate,Snacks,4,42.17,Net Banking,4.9,168.68
INV2982,2026-02-15,B,Delhi,Member,Female,Rice,Grocery,7,58.46,Net Banking,3.5,409.22
INV2983,2026-01-04,C,Mumbai,Normal,Female,Cold Drink,Beverages,10,55.59,Card,3.3,555.9
INV2984,2026-01-31,A,Jaipur,Normal,Male,Tea,Beverages,3,123.13,Cash,3.1,369.39
INV2985,2026-03-28,C,Mumbai,Normal,Male,Chips,Snacks,1,30.94,Card,4.1,30.94
INV2986,2026-01-28,D,Bengaluru,Normal,Female,Biscuits,Snacks,1,25.0,Card,3.7,25.0
INV2987,2026-04-11,C,Mumbai,Normal,Male,Biscuits,Snacks,6,29.23,UPI,3.2,175.38
INV2988,2026-02-09,A,Jaipur,Normal,Male,Biscuits,Snacks,1,31.2,Cash,3.9,31.2
INV2989,2026-03-15,A,Jaipur,Normal,Female,Chips,Snacks,2,38.97,Card,3.0,77.94
INV2990,2026-03-17,A,Jaipur,Member,Female,Bread,Bakery,10,33.23,Cash,4.9,332.3
INV2991,2026-04-12,C,Mumbai,Member,Female,Shampoo,Personal Care,9,186.12,Cash,4.7,1675.08
INV2992,2026-04-01,B,Delhi,Member,Male,Eggs,Dairy,6,81.65,UPI,4.5,489.9
INV2993,2026-06-17,B,Delhi,Normal,Female,Potato,Vegetables,6,39.42,Cash,3.1,236.52
INV2994,2026-04-27,D,Bengaluru,Member,Male,Bread,Bakery,2,42.23,UPI,4.3,84.46
INV2995,2026-02-02,C,Mumbai,Normal,Female,Cheese,Dairy,3,240.78,Net Banking,4.7,722.34
INV2996,2026-02-05,D,Bengaluru,Member,Female,Cold Drink,Beverages,5,54.86,Card,4.8,274.3
INV2997,2026-04-18,D,Bengaluru,Member,Female,Bread,Bakery,5,37.61,UPI,4.4,188.05
INV2998,2026-06-01,B,Delhi,Member,Female,Shampoo,Personal Care,3,174.27,UPI,3.8,522.81
INV2999,2026-01-20,A,Jaipur,Member,Female,Rice,Grocery,8,66.71,Card,4.6,533.68
INV3000,2026-05-10,A,Jaipur,Normal,Female,Face Wash,Personal Care,7,116.42,UPI,4.0,814.94
INV3001,2026-04-21,D,Bengaluru,Member,Male,Bananas,Fruits,8,51.44,Cash,3.9,411.52
INV3002,2026-01-15,D,Bengaluru,Normal,Female,Cooking Oil,Grocery,7,156.09,UPI,3.6,1092.63
INV3003,2026-02-21,B,Delhi,Member,Male,Eggs,Dairy,3,76.67,UPI,3.1,230.01
INV3004,2026-06-24,B,Delhi,Member,Female,Shampoo,Personal Care,5,198.12,Cash,3.2,990.6
INV3005,2026-03-19,B,Delhi,Normal,Male,Tomato,Vegetables,5,48.91,Card,3.4,244.55
INV3006,2026-06-13,B,Delhi,Normal,Male,Soap,Personal Care,6,50.65,UPI,4.7,303.9
INV3007,2026-06-16,B,Delhi,Normal,Male,Apples,Fruits,9,136.13,Net Banking,3.8,1225.17
INV3008,2026-06-08,D,Bengaluru,Normal,Female,Potato,Vegetables,5,29.38,Card,4.6,146.9
INV3009,2026-05-29,B,Delhi,Normal,Male,Milk,Dairy,10,62.94,Net Banking,4.2,629.4
INV3010,2026-05-25,C,Mumbai,Member,Female,Tea,Beverages,5,133.61,Net Banking,3.8,668.05
INV3011,2026-03-27,C,Mumbai,Normal,Male,Chocolate,Snacks,7,57.72,Net Banking,4.0,404.04
INV3012,2026-05-24,C,Mumbai,Normal,Female,Eggs,Dairy,7,86.38,UPI,4.4,604.66
INV3013,2026-01-14,D,Bengaluru,Normal,Male,Cooking Oil,Grocery,9,175.82,Cash,3.6,1582.38
INV3014,2026-04-26,A,Jaipur,Normal,Male,Tomato,Vegetables,10,43.18,UPI,4.6,431.8
INV3015,2026-01-23,D,Bengaluru,Normal,Female,Tomato,Vegetables,3,42.72,Net Banking,3.9,128.16
INV3016,2026-04-06,B,Delhi,Normal,Male,Coffee,Beverages,3,182.43,Net Banking,3.4,547.29
INV3017,2026-06-29,C,Mumbai,Member,Male,Eggs,Dairy,1,84.48,Cash,4.0,84.48
INV3018,2026-04-21,D,Bengaluru,Normal,Male,Noodles,Grocery,8,51.93,Card,3.3,415.44
INV3019,2026-06-21,A,Jaipur,Normal,Male,Soap,Personal Care,10,45.08,Net Banking,4.0,450.8
INV3020,2026-04-20,C,Mumbai,Member,Female,Bananas,Fruits,7,55.02,UPI,5.0,385.14
INV3021,2026-05-13,D,Bengaluru,Member,Male,Cold Drink,Beverages,4,71.49,Net Banking,3.8,285.96
INV3022,2026-02-14,D,Bengaluru,Member,Female,Chocolate,Snacks,2,50.84,Net Banking,3.2,101.68
INV3023,2026-03-19,D,Bengaluru,Member,Female,Chocolate,Snacks,7,52.33,Card,4.7,366.31
INV3024,2026-04-21,B,Delhi,Member,Male,Cooking Oil,Grocery,1,157.2,Cash,4.4,157.2
INV3025,2026-01-24,B,Delhi,Member,Male,Shampoo,Personal Care,3,172.26,Net Banking,3.5,516.78
INV3026,2026-02-23,D,Bengaluru,Normal,Female,Bananas,Fruits,8,69.74,Card,3.1,557.92
INV3027,2026-02-22,C,Mumbai,Member,Male,Bananas,Fruits,6,52.58,Card,4.7,315.48
INV3028,2026-03-03,A,Jaipur,Normal,Male,Potato,Vegetables,8,33.23,Net Banking,4.4,265.84
INV3029,2026-03-18,A,Jaipur,Member,Female,Tomato,Vegetables,7,50.02,Net Banking,3.6,350.14
INV3030,2026-04-26,C,Mumbai,Member,Female,Apples,Fruits,5,145.86,Cash,3.1,729.3
INV3031,2026-01-25,B,Delhi,Member,Male,Rice,Grocery,4,65.34,UPI,3.5,261.36
INV3032,2026-01-19,D,Bengaluru,Normal,Male,Tomato,Vegetables,4,39.21,UPI,4.5,156.84
INV3033,2026-01-10,D,Bengaluru,Member,Male,Cooking Oil,Grocery,9,151.49,Cash,4.3,1363.41
INV3034,2026-05-25,D,Bengaluru,Member,Male,Bananas,Fruits,6,68.28,Card,4.0,409.68
INV3035,2026-01-19,D,Bengaluru,Member,Female,Cold Drink,Beverages,8,70.03,Card,3.4,560.24
INV3036,2026-01-26,B,Delhi,Member,Female,Chocolate,Snacks,9,52.38,Cash,3.9,471.42
INV3037,2026-01-14,D,Bengaluru,Member,Male,Bread,Bakery,6,45.41,UPI,4.6,272.46
INV3038,2026-05-05,C,Mumbai,Member,Female,Noodles,Grocery,8,61.87,Card,4.1,494.96
INV3039,2026-03-18,D,Bengaluru,Normal,Female,Bananas,Fruits,2,63.71,UPI,4.8,127.42
INV3040,2026-03-16,A,Jaipur,Member,Female,Coffee,Beverages,2,165.55,Card,3.0,331.1
INV3041,2026-05-21,C,Mumbai,Member,Male,Rice,Grocery,10,71.62,UPI,4.8,716.2
INV3042,2026-04-07,B,Delhi,Member,Female,Shampoo,Personal Care,10,201.76,Cash,4.9,2017.6
INV3043,2026-05-14,B,Delhi,Member,Male,Biscuits,Snacks,10,28.22,UPI,3.0,282.2
INV3044,2026-06-11,D,Bengaluru,Member,Female,Soap,Personal Care,4,48.51,Card,3.2,194.04
INV3045,2026-04-26,B,Delhi,Normal,Female,Biscuits,Snacks,8,26.72,Card,4.0,213.76
INV3046,2026-06-10,A,Jaipur,Member,Male,Cold Drink,Beverages,9,57.36,Card,3.1,516.24
INV3047,2026-05-10,C,Mumbai,Normal,Male,Cooking Oil,Grocery,7,128.46,Net Banking,3.7,899.22
INV3048,2026-04-25,B,Delhi,Normal,Male,Tomato,Vegetables,4,52.08,Net Banking,4.5,208.32
INV3049,2026-01-26,C,Mumbai,Member,Male,Cooking Oil,Grocery,8,152.52,Card,3.2,1220.16
INV3050,2026-01-14,B,Delhi,Member,Male,Shampoo,Personal Care,7,176.81,Cash,4.6,1237.67
INV3051,2026-03-22,D,Bengaluru,Member,Male,Soap,Personal Care,8,50.22,Card,4.7,401.76
INV3052,2026-06-21,B,Delhi,Normal,Male,Bread,Bakery,1,40.47,Cash,4.5,40.47
INV3053,2026-06-15,D,Bengaluru,Normal,Female,Rice,Grocery,5,70.83,Card,4.3,354.15
INV3054,2026-05-14,A,Jaipur,Member,Female,Tomato,Vegetables,10,49.12,Card,4.2,491.2
INV3055,2026-05-14,A,Jaipur,Member,Female,Eggs,Dairy,4,98.22,Cash,4.5,392.88
INV3056,2026-02-09,D,Bengaluru,Normal,Male,Coffee,Beverages,2,193.1,UPI,4.3,386.2
INV3057,2026-02-03,B,Delhi,Normal,Female,Rice,Grocery,8,59.66,Net Banking,3.8,477.28
INV3058,2026-06-23,B,Delhi,Normal,Male,Tomato,Vegetables,4,49.65,Card,3.8,198.6
INV3059,2026-06-28,C,Mumbai,Member,Female,Milk,Dairy,8,63.53,Cash,3.5,508.24
INV3060,2026-03-03,D,Bengaluru,Member,Male,Cheese,Dairy,10,243.73,Cash,4.2,2437.3
INV3061,2026-06-15,B,Delhi,Member,Male,Chocolate,Snacks,8,56.23,Net Banking,4.5,449.84
INV3062,2026-03-27,C,Mumbai,Normal,Male,Potato,Vegetables,4,33.18,Net Banking,3.1,132.72
INV3063,2026-01-15,D,Bengaluru,Member,Female,Milk,Dairy,2,62.04,UPI,3.7,124.08
INV3064,2026-06-30,D,Bengaluru,Member,Female,Milk,Dairy,9,55.66,Card,4.3,500.94
INV3065,2026-06-15,B,Delhi,Normal,Female,Shampoo,Personal Care,1,185.06,Net Banking,4.2,185.06
INV3066,2026-01-15,A,Jaipur,Member,Male,Apples,Fruits,7,138.11,UPI,3.2,966.77
INV3067,2026-04-10,D,Bengaluru,Normal,Female,Chips,Snacks,4,32.57,Card,3.3,130.28
INV3068,2026-06-22,C,Mumbai,Member,Female,Apples,Fruits,7,148.85,Card,3.7,1041.95
INV3069,2026-03-15,D,Bengaluru,Member,Female,Chips,Snacks,9,38.53,Cash,4.5,346.77
INV3070,2026-02-19,C,Mumbai,Member,Female,Bread,Bakery,3,41.03,Net Banking,4.9,123.09
INV3071,2026-06-28,D,Bengaluru,Member,Male,Tomato,Vegetables,3,45.88,UPI,3.5,137.64
INV3072,2026-01-16,C,Mumbai,Member,Male,Coffee,Beverages,4,193.86,UPI,4.0,775.44
INV3073,2026-01-17,C,Mumbai,Member,Male,Rice,Grocery,5,60.47,Cash,3.3,302.35
INV3074,2026-06-14,B,Delhi,Member,Female,Coffee,Beverages,4,174.85,UPI,4.9,699.4
INV3075,2026-02-03,B,Delhi,Normal,Male,Rice,Grocery,1,59.14,UPI,3.9,59.14
INV3076,2026-02-28,C,Mumbai,Normal,Male,Cheese,Dairy,1,226.79,Card,3.8,226.79
INV3077,2026-05-25,B,Delhi,Member,Male,Noodles,Grocery,1,47.93,Net Banking,3.6,47.93
INV3078,2026-06-04,D,Bengaluru,Normal,Female,Cold Drink,Beverages,1,56.06,Cash,4.8,56.06
INV3079,2026-04-20,A,Jaipur,Normal,Male,Cold Drink,Beverages,6,71.89,Net Banking,4.6,431.34
INV3080,2026-02-20,B,Delhi,Member,Female,Noodles,Grocery,10,51.33,UPI,3.5,513.3
INV3081,2026-02-11,D,Bengaluru,Normal,Male,Biscuits,Snacks,4,26.08,UPI,3.6,104.32
INV3082,2026-06-15,C,Mumbai,Member,Female,Bananas,Fruits,2,67.33,UPI,4.1,134.66
INV3083,2026-01-26,A,Jaipur,Member,Male,Shampoo,Personal Care,7,172.96,Net Banking,3.7,1210.72
INV3084,2026-01-20,A,Jaipur,Normal,Female,Cold Drink,Beverages,3,59.76,Cash,4.7,179.28
INV3085,2026-03-22,A,Jaipur,Member,Female,Eggs,Dairy,2,89.34,Cash,3.2,178.68
INV3086,2026-06-07,A,Jaipur,Normal,Female,Milk,Dairy,10,59.17,Card,5.0,591.7
INV3087,2026-06-25,B,Delhi,Normal,Female,Cold Drink,Beverages,6,61.42,Cash,3.8,368.52
INV3088,2026-04-04,D,Bengaluru,Normal,Female,Soap,Personal Care,3,44.64,Card,4.0,133.92
INV3089,2026-05-18,B,Delhi,Normal,Male,Apples,Fruits,10,138.44,UPI,4.0,1384.4
INV3090,2026-06-17,B,Delhi,Normal,Female,Tea,Beverages,2,112.97,Cash,4.7,225.94
INV3091,2026-04-06,B,Delhi,Normal,Male,Potato,Vegetables,1,35.99,Card,3.7,35.99
INV3092,2026-05-23,D,Bengaluru,Normal,Female,Potato,Vegetables,7,31.87,Card,4.2,223.09
INV3093,2026-05-21,B,Delhi,Normal,Male,Noodles,Grocery,8,62.26,Net Banking,3.9,498.08
INV3094,2026-06-06,B,Delhi,Member,Male,Biscuits,Snacks,9,34.56,UPI,4.7,311.04
INV3095,2026-06-01,C,Mumbai,Member,Male,Biscuits,Snacks,6,29.29,Cash,4.3,175.74
INV3096,2026-04-07,B,Delhi,Normal,Female,Apples,Fruits,7,153.52,Cash,3.1,1074.64
INV3097,2026-06-22,B,Delhi,Normal,Male,Tomato,Vegetables,7,41.1,Cash,4.5,287.7
INV3098,2026-05-13,B,Delhi,Normal,Female,Bananas,Fruits,1,56.47,Card,3.9,56.47
INV3099,2026-04-06,C,Mumbai,Member,Female,Bananas,Fruits,6,62.37,Cash,5.0,374.22
INV3100,2026-05-26,D,Bengaluru,Normal,Male,Bread,Bakery,8,33.74,Cash,3.9,269.92
INV3101,2026-04-21,C,Mumbai,Normal,Female,Rice,Grocery,10,60.6,Cash,4.4,606.0
INV3102,2026-05-08,C,Mumbai,Normal,Male,Cheese,Dairy,4,193.32,UPI,3.6,773.28
INV3103,2026-03-11,D,Bengaluru,Normal,Female,Noodles,Grocery,4,63.89,UPI,4.5,255.56
INV3104,2026-05-31,C,Mumbai,Normal,Male,Chips,Snacks,3,38.99,Card,3.2,116.97
INV3105,2026-04-19,C,Mumbai,Normal,Female,Noodles,Grocery,2,48.26,Net Banking,4.9,96.52
INV3106,2026-03-01,C,Mumbai,Normal,Male,Milk,Dairy,5,61.26,Cash,4.0,306.3
INV3107,2026-04-22,C,Mumbai,Member,Female,Tea,Beverages,7,140.07,Cash,3.5,980.49
INV3108,2026-05-27,B,Delhi,Normal,Female,Shampoo,Personal Care,8,170.25,Card,4.2,1362.0
INV3109,2026-01-02,B,Delhi,Member,Male,Tea,Beverages,7,127.3,Cash,4.7,891.1
INV3110,2026-06-09,B,Delhi,Normal,Female,Cheese,Dairy,1,214.49,Net Banking,4.8,214.49
INV3111,2026-03-31,D,Bengaluru,Member,Female,Chocolate,Snacks,10,48.54,Card,4.2,485.4
INV3112,2026-03-09,C,Mumbai,Normal,Female,Cold Drink,Beverages,4,70.49,UPI,3.5,281.96
INV3113,2026-05-18,C,Mumbai,Member,Female,Soap,Personal Care,7,49.28,Net Banking,4.4,344.96
INV3114,2026-02-17,B,Delhi,Member,Male,Rice,Grocery,1,76.83,Cash,4.6,76.83
INV3115,2026-04-16,C,Mumbai,Normal,Female,Chips,Snacks,2,35.13,Net Banking,4.9,70.26
INV3116,2026-04-12,D,Bengaluru,Member,Male,Noodles,Grocery,2,64.38,UPI,3.3,128.76
INV3117,2026-01-02,B,Delhi,Normal,Male,Rice,Grocery,9,68.04,Card,3.1,612.36
INV3118,2026-06-11,A,Jaipur,Normal,Female,Apples,Fruits,1,143.91,Net Banking,3.4,143.91
INV3119,2026-03-16,C,Mumbai,Normal,Female,Cooking Oil,Grocery,1,131.61,Card,4.3,131.61
INV3120,2026-05-04,C,Mumbai,Member,Male,Shampoo,Personal Care,5,191.42,Card,3.6,957.1
INV3121,2026-01-19,C,Mumbai,Member,Male,Bread,Bakery,9,38.87,Cash,3.2,349.83
INV3122,2026-04-03,A,Jaipur,Member,Female,Apples,Fruits,1,133.61,Cash,4.9,133.61
INV3123,2026-02-22,D,Bengaluru,Normal,Female,Cheese,Dairy,8,205.29,Card,3.5,1642.32
INV3124,2026-03-03,B,Delhi,Normal,Female,Rice,Grocery,5,64.54,UPI,3.1,322.7
INV3125,2026-06-14,A,Jaipur,Member,Male,Coffee,Beverages,5,156.34,Card,4.2,781.7
INV3126,2026-05-21,A,Jaipur,Normal,Male,Potato,Vegetables,3,31.91,UPI,4.9,95.73
INV3127,2026-04-15,B,Delhi,Normal,Female,Soap,Personal Care,1,37.44,Net Banking,3.4,37.44
INV3128,2026-05-17,D,Bengaluru,Member,Male,Apples,Fruits,1,122.88,Card,4.3,122.88
INV3129,2026-06-18,A,Jaipur,Normal,Female,Milk,Dairy,3,59.53,Net Banking,3.5,178.59
INV3130,2026-01-04,C,Mumbai,Normal,Male,Cheese,Dairy,9,256.87,Card,4.7,2311.83
INV3131,2026-05-01,A,Jaipur,Member,Male,Shampoo,Personal Care,4,150.37,Net Banking,4.7,601.48
INV3132,2026-06-29,A,Jaipur,Member,Male,Milk,Dairy,8,61.76,UPI,4.5,494.08
INV3133,2026-05-23,C,Mumbai,Member,Female,Face Wash,Personal Care,1,106.99,Net Banking,3.8,106.99
INV3134,2026-05-11,D,Bengaluru,Normal,Male,Coffee,Beverages,8,179.14,Net Banking,4.0,1433.12
INV3135,2026-03-27,C,Mumbai,Normal,Male,Tea,Beverages,2,117.09,Cash,4.4,234.18
INV3136,2026-06-10,A,Jaipur,Normal,Female,Cheese,Dairy,6,244.53,Card,4.8,1467.18
INV3137,2026-04-22,C,Mumbai,Member,Female,Cold Drink,Beverages,3,55.61,Card,4.3,166.83
INV3138,2026-06-17,B,Delhi,Normal,Male,Cold Drink,Beverages,3,61.46,Card,4.8,184.38
INV3139,2026-02-02,C,Mumbai,Member,Male,Milk,Dairy,10,60.85,Card,4.2,608.5
INV3140,2026-05-27,A,Jaipur,Normal,Female,Milk,Dairy,4,51.27,Cash,4.8,205.08
INV3141,2026-02-10,B,Delhi,Normal,Female,Rice,Grocery,6,70.21,UPI,3.9,421.26
INV3142,2026-06-05,B,Delhi,Normal,Male,Soap,Personal Care,3,39.27,Net Banking,3.2,117.81
INV3143,2026-04-17,B,Delhi,Normal,Female,Milk,Dairy,3,49.97,Net Banking,4.5,149.91
INV3144,2026-05-04,C,Mumbai,Normal,Female,Rice,Grocery,4,61.85,UPI,3.2,247.4
INV3145,2026-02-04,B,Delhi,Normal,Female,Chocolate,Snacks,2,43.79,Net Banking,4.4,87.58
INV3146,2026-06-08,C,Mumbai,Normal,Female,Coffee,Beverages,5,183.53,Cash,3.5,917.65
INV3147,2026-04-01,B,Delhi,Member,Male,Apples,Fruits,5,141.22,Card,3.4,706.1
INV3148,2026-05-04,A,Jaipur,Normal,Female,Face Wash,Personal Care,7,102.5,Card,3.5,717.5
INV3149,2026-02-07,D,Bengaluru,Member,Female,Rice,Grocery,3,63.35,Cash,4.5,190.05
INV3150,2026-04-26,B,Delhi,Normal,Female,Bananas,Fruits,9,53.23,Card,3.5,479.07
INV3151,2026-04-30,A,Jaipur,Member,Male,Chips,Snacks,3,34.79,Net Banking,3.7,104.37
INV3152,2026-05-13,B,Delhi,Member,Female,Soap,Personal Care,3,50.31,UPI,3.6,150.93
INV3153,2026-06-03,C,Mumbai,Member,Male,Bananas,Fruits,10,69.03,UPI,3.6,690.3
INV3154,2026-03-19,B,Delhi,Normal,Female,Cold Drink,Beverages,7,69.75,Net Banking,4.3,488.25
INV3155,2026-02-17,B,Delhi,Member,Male,Coffee,Beverages,9,196.33,UPI,5.0,1766.97
INV3156,2026-04-03,A,Jaipur,Member,Male,Face Wash,Personal Care,4,122.72,UPI,3.2,490.88
INV3157,2026-05-01,C,Mumbai,Member,Female,Eggs,Dairy,5,89.15,Card,4.4,445.75
INV3158,2026-01-04,D,Bengaluru,Normal,Male,Tea,Beverages,9,139.7,Net Banking,4.5,1257.3
INV3159,2026-04-24,B,Delhi,Member,Female,Potato,Vegetables,10,38.9,Cash,4.3,389.0
INV3160,2026-03-20,B,Delhi,Member,Male,Cold Drink,Beverages,2,65.93,UPI,4.1,131.86
INV3161,2026-03-08,B,Delhi,Member,Male,Bananas,Fruits,5,63.24,Net Banking,4.8,316.2
INV3162,2026-06-10,B,Delhi,Member,Male,Apples,Fruits,4,163.42,Cash,3.1,653.68
INV3163,2026-04-06,C,Mumbai,Normal,Female,Apples,Fruits,8,141.51,Cash,3.1,1132.08
INV3164,2026-01-17,C,Mumbai,Member,Male,Soap,Personal Care,2,49.59,Card,4.5,99.18
INV3165,2026-02-07,D,Bengaluru,Member,Male,Chocolate,Snacks,4,48.62,Card,3.5,194.48
INV3166,2026-06-29,D,Bengaluru,Member,Male,Milk,Dairy,1,59.37,UPI,3.7,59.37
INV3167,2026-01-08,C,Mumbai,Member,Female,Apples,Fruits,8,146.74,Net Banking,4.6,1173.92
INV3168,2026-03-27,A,Jaipur,Member,Female,Rice,Grocery,4,73.75,Net Banking,3.4,295.0
INV3169,2026-04-28,D,Bengaluru,Normal,Male,Cold Drink,Beverages,5,65.63,Card,3.9,328.15
INV3170,2026-02-19,C,Mumbai,Member,Male,Cooking Oil,Grocery,6,174.17,Card,4.7,1045.02
INV3171,2026-02-16,B,Delhi,Normal,Female,Bread,Bakery,8,37.96,Card,3.7,303.68
INV3172,2026-04-06,A,Jaipur,Member,Female,Potato,Vegetables,9,38.26,UPI,3.7,344.34
INV3173,2026-04-20,C,Mumbai,Member,Male,Coffee,Beverages,6,162.44,Net Banking,3.6,974.64
INV3174,2026-03-30,B,Delhi,Normal,Female,Chocolate,Snacks,8,47.67,UPI,4.1,381.36
INV3175,2026-06-20,B,Delhi,Normal,Female,Biscuits,Snacks,3,29.81,Net Banking,3.1,89.43
INV3176,2026-05-24,C,Mumbai,Normal,Female,Chocolate,Snacks,1,52.31,Card,3.6,52.31
INV3177,2026-02-24,B,Delhi,Member,Male,Bread,Bakery,10,38.94,UPI,3.5,389.4
INV3178,2026-04-18,A,Jaipur,Normal,Male,Cold Drink,Beverages,5,58.78,Cash,4.6,293.9
INV3179,2026-06-04,D,Bengaluru,Normal,Male,Milk,Dairy,10,49.13,UPI,4.4,491.3
INV3180,2026-06-01,A,Jaipur,Member,Male,Noodles,Grocery,9,47.83,UPI,3.8,430.47
INV3181,2026-03-07,A,Jaipur,Member,Male,Eggs,Dairy,3,76.56,Cash,4.6,229.68
INV3182,2026-06-25,D,Bengaluru,Member,Female,Soap,Personal Care,10,50.23,Cash,4.2,502.3
INV3183,2026-03-18,C,Mumbai,Member,Female,Apples,Fruits,10,148.23,Card,3.1,1482.3
INV3184,2026-06-28,A,Jaipur,Normal,Male,Noodles,Grocery,10,60.8,Cash,4.1,608.0
INV3185,2026-03-04,A,Jaipur,Normal,Female,Cold Drink,Beverages,2,63.57,Cash,3.1,127.14
INV3186,2026-03-06,C,Mumbai,Normal,Female,Shampoo,Personal Care,9,150.12,UPI,4.2,1351.08
INV3187,2026-03-21,D,Bengaluru,Member,Female,Tomato,Vegetables,7,47.46,UPI,4.8,332.22
INV3188,2026-06-30,B,Delhi,Member,Female,Cheese,Dairy,10,204.45,Card,3.7,2044.5
INV3189,2026-04-13,B,Delhi,Member,Male,Bread,Bakery,7,41.41,Cash,3.2,289.87
INV3190,2026-03-29,C,Mumbai,Member,Female,Cold Drink,Beverages,6,54.31,Net Banking,3.9,325.86
INV3191,2026-04-01,D,Bengaluru,Normal,Male,Cooking Oil,Grocery,3,152.26,UPI,4.4,456.78
INV3192,2026-06-26,B,Delhi,Normal,Female,Cold Drink,Beverages,1,73.53,Card,3.6,73.53
INV3193,2026-02-22,D,Bengaluru,Member,Female,Rice,Grocery,1,67.94,UPI,4.1,67.94
INV3194,2026-01-20,B,Delhi,Member,Female,Bananas,Fruits,9,61.8,UPI,4.4,556.2
INV3195,2026-02-17,C,Mumbai,Member,Male,Cheese,Dairy,10,241.63,Net Banking,3.6,2416.3
INV3196,2026-04-04,C,Mumbai,Member,Male,Cold Drink,Beverages,3,55.76,Card,4.5,167.28
INV3197,2026-05-07,A,Jaipur,Normal,Female,Cooking Oil,Grocery,7,152.31,Net Banking,4.8,1066.17
INV3198,2026-02-28,C,Mumbai,Member,Female,Noodles,Grocery,9,52.94,Net Banking,4.6,476.46
INV3199,2026-05-13,C,Mumbai,Normal,Female,Coffee,Beverages,10,190.37,Card,3.1,1903.7
INV3200,2026-02-23,A,Jaipur,Member,Male,Cheese,Dairy,7,246.89,Cash,3.7,1728.23
INV3201,2026-02-17,C,Mumbai,Member,Male,Tea,Beverages,6,112.54,Net Banking,4.5,675.24
INV3202,2026-04-20,A,Jaipur,Member,Male,Coffee,Beverages,6,161.85,Cash,4.4,971.1
INV3203,2026-01-13,D,Bengaluru,Member,Female,Cheese,Dairy,7,213.58,UPI,4.9,1495.06
INV3204,2026-06-30,D,Bengaluru,Member,Female,Biscuits,Snacks,9,25.37,Card,4.1,228.33
INV3205,2026-06-17,C,Mumbai,Member,Male,Tomato,Vegetables,9,40.27,Card,3.9,362.43
INV3206,2026-03-01,A,Jaipur,Member,Male,Chips,Snacks,8,32.67,UPI,4.7,261.36
INV3207,2026-02-02,D,Bengaluru,Member,Male,Rice,Grocery,5,74.34,UPI,3.6,371.7
INV3208,2026-02-05,A,Jaipur,Normal,Female,Biscuits,Snacks,10,28.45,UPI,4.3,284.5
INV3209,2026-01-09,C,Mumbai,Member,Female,Shampoo,Personal Care,4,196.52,Net Banking,3.9,786.08
INV3210,2026-01-23,C,Mumbai,Member,Female,Chips,Snacks,4,38.04,Net Banking,3.6,152.16
INV3211,2026-04-17,C,Mumbai,Member,Male,Potato,Vegetables,5,32.92,Net Banking,4.4,164.6
INV3212,2026-01-09,B,Delhi,Normal,Male,Cheese,Dairy,7,246.3,Net Banking,4.8,1724.1
INV3213,2026-06-01,C,Mumbai,Normal,Female,Cold Drink,Beverages,10,62.74,Net Banking,3.2,627.4
INV3214,2026-06-12,B,Delhi,Member,Female,Apples,Fruits,9,125.14,Cash,4.6,1126.26
INV3215,2026-01-16,B,Delhi,Member,Female,Soap,Personal Care,1,39.05,Cash,3.0,39.05
INV3216,2026-03-10,A,Jaipur,Normal,Female,Rice,Grocery,4,70.25,Net Banking,4.0,281.0
INV3217,2026-04-12,B,Delhi,Normal,Female,Bananas,Fruits,5,53.24,Card,4.2,266.2
INV3218,2026-06-17,D,Bengaluru,Normal,Female,Bananas,Fruits,7,58.41,Card,3.9,408.87
INV3219,2026-04-20,A,Jaipur,Member,Male,Cheese,Dairy,2,223.55,Cash,4.9,447.1
INV3220,2026-05-23,C,Mumbai,Member,Male,Cold Drink,Beverages,5,75.55,Cash,4.9,377.75
INV3221,2026-04-11,A,Jaipur,Normal,Male,Milk,Dairy,2,47.38,Card,3.1,94.76
INV3222,2026-03-25,B,Delhi,Normal,Male,Cheese,Dairy,2,188.88,Card,4.4,377.76
INV3223,2026-04-26,A,Jaipur,Member,Female,Chips,Snacks,2,34.98,Card,4.1,69.96
INV3224,2026-02-22,A,Jaipur,Member,Male,Shampoo,Personal Care,7,170.03,Cash,4.7,1190.21
INV3225,2026-02-26,B,Delhi,Member,Male,Bread,Bakery,2,38.32,Cash,5.0,76.64
INV3226,2026-06-06,B,Delhi,Member,Male,Cooking Oil,Grocery,10,162.95,Card,4.9,1629.5
INV3227,2026-03-14,D,Bengaluru,Normal,Female,Chips,Snacks,1,39.64,Cash,3.9,39.64
INV3228,2026-03-08,D,Bengaluru,Member,Male,Chips,Snacks,9,37.48,Net Banking,3.1,337.32
INV3229,2026-04-29,D,Bengaluru,Member,Male,Tea,Beverages,4,102.81,Card,3.7,411.24
INV3230,2026-05-13,B,Delhi,Normal,Female,Bread,Bakery,2,44.35,UPI,3.1,88.7
INV3231,2026-03-17,D,Bengaluru,Member,Female,Chocolate,Snacks,6,44.13,Card,3.9,264.78
INV3232,2026-05-26,C,Mumbai,Normal,Female,Noodles,Grocery,1,64.24,Cash,4.9,64.24
INV3233,2026-04-07,B,Delhi,Normal,Male,Bananas,Fruits,2,56.05,UPI,3.5,112.1
INV3234,2026-03-26,D,Bengaluru,Member,Male,Chocolate,Snacks,10,43.44,UPI,4.4,434.4
INV3235,2026-06-08,D,Bengaluru,Member,Female,Eggs,Dairy,4,99.15,Card,3.1,396.6
INV3236,2026-04-10,B,Delhi,Normal,Male,Apples,Fruits,10,129.47,Net Banking,4.2,1294.7
INV3237,2026-02-24,C,Mumbai,Normal,Male,Tea,Beverages,2,121.01,Net Banking,4.7,242.02
INV3238,2026-05-26,C,Mumbai,Member,Male,Biscuits,Snacks,6,25.54,Cash,3.7,153.24
INV3239,2026-03-03,B,Delhi,Member,Male,Tea,Beverages,10,106.58,UPI,3.3,1065.8
INV3240,2026-06-20,C,Mumbai,Member,Female,Cooking Oil,Grocery,6,138.96,Net Banking,3.7,833.76
INV3241,2026-03-01,C,Mumbai,Normal,Male,Tea,Beverages,2,105.56,Cash,3.8,211.12
INV3242,2026-06-01,A,Jaipur,Member,Female,Tomato,Vegetables,6,40.73,UPI,3.9,244.38
INV3243,2026-01-06,D,Bengaluru,Normal,Male,Face Wash,Personal Care,10,132.85,Cash,3.9,1328.5
INV3244,2026-04-20,C,Mumbai,Member,Female,Cooking Oil,Grocery,1,163.45,Net Banking,4.4,163.45
INV3245,2026-04-30,D,Bengaluru,Normal,Male,Noodles,Grocery,5,63.47,Cash,3.7,317.35
INV3246,2026-01-24,A,Jaipur,Normal,Male,Apples,Fruits,9,126.46,Cash,4.0,1138.14
INV3247,2026-06-18,D,Bengaluru,Normal,Male,Bread,Bakery,2,35.58,Net Banking,4.0,71.16
INV3248,2026-02-21,C,Mumbai,Member,Female,Apples,Fruits,2,155.14,Net Banking,3.0,310.28
INV3249,2026-02-14,C,Mumbai,Member,Male,Apples,Fruits,10,127.34,Cash,4.7,1273.4
INV3250,2026-06-11,C,Mumbai,Normal,Female,Chocolate,Snacks,7,45.93,Net Banking,3.2,321.51
INV3251,2026-01-24,C,Mumbai,Member,Male,Cooking Oil,Grocery,6,169.84,Card,3.3,1019.04
INV3252,2026-04-25,B,Delhi,Normal,Male,Rice,Grocery,5,62.73,Card,3.6,313.65
INV3253,2026-06-12,D,Bengaluru,Normal,Male,Tea,Beverages,5,116.47,Card,3.8,582.35
INV3254,2026-03-09,A,Jaipur,Normal,Female,Chocolate,Snacks,6,55.85,UPI,3.5,335.1
INV3255,2026-03-07,A,Jaipur,Normal,Female,Milk,Dairy,3,53.08,Card,4.7,159.24
INV3256,2026-01-03,C,Mumbai,Member,Female,Bananas,Fruits,7,51.96,Card,3.6,363.72
INV3257,2026-06-27,C,Mumbai,Member,Male,Cheese,Dairy,10,254.15,Card,3.9,2541.5
INV3258,2026-06-21,A,Jaipur,Member,Male,Bread,Bakery,8,44.42,Net Banking,4.0,355.36
INV3259,2026-04-30,D,Bengaluru,Member,Male,Chocolate,Snacks,2,50.59,Net Banking,4.3,101.18
INV3260,2026-06-14,C,Mumbai,Normal,Female,Soap,Personal Care,7,50.67,Net Banking,3.6,354.69
INV3261,2026-06-25,B,Delhi,Normal,Female,Tomato,Vegetables,8,42.38,Net Banking,4.9,339.04
INV3262,2026-06-24,B,Delhi,Normal,Male,Bread,Bakery,5,36.35,Net Banking,4.8,181.75
INV3263,2026-03-07,B,Delhi,Member,Male,Potato,Vegetables,7,40.39,Card,4.3,282.73
INV3264,2026-05-11,D,Bengaluru,Member,Female,Eggs,Dairy,9,82.55,Card,3.5,742.95
INV3265,2026-06-19,C,Mumbai,Member,Female,Soap,Personal Care,6,37.98,Net Banking,3.2,227.88
INV3266,2026-04-03,D,Bengaluru,Normal,Male,Chips,Snacks,1,29.74,Cash,4.4,29.74
INV3267,2026-03-18,D,Bengaluru,Member,Female,Chips,Snacks,6,36.33,Net Banking,4.4,217.98
INV3268,2026-04-30,B,Delhi,Member,Female,Tomato,Vegetables,6,48.0,Card,3.8,288.0
INV3269,2026-04-05,B,Delhi,Member,Female,Bananas,Fruits,7,52.66,Card,4.0,368.62
INV3270,2026-05-22,C,Mumbai,Member,Female,Cheese,Dairy,1,222.92,Net Banking,3.1,222.92
INV3271,2026-06-24,D,Bengaluru,Normal,Female,Bread,Bakery,3,44.82,UPI,3.9,134.46
INV3272,2026-02-04,B,Delhi,Member,Male,Eggs,Dairy,10,85.61,Cash,3.5,856.1
INV3273,2026-06-03,C,Mumbai,Normal,Male,Cooking Oil,Grocery,2,147.62,Net Banking,4.5,295.24
INV3274,2026-02-20,C,Mumbai,Normal,Female,Biscuits,Snacks,8,30.64,Card,4.0,245.12
INV3275,2026-05-15,A,Jaipur,Normal,Male,Biscuits,Snacks,8,30.43,Cash,3.4,243.44
INV3276,2026-06-04,A,Jaipur,Member,Female,Soap,Personal Care,4,40.79,UPI,4.3,163.16
INV3277,2026-03-17,A,Jaipur,Normal,Male,Noodles,Grocery,6,52.37,Cash,4.9,314.22
INV3278,2026-01-18,C,Mumbai,Normal,Male,Face Wash,Personal Care,10,119.06,Net Banking,4.0,1190.6
INV3279,2026-04-14,A,Jaipur,Member,Male,Chocolate,Snacks,1,45.42,Card,3.5,45.42
INV3280,2026-03-26,C,Mumbai,Normal,Female,Tomato,Vegetables,2,40.2,Card,4.0,80.4
INV3281,2026-05-19,D,Bengaluru,Normal,Male,Chips,Snacks,7,38.26,Card,3.3,267.82
INV3282,2026-01-05,D,Bengaluru,Member,Male,Bananas,Fruits,10,65.73,Cash,4.4,657.3
INV3283,2026-03-29,B,Delhi,Member,Female,Tomato,Vegetables,5,41.97,Net Banking,4.9,209.85
INV3284,2026-03-01,C,Mumbai,Member,Male,Noodles,Grocery,10,56.44,Net Banking,3.4,564.4
INV3285,2026-05-14,D,Bengaluru,Member,Male,Biscuits,Snacks,3,29.65,Cash,4.7,88.95
INV3286,2026-03-14,C,Mumbai,Member,Female,Rice,Grocery,7,68.46,Cash,4.0,479.22
INV3287,2026-06-21,A,Jaipur,Member,Male,Cheese,Dairy,8,207.94,UPI,3.9,1663.52
INV3288,2026-02-11,D,Bengaluru,Member,Female,Chocolate,Snacks,5,50.77,Card,3.5,253.85
INV3289,2026-06-14,C,Mumbai,Normal,Female,Noodles,Grocery,9,52.43,Cash,4.9,471.87
INV3290,2026-02-13,D,Bengaluru,Member,Female,Coffee,Beverages,2,191.85,Card,4.0,383.7
INV3291,2026-03-03,A,Jaipur,Member,Female,Bread,Bakery,6,41.34,UPI,3.5,248.04
INV3292,2026-02-28,A,Jaipur,Normal,Male,Cooking Oil,Grocery,9,176.77,Net Banking,4.2,1590.93
INV3293,2026-03-07,A,Jaipur,Normal,Female,Biscuits,Snacks,7,26.43,Card,4.9,185.01
INV3294,2026-05-14,C,Mumbai,Member,Male,Coffee,Beverages,8,173.7,Cash,4.3,1389.6
INV3295,2026-04-23,C,Mumbai,Normal,Female,Shampoo,Personal Care,7,197.79,Cash,3.4,1384.53
INV3296,2026-04-30,C,Mumbai,Member,Female,Chocolate,Snacks,9,47.58,UPI,3.4,428.22
INV3297,2026-04-13,C,Mumbai,Normal,Male,Shampoo,Personal Care,2,200.25,Card,4.1,400.5
INV3298,2026-06-21,B,Delhi,Member,Female,Coffee,Beverages,4,153.78,Net Banking,3.7,615.12
INV3299,2026-04-02,D,Bengaluru,Normal,Female,Biscuits,Snacks,4,25.33,Net Banking,4.9,101.32
INV3300,2026-01-27,D,Bengaluru,Member,Female,Cold Drink,Beverages,9,56.33,Cash,3.2,506.97
INV3301,2026-05-17,B,Delhi,Normal,Female,Potato,Vegetables,1,29.54,UPI,3.0,29.54
INV3302,2026-01-09,C,Mumbai,Normal,Male,Eggs,Dairy,2,95.93,Cash,3.1,191.86
INV3303,2026-01-05,B,Delhi,Normal,Female,Potato,Vegetables,6,35.26,Cash,4.7,211.56
INV3304,2026-06-01,D,Bengaluru,Normal,Male,Potato,Vegetables,4,34.08,Cash,3.5,136.32
INV3305,2026-05-15,D,Bengaluru,Member,Female,Bananas,Fruits,9,52.46,Cash,4.1,472.14
INV3306,2026-02-26,A,Jaipur,Member,Female,Soap,Personal Care,4,47.35,UPI,3.0,189.4
INV3307,2026-01-27,B,Delhi,Normal,Male,Biscuits,Snacks,2,26.08,Cash,3.5,52.16
INV3308,2026-06-02,B,Delhi,Normal,Male,Eggs,Dairy,5,83.17,Card,4.4,415.85
INV3309,2026-03-20,A,Jaipur,Normal,Male,Apples,Fruits,4,139.81,Cash,3.5,559.24
INV3310,2026-01-16,C,Mumbai,Normal,Female,Noodles,Grocery,10,58.04,Cash,4.7,580.4
INV3311,2026-06-21,A,Jaipur,Member,Female,Bread,Bakery,4,47.31,Net Banking,4.8,189.24
INV3312,2026-02-25,B,Delhi,Member,Male,Bread,Bakery,1,38.82,Net Banking,4.3,38.82
INV3313,2026-01-22,B,Delhi,Member,Female,Tea,Beverages,1,110.48,UPI,4.2,110.48
INV3314,2026-03-27,B,Delhi,Member,Female,Cooking Oil,Grocery,1,130.77,UPI,4.6,130.77
INV3315,2026-06-23,D,Bengaluru,Member,Male,Chocolate,Snacks,3,43.65,Card,4.6,130.95
INV3316,2026-03-01,C,Mumbai,Member,Male,Bananas,Fruits,5,55.73,Cash,4.4,278.65
INV3317,2026-03-12,C,Mumbai,Normal,Male,Tea,Beverages,1,117.2,Net Banking,3.2,117.2
INV3318,2026-03-12,D,Bengaluru,Normal,Female,Biscuits,Snacks,10,34.29,Card,3.1,342.9
INV3319,2026-05-10,C,Mumbai,Normal,Male,Shampoo,Personal Care,6,203.11,Card,4.7,1218.66
INV3320,2026-04-11,B,Delhi,Member,Male,Shampoo,Personal Care,7,185.3,UPI,3.3,1297.1
INV3321,2026-05-06,B,Delhi,Member,Female,Chocolate,Snacks,9,48.07,Net Banking,4.3,432.63
INV3322,2026-01-08,A,Jaipur,Member,Male,Apples,Fruits,5,152.91,Cash,3.9,764.55
INV3323,2026-01-18,C,Mumbai,Member,Female,Shampoo,Personal Care,8,151.58,UPI,4.5,1212.64
INV3324,2026-01-25,C,Mumbai,Normal,Male,Potato,Vegetables,6,37.62,Card,3.4,225.72
INV3325,2026-06-07,B,Delhi,Normal,Male,Bananas,Fruits,1,58.23,Card,4.5,58.23
INV3326,2026-03-10,C,Mumbai,Member,Female,Tea,Beverages,2,117.88,Net Banking,4.1,235.76
INV3327,2026-01-31,A,Jaipur,Member,Male,Bread,Bakery,3,36.24,Net Banking,4.3,108.72
INV3328,2026-05-20,D,Bengaluru,Member,Male,Cheese,Dairy,7,245.44,Cash,3.4,1718.08
INV3329,2026-03-21,C,Mumbai,Member,Male,Cold Drink,Beverages,2,56.07,Net Banking,4.6,112.14
INV3330,2026-01-26,B,Delhi,Normal,Female,Bread,Bakery,10,44.46,Net Banking,4.1,444.6
INV3331,2026-02-20,A,Jaipur,Normal,Female,Coffee,Beverages,4,203.26,UPI,3.8,813.04
INV3332,2026-02-26,B,Delhi,Member,Male,Cheese,Dairy,10,215.52,UPI,4.8,2155.2
INV3333,2026-01-23,C,Mumbai,Normal,Female,Rice,Grocery,4,58.15,Cash,3.7,232.6
INV3334,2026-06-07,A,Jaipur,Member,Female,Chips,Snacks,6,40.43,UPI,4.5,242.58
INV3335,2026-04-18,D,Bengaluru,Member,Female,Bananas,Fruits,2,58.89,Cash,3.5,117.78
INV3336,2026-04-23,A,Jaipur,Normal,Female,Milk,Dairy,2,49.75,UPI,3.6,99.5
INV3337,2026-01-16,B,Delhi,Normal,Male,Rice,Grocery,9,72.7,Card,4.1,654.3
INV3338,2026-06-08,A,Jaipur,Normal,Male,Coffee,Beverages,1,179.27,UPI,4.7,179.27
INV3339,2026-05-08,A,Jaipur,Normal,Male,Cold Drink,Beverages,1,61.31,Cash,3.2,61.31
INV3340,2026-01-30,B,Delhi,Normal,Male,Biscuits,Snacks,7,34.23,UPI,3.2,239.61
INV3341,2026-03-19,A,Jaipur,Member,Female,Potato,Vegetables,7,36.52,Net Banking,4.6,255.64
INV3342,2026-01-13,A,Jaipur,Member,Male,Shampoo,Personal Care,8,209.53,Card,4.7,1676.24
INV3343,2026-07-01,C,Mumbai,Member,Male,Potato,Vegetables,8,32.59,UPI,3.7,260.72
INV3344,2026-04-21,B,Delhi,Member,Male,Apples,Fruits,2,161.97,Card,3.9,323.94
INV3345,2026-03-25,A,Jaipur,Member,Male,Tomato,Vegetables,3,52.32,Card,3.8,156.96
INV3346,2026-05-02,B,Delhi,Normal,Male,Bread,Bakery,8,44.5,Card,3.7,356.0
INV3347,2026-02-21,C,Mumbai,Member,Male,Bread,Bakery,7,43.45,Card,4.3,304.15
INV3348,2026-05-14,D,Bengaluru,Normal,Female,Tea,Beverages,2,141.53,Net Banking,4.1,283.06
INV3349,2026-06-05,C,Mumbai,Normal,Female,Eggs,Dairy,8,98.5,Net Banking,4.0,788.0
INV3350,2026-03-02,C,Mumbai,Member,Male,Rice,Grocery,2,75.89,Cash,3.2,151.78
INV3351,2026-06-20,B,Delhi,Member,Male,Apples,Fruits,2,132.15,Cash,3.1,264.3
INV3352,2026-05-28,A,Jaipur,Member,Male,Coffee,Beverages,7,203.3,Cash,4.5,1423.1
INV3353,2026-01-31,D,Bengaluru,Normal,Female,Tomato,Vegetables,2,45.22,Cash,4.7,90.44
INV3354,2026-03-25,B,Delhi,Member,Female,Potato,Vegetables,3,36.48,Card,3.7,109.44
INV3355,2026-05-27,A,Jaipur,Normal,Male,Bread,Bakery,6,42.62,Card,4.8,255.72
INV3356,2026-02-16,B,Delhi,Member,Male,Tomato,Vegetables,3,47.36,Card,3.6,142.08
INV3357,2026-04-04,B,Delhi,Member,Female,Soap,Personal Care,7,37.88,Net Banking,3.9,265.16
INV3358,2026-01-14,B,Delhi,Member,Male,Face Wash,Personal Care,6,139.2,Net Banking,3.2,835.2
INV3359,2026-04-14,D,Bengaluru,Normal,Male,Tomato,Vegetables,2,51.85,Card,3.9,103.7
INV3360,2026-01-14,C,Mumbai,Normal,Female,Soap,Personal Care,4,48.33,Card,3.4,193.32
INV3361,2026-03-14,B,Delhi,Normal,Female,Soap,Personal Care,3,49.36,Card,4.7,148.08
INV3362,2026-02-17,B,Delhi,Member,Female,Rice,Grocery,3,80.74,Card,4.5,242.22
INV3363,2026-02-15,C,Mumbai,Member,Male,Rice,Grocery,6,76.5,Net Banking,4.5,459.0
INV3364,2026-02-07,B,Delhi,Normal,Female,Shampoo,Personal Care,8,170.69,UPI,3.0,1365.52
INV3365,2026-05-16,A,Jaipur,Member,Female,Bread,Bakery,10,39.26,Cash,3.4,392.6
INV3366,2026-05-24,D,Bengaluru,Normal,Male,Tea,Beverages,8,139.77,Cash,3.0,1118.16
INV3367,2026-05-30,B,Delhi,Member,Female,Bread,Bakery,7,46.14,UPI,4.2,322.98
INV3368,2026-01-02,D,Bengaluru,Normal,Female,Milk,Dairy,1,50.87,Net Banking,5.0,50.87
INV3369,2026-03-24,C,Mumbai,Member,Female,Cooking Oil,Grocery,1,171.68,Net Banking,4.9,171.68
INV3370,2026-01-08,C,Mumbai,Normal,Male,Bananas,Fruits,1,67.75,UPI,4.5,67.75
INV3371,2026-03-08,D,Bengaluru,Member,Male,Milk,Dairy,1,55.65,Cash,3.3,55.65
INV3372,2026-02-15,C,Mumbai,Normal,Female,Milk,Dairy,8,51.43,Cash,3.9,411.44
INV3373,2026-02-20,B,Delhi,Normal,Male,Apples,Fruits,3,128.65,UPI,3.1,385.95
INV3374,2026-02-24,A,Jaipur,Normal,Male,Soap,Personal Care,4,53.1,UPI,4.4,212.4
INV3375,2026-05-02,D,Bengaluru,Member,Male,Soap,Personal Care,8,43.9,Card,3.3,351.2
INV3376,2026-05-25,C,Mumbai,Normal,Female,Bread,Bakery,6,39.52,UPI,4.1,237.12
INV3377,2026-02-22,C,Mumbai,Member,Male,Rice,Grocery,2,71.06,UPI,3.1,142.12
INV3378,2026-01-20,A,Jaipur,Normal,Male,Face Wash,Personal Care,6,125.45,Cash,4.8,752.7
INV3379,2026-06-14,B,Delhi,Normal,Male,Shampoo,Personal Care,7,181.64,Card,4.9,1271.48
INV3380,2026-03-27,D,Bengaluru,Normal,Female,Chocolate,Snacks,6,44.96,Card,3.6,269.76
INV3381,2026-01-27,B,Delhi,Normal,Male,Bananas,Fruits,7,52.43,Cash,3.4,367.01
INV3382,2026-03-21,D,Bengaluru,Member,Male,Potato,Vegetables,1,36.03,Cash,4.8,36.03
INV3383,2026-05-22,B,Delhi,Member,Male,Soap,Personal Care,8,46.26,Net Banking,4.0,370.08
INV3384,2026-01-18,A,Jaipur,Normal,Male,Chips,Snacks,6,34.32,Card,4.4,205.92
INV3385,2026-02-08,C,Mumbai,Member,Female,Milk,Dairy,1,46.89,UPI,4.3,46.89
INV3386,2026-06-29,B,Delhi,Member,Male,Tomato,Vegetables,9,40.43,Card,5.0,363.87
INV3387,2026-02-18,C,Mumbai,Normal,Female,Soap,Personal Care,10,43.47,Net Banking,3.5,434.7
INV3388,2026-04-08,D,Bengaluru,Member,Male,Noodles,Grocery,2,50.86,UPI,4.9,101.72
INV3389,2026-07-01,C,Mumbai,Member,Female,Cooking Oil,Grocery,7,150.27,Net Banking,3.7,1051.89
INV3390,2026-06-12,C,Mumbai,Member,Male,Cold Drink,Beverages,4,65.25,Cash,4.1,261.0
INV3391,2026-06-22,C,Mumbai,Member,Female,Chocolate,Snacks,1,47.23,Net Banking,3.9,47.23
INV3392,2026-05-01,D,Bengaluru,Member,Female,Noodles,Grocery,7,46.32,Cash,3.0,324.24
INV3393,2026-06-09,A,Jaipur,Normal,Female,Bread,Bakery,7,34.49,Net Banking,4.3,241.43
INV3394,2026-02-08,B,Delhi,Member,Male,Biscuits,Snacks,2,34.85,Cash,3.5,69.7
INV3395,2026-02-25,C,Mumbai,Member,Female,Chocolate,Snacks,8,53.01,Card,4.7,424.08
INV3396,2026-06-18,C,Mumbai,Normal,Male,Chips,Snacks,7,36.61,Cash,3.4,256.27
INV3397,2026-01-04,A,Jaipur,Normal,Female,Eggs,Dairy,9,87.16,Card,3.1,784.44
INV3398,2026-06-08,B,Delhi,Normal,Male,Tomato,Vegetables,8,47.62,Cash,4.3,380.96
INV3399,2026-05-16,D,Bengaluru,Member,Male,Chocolate,Snacks,10,51.4,Net Banking,3.6,514.0
INV3400,2026-06-27,B,Delhi,Normal,Female,Milk,Dairy,4,63.44,Net Banking,4.6,253.76
INV3401,2026-01-21,D,Bengaluru,Member,Male,Eggs,Dairy,9,89.31,Net Banking,4.7,803.79
INV3402,2026-02-21,D,Bengaluru,Normal,Male,Noodles,Grocery,5,62.96,Cash,3.6,314.8
INV3403,2026-04-28,D,Bengaluru,Normal,Female,Chocolate,Snacks,5,50.27,Cash,3.5,251.35
INV3404,2026-04-09,D,Bengaluru,Member,Male,Milk,Dairy,1,50.13,Net Banking,3.3,50.13
INV3405,2026-03-24,B,Delhi,Normal,Male,Bananas,Fruits,7,60.94,Card,4.7,426.58
INV3406,2026-02-21,D,Bengaluru,Normal,Male,Shampoo,Personal Care,8,174.47,Cash,3.3,1395.76
INV3407,2026-01-25,C,Mumbai,Normal,Female,Eggs,Dairy,2,86.19,Card,4.0,172.38
INV3408,2026-04-04,A,Jaipur,Member,Male,Soap,Personal Care,3,45.65,Cash,3.5,136.95
INV3409,2026-05-02,D,Bengaluru,Normal,Female,Cold Drink,Beverages,5,58.38,Net Banking,4.1,291.9
INV3410,2026-04-25,D,Bengaluru,Member,Female,Potato,Vegetables,6,34.73,Card,4.5,208.38
INV3411,2026-05-15,A,Jaipur,Member,Female,Eggs,Dairy,10,86.37,UPI,3.8,863.7
INV3412,2026-02-20,D,Bengaluru,Normal,Female,Tea,Beverages,7,137.84,Cash,4.0,964.88
INV3413,2026-05-26,A,Jaipur,Normal,Male,Noodles,Grocery,9,47.5,Card,3.3,427.5
INV3414,2026-01-08,A,Jaipur,Normal,Male,Face Wash,Personal Care,1,101.66,Net Banking,3.0,101.66
INV3415,2026-06-30,C,Mumbai,Normal,Male,Milk,Dairy,5,47.32,Card,4.9,236.6
INV3416,2026-02-19,C,Mumbai,Normal,Male,Cold Drink,Beverages,3,76.86,UPI,3.5,230.58
INV3417,2026-02-20,D,Bengaluru,Normal,Male,Tea,Beverages,3,122.08,UPI,3.4,366.24
INV3418,2026-03-13,A,Jaipur,Member,Female,Coffee,Beverages,5,171.59,Card,4.9,857.95
INV3419,2026-06-29,A,Jaipur,Normal,Female,Shampoo,Personal Care,7,199.91,UPI,4.5,1399.37
INV3420,2026-01-07,D,Bengaluru,Normal,Female,Tea,Beverages,6,141.46,Cash,4.4,848.76
INV3421,2026-05-05,B,Delhi,Member,Male,Apples,Fruits,7,145.19,UPI,4.4,1016.33
INV3422,2026-03-20,C,Mumbai,Normal,Female,Bananas,Fruits,1,56.16,Card,4.4,56.16
INV3423,2026-06-22,D,Bengaluru,Member,Male,Coffee,Beverages,3,193.81,Card,3.5,581.43
INV3424,2026-04-23,D,Bengaluru,Member,Male,Biscuits,Snacks,5,33.92,Cash,4.1,169.6
INV3425,2026-06-29,D,Bengaluru,Member,Male,Potato,Vegetables,1,38.55,Cash,3.5,38.55
INV3426,2026-05-03,A,Jaipur,Normal,Female,Potato,Vegetables,8,33.7,Card,4.7,269.6
INV3427,2026-04-30,D,Bengaluru,Member,Female,Chips,Snacks,3,34.76,Net Banking,3.7,104.28
INV3428,2026-06-06,A,Jaipur,Normal,Female,Rice,Grocery,7,78.15,Cash,4.1,547.05
INV3429,2026-06-02,A,Jaipur,Member,Female,Soap,Personal Care,4,45.44,Net Banking,4.5,181.76
INV3430,2026-06-04,A,Jaipur,Member,Female,Shampoo,Personal Care,4,211.35,UPI,4.5,845.4
INV3431,2026-01-24,C,Mumbai,Member,Male,Cooking Oil,Grocery,2,176.38,UPI,4.4,352.76
INV3432,2026-01-09,C,Mumbai,Normal,Female,Biscuits,Snacks,10,25.32,Cash,4.8,253.2
INV3433,2026-03-22,B,Delhi,Normal,Female,Cold Drink,Beverages,8,54.4,Cash,4.8,435.2
INV3434,2026-02-14,A,Jaipur,Member,Female,Cheese,Dairy,7,236.11,Card,4.0,1652.77
INV3435,2026-04-11,C,Mumbai,Normal,Male,Milk,Dairy,6,63.78,UPI,3.2,382.68
INV3436,2026-04-04,C,Mumbai,Member,Female,Milk,Dairy,10,53.32,Cash,3.7,533.2
INV3437,2026-05-13,C,Mumbai,Member,Female,Potato,Vegetables,10,33.72,Card,4.6,337.2
INV3438,2026-02-18,D,Bengaluru,Normal,Male,Cooking Oil,Grocery,10,150.69,Net Banking,4.2,1506.9
INV3439,2026-02-27,A,Jaipur,Member,Female,Cold Drink,Beverages,1,73.27,Card,4.6,73.27
INV3440,2026-06-02,C,Mumbai,Member,Male,Rice,Grocery,1,67.16,UPI,4.5,67.16
INV3441,2026-01-06,C,Mumbai,Normal,Male,Eggs,Dairy,9,78.16,Card,4.4,703.44
INV3442,2026-06-08,A,Jaipur,Member,Female,Apples,Fruits,6,122.13,Card,3.1,732.78
INV3443,2026-04-09,D,Bengaluru,Member,Female,Tomato,Vegetables,6,38.04,Cash,4.0,228.24
INV3444,2026-05-30,D,Bengaluru,Normal,Female,Biscuits,Snacks,1,33.03,Card,3.7,33.03
INV3445,2026-01-30,C,Mumbai,Member,Male,Coffee,Beverages,8,167.21,UPI,3.6,1337.68
INV3446,2026-02-10,B,Delhi,Member,Female,Cold Drink,Beverages,2,77.14,Card,4.4,154.28
INV3447,2026-03-23,A,Jaipur,Normal,Male,Cheese,Dairy,10,253.37,Card,3.8,2533.7
INV3448,2026-02-22,D,Bengaluru,Member,Male,Chips,Snacks,5,32.64,UPI,3.4,163.2
INV3449,2026-04-18,C,Mumbai,Normal,Female,Chocolate,Snacks,8,54.18,Net Banking,4.0,433.44
INV3450,2026-02-23,C,Mumbai,Normal,Female,Tea,Beverages,1,103.28,Net Banking,3.4,103.28
INV3451,2026-04-13,D,Bengaluru,Normal,Male,Coffee,Beverages,1,201.37,UPI,4.6,201.37
INV3452,2026-05-29,B,Delhi,Normal,Female,Cold Drink,Beverages,1,55.5,Net Banking,3.5,55.5
INV3453,2026-01-30,B,Delhi,Member,Male,Coffee,Beverages,10,169.64,Card,3.7,1696.4
INV3454,2026-05-14,B,Delhi,Normal,Female,Coffee,Beverages,9,194.74,Cash,3.5,1752.66
INV3455,2026-06-15,D,Bengaluru,Member,Female,Cooking Oil,Grocery,7,165.64,UPI,4.7,1159.48
INV3456,2026-06-13,C,Mumbai,Member,Female,Chips,Snacks,9,38.33,Card,3.3,344.97
INV3457,2026-03-19,A,Jaipur,Normal,Female,Potato,Vegetables,2,39.91,Cash,4.7,79.82
INV3458,2026-02-24,C,Mumbai,Normal,Male,Milk,Dairy,2,63.49,Card,4.1,126.98
INV3459,2026-01-25,A,Jaipur,Normal,Male,Bread,Bakery,8,37.2,UPI,3.9,297.6
INV3460,2026-02-09,D,Bengaluru,Member,Male,Noodles,Grocery,6,47.03,Card,4.3,282.18
INV3461,2026-06-07,D,Bengaluru,Member,Male,Cheese,Dairy,4,191.83,UPI,4.5,767.32
INV3462,2026-06-10,B,Delhi,Member,Male,Apples,Fruits,7,160.7,Card,4.6,1124.9
INV3463,2026-01-28,C,Mumbai,Normal,Male,Rice,Grocery,6,58.2,Cash,3.9,349.2
INV3464,2026-05-29,B,Delhi,Member,Female,Tea,Beverages,6,115.47,Cash,4.6,692.82
INV3465,2026-05-07,C,Mumbai,Normal,Female,Apples,Fruits,1,135.15,Cash,4.1,135.15
INV3466,2026-04-09,B,Delhi,Normal,Male,Bread,Bakery,3,39.77,Net Banking,4.2,119.31
INV3467,2026-05-20,A,Jaipur,Member,Male,Chips,Snacks,4,31.37,Card,4.6,125.48
INV3468,2026-04-22,B,Delhi,Normal,Male,Tea,Beverages,3,101.97,Card,4.4,305.91
INV3469,2026-04-22,A,Jaipur,Member,Male,Chips,Snacks,5,34.55,Cash,3.0,172.75
INV3470,2026-06-21,A,Jaipur,Member,Male,Shampoo,Personal Care,5,157.73,UPI,3.6,788.65
INV3471,2026-04-27,C,Mumbai,Member,Male,Cooking Oil,Grocery,5,171.58,Net Banking,4.0,857.9
INV3472,2026-03-15,A,Jaipur,Member,Female,Cold Drink,Beverages,8,69.03,Card,4.9,552.24
INV3473,2026-06-01,A,Jaipur,Normal,Female,Soap,Personal Care,9,42.67,Card,4.3,384.03
INV3474,2026-02-13,C,Mumbai,Member,Male,Eggs,Dairy,8,92.21,Net Banking,3.3,737.68
INV3475,2026-06-11,B,Delhi,Normal,Male,Tea,Beverages,3,125.8,Net Banking,3.4,377.4
INV3476,2026-03-27,D,Bengaluru,Member,Female,Noodles,Grocery,2,53.34,Cash,3.5,106.68
INV3477,2026-06-24,B,Delhi,Member,Female,Bananas,Fruits,8,50.68,Net Banking,3.3,405.44
INV3478,2026-01-24,A,Jaipur,Normal,Female,Bananas,Fruits,1,61.12,Cash,3.6,61.12
INV3479,2026-01-23,C,Mumbai,Member,Female,Bananas,Fruits,2,53.72,Net Banking,3.8,107.44
INV3480,2026-02-07,A,Jaipur,Member,Female,Milk,Dairy,6,53.71,Net Banking,3.4,322.26
INV3481,2026-02-07,C,Mumbai,Member,Male,Soap,Personal Care,10,45.02,Card,3.7,450.2
INV3482,2026-01-05,A,Jaipur,Normal,Female,Eggs,Dairy,7,84.61,Cash,3.2,592.27
INV3483,2026-06-06,A,Jaipur,Member,Female,Rice,Grocery,9,65.28,Net Banking,4.3,587.52
INV3484,2026-06-16,B,Delhi,Member,Female,Chocolate,Snacks,8,57.72,Net Banking,3.6,461.76
INV3485,2026-05-24,B,Delhi,Member,Female,Soap,Personal Care,4,44.27,Card,3.7,177.08
INV3486,2026-05-16,C,Mumbai,Normal,Female,Bananas,Fruits,6,68.5,UPI,4.9,411.0
INV3487,2026-04-30,A,Jaipur,Normal,Female,Tomato,Vegetables,7,42.04,Card,3.8,294.28
INV3488,2026-01-12,B,Delhi,Normal,Female,Cheese,Dairy,9,256.19,Cash,3.0,2305.71
INV3489,2026-03-15,C,Mumbai,Normal,Female,Cold Drink,Beverages,7,76.09,UPI,4.8,532.63
INV3490,2026-06-18,B,Delhi,Member,Female,Shampoo,Personal Care,6,178.8,Net Banking,3.7,1072.8
INV3491,2026-03-14,D,Bengaluru,Normal,Female,Tea,Beverages,5,107.03,Cash,4.1,535.15
INV3492,2026-04-21,A,Jaipur,Normal,Female,Bread,Bakery,8,33.39,UPI,3.3,267.12
INV3493,2026-02-19,D,Bengaluru,Normal,Male,Face Wash,Personal Care,7,108.04,Cash,3.1,756.28
INV3494,2026-02-20,C,Mumbai,Normal,Female,Tomato,Vegetables,8,47.59,Card,4.4,380.72
INV3495,2026-06-05,D,Bengaluru,Member,Female,Chips,Snacks,10,34.89,UPI,3.6,348.9
INV3496,2026-06-28,C,Mumbai,Member,Male,Bread,Bakery,4,40.25,UPI,4.5,161.0
INV3497,2026-04-04,B,Delhi,Normal,Female,Rice,Grocery,7,64.22,UPI,3.5,449.54
INV3498,2026-06-19,D,Bengaluru,Normal,Female,Tea,Beverages,8,125.71,Net Banking,3.0,1005.68
INV3499,2026-02-20,C,Mumbai,Normal,Female,Milk,Dairy,10,61.33,Card,3.3,613.3
INV3500,2026-01-03,C,Mumbai,Normal,Male,Biscuits,Snacks,4,25.0,UPI,4.2,100.0
INV3501,2026-06-22,B,Delhi,Member,Male,Soap,Personal Care,10,47.14,Cash,4.1,471.4
INV3502,2026-04-23,B,Delhi,Member,Male,Milk,Dairy,7,54.56,Net Banking,3.1,381.92
INV3503,2026-05-31,D,Bengaluru,Normal,Female,Noodles,Grocery,6,49.82,Card,4.5,298.92
INV3504,2026-02-24,C,Mumbai,Normal,Male,Soap,Personal Care,9,38.34,Card,3.9,345.06
INV3505,2026-01-25,A,Jaipur,Normal,Female,Cooking Oil,Grocery,8,158.21,Card,3.5,1265.68
INV3506,2026-03-06,B,Delhi,Normal,Male,Face Wash,Personal Care,9,123.32,Card,4.6,1109.88
INV3507,2026-06-05,D,Bengaluru,Normal,Female,Soap,Personal Care,9,42.5,Net Banking,4.1,382.5
INV3508,2026-01-27,A,Jaipur,Normal,Male,Chips,Snacks,8,31.93,Card,4.2,255.44
INV3509,2026-04-09,A,Jaipur,Normal,Male,Shampoo,Personal Care,5,205.36,Cash,3.8,1026.8
INV3510,2026-02-07,D,Bengaluru,Member,Female,Tea,Beverages,5,124.69,Cash,4.7,623.45
INV3511,2026-05-26,A,Jaipur,Member,Female,Chips,Snacks,6,38.44,Cash,4.7,230.64
INV3512,2026-05-25,A,Jaipur,Member,Female,Milk,Dairy,6,46.72,UPI,3.9,280.32
INV3513,2026-06-14,D,Bengaluru,Normal,Female,Coffee,Beverages,2,151.81,Card,4.1,303.62
INV3514,2026-05-09,D,Bengaluru,Member,Female,Bread,Bakery,4,44.82,Cash,3.3,179.28
INV3515,2026-03-24,A,Jaipur,Normal,Male,Cold Drink,Beverages,5,61.52,Card,4.7,307.6
INV3516,2026-03-28,D,Bengaluru,Normal,Female,Milk,Dairy,4,48.74,Net Banking,3.9,194.96
INV3517,2026-01-27,D,Bengaluru,Normal,Female,Soap,Personal Care,7,46.68,Cash,3.1,326.76
INV3518,2026-04-06,D,Bengaluru,Member,Female,Tomato,Vegetables,1,48.94,UPI,3.6,48.94
INV3519,2026-06-08,D,Bengaluru,Member,Male,Cheese,Dairy,8,209.67,UPI,4.9,1677.36
INV3520,2026-05-17,D,Bengaluru,Normal,Female,Cold Drink,Beverages,9,59.45,Net Banking,4.4,535.05
INV3521,2026-05-22,B,Delhi,Member,Male,Milk,Dairy,6,56.13,Cash,4.2,336.78
INV3522,2026-01-21,A,Jaipur,Member,Female,Chips,Snacks,2,34.86,Net Banking,3.7,69.72
INV3523,2026-02-17,D,Bengaluru,Member,Female,Noodles,Grocery,8,50.92,UPI,4.3,407.36
INV3524,2026-01-08,C,Mumbai,Member,Female,Rice,Grocery,1,65.06,UPI,3.8,65.06
INV3525,2026-02-06,C,Mumbai,Normal,Male,Bread,Bakery,1,39.87,Card,4.4,39.87
INV3526,2026-04-09,A,Jaipur,Normal,Female,Eggs,Dairy,1,83.94,Net Banking,3.6,83.94
INV3527,2026-03-09,C,Mumbai,Member,Female,Potato,Vegetables,7,38.69,UPI,4.0,270.83
INV3528,2026-05-14,C,Mumbai,Member,Male,Apples,Fruits,3,147.9,Cash,4.3,443.7
INV3529,2026-04-10,C,Mumbai,Member,Female,Milk,Dairy,6,46.02,Cash,4.1,276.12
INV3530,2026-05-17,D,Bengaluru,Normal,Male,Biscuits,Snacks,4,25.85,UPI,4.1,103.4
INV3531,2026-04-08,D,Bengaluru,Member,Female,Cooking Oil,Grocery,2,159.36,Net Banking,3.8,318.72
INV3532,2026-06-25,D,Bengaluru,Normal,Female,Tea,Beverages,6,117.65,Net Banking,4.5,705.9
INV3533,2026-04-11,D,Bengaluru,Member,Male,Chips,Snacks,3,37.42,Cash,3.3,112.26
INV3534,2026-01-28,A,Jaipur,Member,Female,Face Wash,Personal Care,4,124.86,UPI,3.8,499.44
INV3535,2026-03-19,B,Delhi,Normal,Female,Biscuits,Snacks,2,33.98,Cash,3.3,67.96
INV3536,2026-01-15,C,Mumbai,Normal,Female,Noodles,Grocery,8,51.29,Net Banking,4.1,410.32
INV3537,2026-04-28,A,Jaipur,Normal,Male,Potato,Vegetables,1,33.87,UPI,4.7,33.87
INV3538,2026-06-24,B,Delhi,Normal,Female,Bread,Bakery,2,36.11,Cash,4.2,72.22
INV3539,2026-01-02,B,Delhi,Member,Female,Cheese,Dairy,5,240.76,UPI,3.6,1203.8
INV3540,2026-06-04,D,Bengaluru,Normal,Male,Potato,Vegetables,9,33.48,Card,3.9,301.32
INV3541,2026-03-06,B,Delhi,Normal,Female,Milk,Dairy,4,59.46,Cash,3.5,237.84
INV3542,2026-05-24,C,Mumbai,Normal,Female,Cooking Oil,Grocery,1,146.62,Cash,4.0,146.62
INV3543,2026-02-10,C,Mumbai,Member,Female,Rice,Grocery,6,70.86,Card,3.1,425.16
INV3544,2026-03-10,B,Delhi,Normal,Male,Soap,Personal Care,9,44.87,Net Banking,5.0,403.83
INV3545,2026-01-07,A,Jaipur,Member,Female,Potato,Vegetables,7,33.82,Cash,4.7,236.74
INV3546,2026-01-24,C,Mumbai,Member,Female,Milk,Dairy,4,55.22,Cash,3.4,220.88
INV3547,2026-05-02,B,Delhi,Normal,Male,Cold Drink,Beverages,10,64.41,Net Banking,4.7,644.1
INV3548,2026-04-22,D,Bengaluru,Member,Male,Cooking Oil,Grocery,5,127.03,UPI,4.0,635.15
INV3549,2026-04-28,C,Mumbai,Normal,Male,Biscuits,Snacks,9,31.02,Card,4.3,279.18
INV3550,2026-03-14,D,Bengaluru,Member,Female,Bread,Bakery,7,43.18,Net Banking,3.9,302.26
INV3551,2026-02-12,B,Delhi,Member,Male,Cheese,Dairy,1,200.57,UPI,3.4,200.57
INV3552,2026-02-13,A,Jaipur,Normal,Female,Eggs,Dairy,3,95.54,Card,4.4,286.62
INV3553,2026-02-28,B,Delhi,Normal,Female,Biscuits,Snacks,7,26.86,UPI,4.2,188.02
INV3554,2026-04-22,C,Mumbai,Member,Male,Noodles,Grocery,8,52.51,Cash,4.5,420.08
INV3555,2026-05-26,C,Mumbai,Normal,Female,Shampoo,Personal Care,8,168.46,Card,3.1,1347.68
INV3556,2026-01-02,D,Bengaluru,Normal,Male,Coffee,Beverages,6,170.79,UPI,3.1,1024.74
INV3557,2026-02-25,C,Mumbai,Member,Male,Cold Drink,Beverages,7,76.15,Card,4.8,533.05
INV3558,2026-01-04,D,Bengaluru,Member,Male,Bread,Bakery,7,46.93,UPI,4.5,328.51
INV3559,2026-01-17,C,Mumbai,Member,Male,Potato,Vegetables,2,31.34,UPI,3.1,62.68
INV3560,2026-04-20,B,Delhi,Normal,Female,Bread,Bakery,5,47.13,Cash,4.7,235.65
INV3561,2026-06-24,B,Delhi,Member,Female,Cheese,Dairy,1,225.18,Net Banking,3.2,225.18
INV3562,2026-06-27,A,Jaipur,Normal,Female,Cold Drink,Beverages,9,61.43,Card,4.9,552.87
INV3563,2026-01-25,D,Bengaluru,Member,Male,Face Wash,Personal Care,8,137.18,Cash,3.1,1097.44
INV3564,2026-04-16,C,Mumbai,Normal,Male,Shampoo,Personal Care,2,161.89,Card,4.4,323.78
INV3565,2026-02-03,B,Delhi,Normal,Female,Potato,Vegetables,10,35.2,Net Banking,3.5,352.0
INV3566,2026-02-02,C,Mumbai,Member,Male,Bananas,Fruits,8,53.16,Cash,4.0,425.28
INV3567,2026-04-08,D,Bengaluru,Member,Female,Potato,Vegetables,9,36.69,Net Banking,3.1,330.21
INV3568,2026-06-28,D,Bengaluru,Normal,Male,Biscuits,Snacks,2,32.76,Cash,3.7,65.52
INV3569,2026-01-17,D,Bengaluru,Member,Male,Potato,Vegetables,8,34.88,Cash,4.0,279.04
INV3570,2026-04-06,C,Mumbai,Member,Female,Potato,Vegetables,4,31.47,Cash,3.1,125.88
INV3571,2026-02-13,C,Mumbai,Normal,Female,Cooking Oil,Grocery,8,152.26,Cash,4.2,1218.08
INV3572,2026-02-11,D,Bengaluru,Normal,Female,Noodles,Grocery,9,61.85,UPI,4.0,556.65
INV3573,2026-05-25,A,Jaipur,Member,Male,Bananas,Fruits,10,61.99,Card,4.4,619.9
INV3574,2026-01-19,A,Jaipur,Member,Female,Chocolate,Snacks,5,53.06,UPI,3.6,265.3
INV3575,2026-06-30,C,Mumbai,Member,Female,Milk,Dairy,1,52.19,UPI,3.4,52.19
INV3576,2026-03-22,D,Bengaluru,Member,Male,Biscuits,Snacks,1,35.05,UPI,4.6,35.05
INV3577,2026-05-10,B,Delhi,Member,Male,Biscuits,Snacks,9,31.0,Cash,4.9,279.0
INV3578,2026-05-13,A,Jaipur,Normal,Male,Rice,Grocery,9,72.52,Cash,4.0,652.68
INV3579,2026-01-06,C,Mumbai,Member,Male,Chocolate,Snacks,3,49.27,Net Banking,3.4,147.81
INV3580,2026-06-19,B,Delhi,Normal,Male,Tomato,Vegetables,4,48.29,Card,4.6,193.16
INV3581,2026-05-11,B,Delhi,Member,Female,Soap,Personal Care,2,45.25,Net Banking,4.0,90.5
INV3582,2026-06-23,B,Delhi,Member,Male,Cooking Oil,Grocery,9,141.24,Net Banking,4.3,1271.16
INV3583,2026-06-06,D,Bengaluru,Member,Female,Milk,Dairy,5,50.14,Card,4.7,250.7
INV3584,2026-05-09,B,Delhi,Normal,Male,Tomato,Vegetables,5,50.13,Card,4.4,250.65
INV3585,2026-07-01,D,Bengaluru,Member,Male,Bread,Bakery,1,35.62,Net Banking,4.3,35.62
INV3586,2026-06-30,B,Delhi,Normal,Male,Shampoo,Personal Care,5,171.72,Net Banking,3.2,858.6
INV3587,2026-04-08,D,Bengaluru,Normal,Male,Noodles,Grocery,10,61.96,Net Banking,4.2,619.6
INV3588,2026-06-15,D,Bengaluru,Member,Female,Tea,Beverages,3,102.58,Cash,3.7,307.74
INV3589,2026-01-25,C,Mumbai,Member,Female,Cold Drink,Beverages,4,66.56,Card,4.3,266.24
INV3590,2026-04-06,A,Jaipur,Member,Female,Eggs,Dairy,6,78.41,Card,3.5,470.46
INV3591,2026-01-20,D,Bengaluru,Member,Male,Cold Drink,Beverages,5,74.64,UPI,3.4,373.2
INV3592,2026-01-20,D,Bengaluru,Normal,Female,Tea,Beverages,4,128.27,Cash,3.1,513.08
INV3593,2026-06-18,A,Jaipur,Normal,Female,Shampoo,Personal Care,10,157.61,Cash,4.0,1576.1
INV3594,2026-01-19,A,Jaipur,Member,Female,Face Wash,Personal Care,9,138.27,Card,3.2,1244.43
INV3595,2026-02-06,C,Mumbai,Normal,Female,Biscuits,Snacks,5,27.28,Cash,3.1,136.4
INV3596,2026-05-22,C,Mumbai,Member,Female,Noodles,Grocery,9,50.6,Net Banking,4.1,455.4
INV3597,2026-04-14,B,Delhi,Normal,Male,Soap,Personal Care,4,43.72,Card,3.1,174.88
INV3598,2026-05-28,B,Delhi,Member,Male,Shampoo,Personal Care,10,179.58,Card,4.0,1795.8
INV3599,2026-05-10,D,Bengaluru,Member,Male,Tea,Beverages,7,105.5,Cash,4.8,738.5
INV3600,2026-01-14,B,Delhi,Normal,Male,Coffee,Beverages,2,212.46,Card,4.0,424.92
INV3601,2026-06-06,C,Mumbai,Normal,Female,Potato,Vegetables,8,36.59,Cash,3.9,292.72
INV3602,2026-02-05,C,Mumbai,Normal,Female,Rice,Grocery,1,71.54,Cash,4.5,71.54
INV3603,2026-01-17,C,Mumbai,Member,Female,Milk,Dairy,6,61.32,Cash,4.9,367.92
INV3604,2026-05-26,C,Mumbai,Normal,Female,Rice,Grocery,8,60.94,Net Banking,4.0,487.52
INV3605,2026-02-27,C,Mumbai,Member,Male,Tea,Beverages,8,131.98,Cash,3.7,1055.84
INV3606,2026-01-10,D,Bengaluru,Member,Female,Milk,Dairy,1,59.64,Cash,5.0,59.64
INV3607,2026-02-13,D,Bengaluru,Member,Female,Tea,Beverages,3,131.38,UPI,3.9,394.14
INV3608,2026-01-18,A,Jaipur,Member,Female,Eggs,Dairy,4,86.21,UPI,3.2,344.84
INV3609,2026-05-28,C,Mumbai,Normal,Female,Biscuits,Snacks,4,25.74,Net Banking,3.8,102.96
INV3610,2026-03-09,C,Mumbai,Member,Male,Bananas,Fruits,3,60.14,Net Banking,3.1,180.42
INV3611,2026-06-07,C,Mumbai,Member,Female,Cooking Oil,Grocery,10,136.86,Cash,4.7,1368.6
INV3612,2026-06-25,B,Delhi,Member,Male,Face Wash,Personal Care,3,128.78,UPI,3.7,386.34
INV3613,2026-03-23,A,Jaipur,Normal,Male,Bread,Bakery,9,40.71,Net Banking,3.1,366.39
INV3614,2026-03-20,B,Delhi,Normal,Female,Cold Drink,Beverages,9,57.07,Card,4.6,513.63
INV3615,2026-01-04,B,Delhi,Normal,Male,Shampoo,Personal Care,7,187.1,Card,4.6,1309.7
INV3616,2026-03-28,C,Mumbai,Member,Male,Noodles,Grocery,5,57.5,Cash,3.3,287.5
INV3617,2026-03-16,D,Bengaluru,Normal,Female,Cold Drink,Beverages,5,63.69,UPI,3.3,318.45
INV3618,2026-04-25,D,Bengaluru,Normal,Female,Tomato,Vegetables,8,44.65,Card,3.6,357.2
INV3619,2026-02-19,B,Delhi,Member,Male,Bananas,Fruits,2,51.38,UPI,3.1,102.76
INV3620,2026-03-23,B,Delhi,Member,Female,Shampoo,Personal Care,2,190.58,Net Banking,4.2,381.16
INV3621,2026-02-04,D,Bengaluru,Normal,Female,Tomato,Vegetables,4,38.08,UPI,3.4,152.32
INV3622,2026-04-25,C,Mumbai,Normal,Male,Tea,Beverages,1,139.21,Cash,4.2,139.21
INV3623,2026-01-08,C,Mumbai,Member,Male,Noodles,Grocery,4,50.62,UPI,3.7,202.48
INV3624,2026-05-14,D,Bengaluru,Normal,Male,Tea,Beverages,7,124.78,Card,3.1,873.46
INV3625,2026-02-14,D,Bengaluru,Member,Female,Potato,Vegetables,10,31.51,UPI,4.0,315.1
INV3626,2026-04-24,B,Delhi,Member,Male,Face Wash,Personal Care,9,126.01,UPI,3.6,1134.09
INV3627,2026-02-19,B,Delhi,Member,Female,Cheese,Dairy,2,253.66,UPI,4.4,507.32
INV3628,2026-03-16,C,Mumbai,Member,Male,Chocolate,Snacks,10,47.81,Net Banking,3.4,478.1
INV3629,2026-06-02,C,Mumbai,Normal,Male,Apples,Fruits,9,134.42,Cash,3.4,1209.78
INV3630,2026-02-11,A,Jaipur,Member,Male,Coffee,Beverages,1,205.99,Card,3.8,205.99
INV3631,2026-03-18,A,Jaipur,Member,Male,Apples,Fruits,4,144.54,Card,4.3,578.16
INV3632,2026-03-16,D,Bengaluru,Normal,Female,Chocolate,Snacks,4,50.87,UPI,4.8,203.48
INV3633,2026-06-15,A,Jaipur,Normal,Male,Cold Drink,Beverages,10,74.68,UPI,4.8,746.8
INV3634,2026-03-22,D,Bengaluru,Normal,Female,Biscuits,Snacks,10,31.73,Net Banking,3.3,317.3
INV3635,2026-06-13,D,Bengaluru,Member,Female,Potato,Vegetables,3,40.41,Cash,3.3,121.23
INV3636,2026-05-03,D,Bengaluru,Member,Female,Bananas,Fruits,8,64.68,Card,4.8,517.44
INV3637,2026-05-17,D,Bengaluru,Member,Male,Rice,Grocery,10,75.87,Cash,3.5,758.7
INV3638,2026-02-09,A,Jaipur,Normal,Female,Apples,Fruits,10,144.73,Card,3.6,1447.3
INV3639,2026-03-10,B,Delhi,Normal,Female,Soap,Personal Care,10,51.84,UPI,4.7,518.4
INV3640,2026-01-09,B,Delhi,Member,Male,Shampoo,Personal Care,3,200.73,Net Banking,4.2,602.19
INV3641,2026-03-13,B,Delhi,Member,Male,Cold Drink,Beverages,9,58.16,Net Banking,4.7,523.44
INV3642,2026-05-14,B,Delhi,Member,Male,Bread,Bakery,5,46.34,UPI,3.5,231.7
INV3643,2026-05-27,A,Jaipur,Normal,Male,Cold Drink,Beverages,9,67.69,UPI,3.3,609.21
INV3644,2026-03-08,A,Jaipur,Normal,Female,Cheese,Dairy,10,208.17,UPI,4.3,2081.7
INV3645,2026-05-28,A,Jaipur,Member,Male,Cooking Oil,Grocery,2,160.13,Cash,3.7,320.26
INV3646,2026-03-20,A,Jaipur,Normal,Male,Cold Drink,Beverages,6,59.68,UPI,4.9,358.08
INV3647,2026-01-29,C,Mumbai,Normal,Male,Apples,Fruits,5,140.1,Cash,4.8,700.5
INV3648,2026-05-31,C,Mumbai,Normal,Male,Noodles,Grocery,10,63.79,UPI,3.1,637.9
INV3649,2026-03-26,D,Bengaluru,Normal,Male,Coffee,Beverages,4,195.29,Net Banking,4.8,781.16
INV3650,2026-02-26,D,Bengaluru,Member,Female,Bread,Bakery,4,33.63,Cash,3.3,134.52
INV3651,2026-03-04,D,Bengaluru,Member,Female,Milk,Dairy,7,47.47,Net Banking,3.0,332.29
INV3652,2026-06-21,A,Jaipur,Normal,Male,Chocolate,Snacks,3,44.94,UPI,3.8,134.82
INV3653,2026-06-21,D,Bengaluru,Normal,Male,Noodles,Grocery,6,47.29,UPI,4.3,283.74
INV3654,2026-02-21,C,Mumbai,Member,Female,Tea,Beverages,6,139.25,Card,4.1,835.5
INV3655,2026-02-08,B,Delhi,Normal,Male,Cheese,Dairy,8,203.94,Cash,4.9,1631.52
INV3656,2026-03-20,A,Jaipur,Normal,Female,Face Wash,Personal Care,5,129.68,Cash,3.8,648.4
INV3657,2026-04-06,B,Delhi,Member,Female,Apples,Fruits,1,125.54,Cash,3.0,125.54
INV3658,2026-03-15,D,Bengaluru,Normal,Female,Bananas,Fruits,2,62.96,Cash,3.3,125.92
INV3659,2026-01-05,D,Bengaluru,Member,Female,Potato,Vegetables,1,34.49,Net Banking,4.9,34.49
INV3660,2026-04-02,B,Delhi,Normal,Male,Cold Drink,Beverages,1,62.71,Cash,4.5,62.71
INV3661,2026-01-15,C,Mumbai,Normal,Male,Chips,Snacks,6,39.85,Net Banking,3.1,239.1
INV3662,2026-04-12,B,Delhi,Normal,Male,Face Wash,Personal Care,9,104.47,UPI,3.2,940.23
INV3663,2026-06-21,C,Mumbai,Normal,Male,Chips,Snacks,1,31.94,Net Banking,3.5,31.94
INV3664,2026-01-15,D,Bengaluru,Normal,Male,Rice,Grocery,10,67.01,Cash,3.9,670.1
INV3665,2026-06-07,B,Delhi,Normal,Female,Chips,Snacks,4,35.75,Net Banking,4.1,143.0
INV3666,2026-06-23,A,Jaipur,Normal,Female,Coffee,Beverages,3,165.1,Cash,3.7,495.3
INV3667,2026-04-27,C,Mumbai,Normal,Male,Tea,Beverages,7,121.44,Net Banking,3.9,850.08
INV3668,2026-01-23,D,Bengaluru,Member,Female,Chocolate,Snacks,2,57.67,Card,3.2,115.34
INV3669,2026-05-22,B,Delhi,Member,Female,Bread,Bakery,7,42.36,Cash,4.6,296.52
INV3670,2026-04-20,C,Mumbai,Member,Female,Bananas,Fruits,3,56.5,Net Banking,4.1,169.5
INV3671,2026-05-24,B,Delhi,Member,Female,Bread,Bakery,3,44.91,Cash,5.0,134.73
INV3672,2026-01-31,C,Mumbai,Normal,Male,Soap,Personal Care,6,51.34,UPI,3.7,308.04
INV3673,2026-06-05,D,Bengaluru,Member,Male,Chips,Snacks,3,38.27,Net Banking,4.3,114.81
INV3674,2026-05-03,C,Mumbai,Member,Female,Cheese,Dairy,1,206.46,Net Banking,4.0,206.46
INV3675,2026-05-20,B,Delhi,Normal,Female,Eggs,Dairy,4,80.89,Card,4.9,323.56
INV3676,2026-04-06,D,Bengaluru,Normal,Male,Chips,Snacks,8,36.22,Cash,4.9,289.76
INV3677,2026-05-29,C,Mumbai,Normal,Male,Shampoo,Personal Care,5,209.33,Net Banking,3.2,1046.65
INV3678,2026-06-28,B,Delhi,Normal,Male,Eggs,Dairy,3,80.77,Card,4.3,242.31
INV3679,2026-03-17,D,Bengaluru,Normal,Male,Biscuits,Snacks,5,25.09,Card,4.7,125.45
INV3680,2026-02-03,B,Delhi,Member,Female,Bananas,Fruits,6,58.82,Card,3.8,352.92
INV3681,2026-01-06,B,Delhi,Normal,Female,Bread,Bakery,3,37.25,Cash,4.9,111.75
INV3682,2026-03-31,C,Mumbai,Normal,Female,Milk,Dairy,4,56.5,Cash,3.9,226.0
INV3683,2026-03-11,A,Jaipur,Normal,Male,Bananas,Fruits,10,63.63,Net Banking,4.6,636.3
INV3684,2026-03-19,C,Mumbai,Member,Female,Face Wash,Personal Care,1,138.96,Cash,3.4,138.96
INV3685,2026-06-21,A,Jaipur,Normal,Male,Chips,Snacks,1,29.4,Cash,3.9,29.4
INV3686,2026-01-16,A,Jaipur,Normal,Female,Face Wash,Personal Care,7,101.36,UPI,4.6,709.52
INV3687,2026-05-19,B,Delhi,Member,Female,Shampoo,Personal Care,2,188.43,Cash,3.5,376.86
INV3688,2026-06-13,D,Bengaluru,Member,Male,Soap,Personal Care,2,49.45,UPI,4.3,98.9
INV3689,2026-06-17,D,Bengaluru,Normal,Male,Noodles,Grocery,3,50.54,Net Banking,4.5,151.62
INV3690,2026-04-22,A,Jaipur,Member,Female,Chips,Snacks,1,33.5,Card,3.4,33.5
INV3691,2026-03-29,A,Jaipur,Member,Female,Apples,Fruits,10,147.9,UPI,4.7,1479.0
INV3692,2026-02-11,B,Delhi,Normal,Female,Bread,Bakery,10,36.15,Net Banking,4.1,361.5
INV3693,2026-03-19,B,Delhi,Member,Male,Cooking Oil,Grocery,6,153.73,UPI,3.5,922.38
INV3694,2026-03-31,C,Mumbai,Member,Male,Chocolate,Snacks,9,54.44,Cash,4.3,489.96
INV3695,2026-06-25,A,Jaipur,Normal,Male,Apples,Fruits,8,150.12,Net Banking,3.5,1200.96
INV3696,2026-05-02,C,Mumbai,Member,Male,Cooking Oil,Grocery,6,159.67,Card,4.4,958.02
INV3697,2026-05-09,D,Bengaluru,Member,Female,Chips,Snacks,4,36.7,UPI,4.2,146.8
INV3698,2026-01-05,A,Jaipur,Normal,Male,Face Wash,Personal Care,4,108.43,Cash,4.5,433.72
INV3699,2026-01-05,D,Bengaluru,Normal,Female,Potato,Vegetables,2,34.95,Net Banking,3.5,69.9
INV3700,2026-03-10,D,Bengaluru,Member,Male,Soap,Personal Care,6,47.05,Cash,5.0,282.3
INV3701,2026-05-07,B,Delhi,Member,Female,Apples,Fruits,8,162.06,Net Banking,3.5,1296.48
INV3702,2026-01-20,B,Delhi,Member,Male,Milk,Dairy,6,63.19,UPI,3.3,379.14
INV3703,2026-05-31,A,Jaipur,Member,Female,Apples,Fruits,7,119.18,Net Banking,3.1,834.26
INV3704,2026-05-29,A,Jaipur,Member,Male,Soap,Personal Care,1,42.05,UPI,3.9,42.05
INV3705,2026-02-19,A,Jaipur,Normal,Female,Noodles,Grocery,3,53.96,Net Banking,3.1,161.88
INV3706,2026-02-24,A,Jaipur,Member,Male,Eggs,Dairy,7,77.97,Cash,4.8,545.79
INV3707,2026-01-29,B,Delhi,Member,Female,Potato,Vegetables,8,34.19,Cash,4.9,273.52
INV3708,2026-01-29,B,Delhi,Normal,Male,Soap,Personal Care,10,47.53,UPI,3.6,475.3
INV3709,2026-04-11,C,Mumbai,Normal,Male,Cold Drink,Beverages,3,68.6,Card,3.1,205.8
INV3710,2026-01-06,C,Mumbai,Member,Female,Bread,Bakery,6,40.68,UPI,3.9,244.08
INV3711,2026-02-07,B,Delhi,Member,Female,Face Wash,Personal Care,5,110.14,Cash,4.2,550.7
INV3712,2026-02-15,C,Mumbai,Normal,Male,Shampoo,Personal Care,5,179.77,Net Banking,3.7,898.85
INV3713,2026-02-08,B,Delhi,Member,Male,Biscuits,Snacks,1,33.75,Card,4.9,33.75
INV3714,2026-06-09,D,Bengaluru,Normal,Male,Cooking Oil,Grocery,5,141.82,Cash,3.0,709.1
INV3715,2026-04-25,D,Bengaluru,Normal,Male,Coffee,Beverages,8,203.15,Card,3.5,1625.2
INV3716,2026-06-07,A,Jaipur,Normal,Male,Bread,Bakery,3,44.84,UPI,4.2,134.52
INV3717,2026-03-18,B,Delhi,Normal,Male,Chocolate,Snacks,7,54.49,Cash,3.4,381.43
INV3718,2026-02-08,A,Jaipur,Member,Male,Chips,Snacks,6,31.69,UPI,4.8,190.14
INV3719,2026-04-22,C,Mumbai,Normal,Female,Cold Drink,Beverages,10,57.58,Cash,4.5,575.8
INV3720,2026-06-05,B,Delhi,Member,Female,Apples,Fruits,7,129.32,Cash,3.1,905.24
INV3721,2026-02-20,B,Delhi,Normal,Female,Potato,Vegetables,2,38.86,UPI,3.5,77.72
INV3722,2026-02-01,D,Bengaluru,Member,Female,Bread,Bakery,6,43.03,Cash,4.3,258.18
INV3723,2026-02-19,B,Delhi,Member,Male,Bread,Bakery,7,35.99,Card,4.2,251.93
INV3724,2026-02-22,D,Bengaluru,Normal,Male,Soap,Personal Care,6,44.39,Card,3.5,266.34
INV3725,2026-03-23,C,Mumbai,Member,Male,Chocolate,Snacks,8,47.2,UPI,3.4,377.6
INV3726,2026-05-15,B,Delhi,Member,Male,Bananas,Fruits,9,50.69,Net Banking,4.7,456.21
INV3727,2026-03-19,B,Delhi,Member,Male,Bananas,Fruits,1,63.16,Card,3.7,63.16
INV3728,2026-05-22,D,Bengaluru,Normal,Male,Cold Drink,Beverages,2,58.68,Cash,4.4,117.36
INV3729,2026-06-23,C,Mumbai,Member,Female,Chips,Snacks,10,29.79,UPI,4.9,297.9
INV3730,2026-01-16,D,Bengaluru,Member,Male,Potato,Vegetables,8,29.96,Net Banking,4.0,239.68
INV3731,2026-02-04,A,Jaipur,Normal,Male,Cheese,Dairy,8,188.65,UPI,4.7,1509.2
INV3732,2026-04-14,D,Bengaluru,Normal,Male,Potato,Vegetables,5,36.31,Card,4.3,181.55
INV3733,2026-04-11,D,Bengaluru,Member,Male,Potato,Vegetables,2,36.32,Cash,3.0,72.64
INV3734,2026-02-28,A,Jaipur,Normal,Male,Apples,Fruits,2,118.24,Card,3.6,236.48
INV3735,2026-04-22,D,Bengaluru,Normal,Male,Chocolate,Snacks,6,43.58,UPI,4.7,261.48
INV3736,2026-06-27,B,Delhi,Normal,Male,Rice,Grocery,1,79.47,Cash,3.3,79.47
INV3737,2026-04-05,A,Jaipur,Member,Female,Bananas,Fruits,2,59.12,Net Banking,3.4,118.24
INV3738,2026-03-17,B,Delhi,Normal,Female,Milk,Dairy,10,59.95,Card,4.7,599.5
INV3739,2026-01-27,D,Bengaluru,Normal,Female,Biscuits,Snacks,4,28.88,UPI,4.0,115.52
INV3740,2026-02-23,D,Bengaluru,Normal,Female,Noodles,Grocery,9,64.08,Cash,3.4,576.72
INV3741,2026-03-20,A,Jaipur,Member,Male,Cooking Oil,Grocery,10,162.69,UPI,3.0,1626.9
INV3742,2026-03-20,C,Mumbai,Normal,Female,Chocolate,Snacks,8,52.19,Net Banking,3.0,417.52
INV3743,2026-02-27,B,Delhi,Member,Female,Tomato,Vegetables,7,50.06,Net Banking,4.5,350.42
INV3744,2026-01-22,A,Jaipur,Normal,Male,Rice,Grocery,2,76.65,Card,3.0,153.3
INV3745,2026-06-10,B,Delhi,Member,Female,Tomato,Vegetables,3,49.6,Net Banking,4.5,148.8
INV3746,2026-01-26,D,Bengaluru,Normal,Male,Chips,Snacks,1,36.08,Net Banking,3.7,36.08
INV3747,2026-02-06,C,Mumbai,Normal,Female,Eggs,Dairy,6,81.15,Card,3.1,486.9
INV3748,2026-02-15,B,Delhi,Member,Female,Cheese,Dairy,4,217.18,UPI,3.9,868.72
INV3749,2026-01-02,D,Bengaluru,Member,Female,Tea,Beverages,4,137.49,Card,4.7,549.96
INV3750,2026-03-24,C,Mumbai,Normal,Male,Eggs,Dairy,10,83.72,Card,4.2,837.2
INV3751,2026-06-08,D,Bengaluru,Normal,Male,Soap,Personal Care,1,48.94,Cash,4.0,48.94
INV3752,2026-04-05,A,Jaipur,Normal,Female,Potato,Vegetables,2,40.81,Net Banking,3.0,81.62
INV3753,2026-05-23,D,Bengaluru,Member,Female,Noodles,Grocery,6,64.95,Net Banking,4.3,389.7
INV3754,2026-04-19,C,Mumbai,Normal,Male,Soap,Personal Care,7,49.07,UPI,3.6,343.49
INV3755,2026-01-18,B,Delhi,Normal,Male,Eggs,Dairy,7,99.19,Net Banking,3.9,694.33
INV3756,2026-01-05,B,Delhi,Normal,Female,Tomato,Vegetables,4,50.88,UPI,4.7,203.52
INV3757,2026-01-10,C,Mumbai,Member,Female,Soap,Personal Care,9,45.16,Cash,4.0,406.44
INV3758,2026-03-19,D,Bengaluru,Normal,Female,Potato,Vegetables,4,30.57,UPI,3.2,122.28
INV3759,2026-06-04,C,Mumbai,Member,Female,Bananas,Fruits,1,51.82,UPI,3.2,51.82
INV3760,2026-03-26,B,Delhi,Member,Male,Shampoo,Personal Care,3,208.69,Cash,4.5,626.07
INV3761,2026-02-15,C,Mumbai,Normal,Female,Chocolate,Snacks,5,46.29,Card,3.5,231.45
INV3762,2026-04-29,C,Mumbai,Member,Male,Cooking Oil,Grocery,6,148.03,Cash,4.7,888.18
INV3763,2026-06-06,C,Mumbai,Member,Male,Biscuits,Snacks,4,31.08,Net Banking,4.4,124.32
INV3764,2026-04-23,D,Bengaluru,Normal,Male,Milk,Dairy,4,54.81,Net Banking,4.6,219.24
INV3765,2026-03-04,D,Bengaluru,Normal,Male,Tomato,Vegetables,6,50.61,Cash,4.8,303.66
INV3766,2026-03-05,B,Delhi,Normal,Male,Coffee,Beverages,4,209.44,UPI,4.8,837.76
INV3767,2026-02-08,A,Jaipur,Member,Male,Bread,Bakery,3,37.37,Cash,3.6,112.11
INV3768,2026-04-19,D,Bengaluru,Member,Male,Cooking Oil,Grocery,8,147.9,Net Banking,4.7,1183.2
INV3769,2026-06-27,C,Mumbai,Member,Male,Cold Drink,Beverages,8,63.75,Cash,3.0,510.0
INV3770,2026-04-11,B,Delhi,Normal,Male,Milk,Dairy,7,49.02,UPI,3.0,343.14
INV3771,2026-01-28,C,Mumbai,Member,Female,Apples,Fruits,4,138.36,Net Banking,3.7,553.44
INV3772,2026-04-26,A,Jaipur,Normal,Male,Bananas,Fruits,2,56.0,Card,4.1,112.0
INV3773,2026-06-05,A,Jaipur,Normal,Female,Apples,Fruits,9,144.52,Cash,3.8,1300.68
INV3774,2026-03-18,D,Bengaluru,Member,Male,Chips,Snacks,1,37.5,Cash,4.4,37.5
INV3775,2026-04-26,B,Delhi,Member,Male,Bananas,Fruits,6,63.6,Cash,4.7,381.6
INV3776,2026-02-11,A,Jaipur,Member,Female,Apples,Fruits,9,127.84,Cash,3.9,1150.56
INV3777,2026-04-12,C,Mumbai,Normal,Male,Face Wash,Personal Care,1,108.19,Net Banking,4.5,108.19
INV3778,2026-01-15,C,Mumbai,Member,Male,Potato,Vegetables,1,35.99,UPI,4.2,35.99
INV3779,2026-02-21,D,Bengaluru,Normal,Female,Tomato,Vegetables,8,46.58,Card,3.3,372.64
INV3780,2026-02-22,D,Bengaluru,Member,Female,Tea,Beverages,4,110.5,Cash,4.0,442.0
INV3781,2026-04-22,B,Delhi,Normal,Male,Coffee,Beverages,9,194.46,Net Banking,3.8,1750.14
INV3782,2026-05-05,C,Mumbai,Member,Male,Bread,Bakery,9,35.09,Cash,4.1,315.81
INV3783,2026-03-05,A,Jaipur,Member,Female,Chips,Snacks,2,35.23,Card,3.5,70.46
INV3784,2026-05-04,D,Bengaluru,Normal,Male,Bananas,Fruits,1,63.81,Cash,4.8,63.81
INV3785,2026-06-23,C,Mumbai,Member,Male,Noodles,Grocery,6,55.65,UPI,3.7,333.9
INV3786,2026-06-16,D,Bengaluru,Member,Male,Rice,Grocery,10,80.97,Cash,3.7,809.7
INV3787,2026-06-15,D,Bengaluru,Normal,Female,Rice,Grocery,7,73.09,Cash,4.2,511.63
INV3788,2026-03-08,C,Mumbai,Member,Male,Cooking Oil,Grocery,4,143.56,Cash,3.3,574.24
INV3789,2026-06-14,D,Bengaluru,Member,Female,Cold Drink,Beverages,4,62.79,UPI,4.6,251.16
INV3790,2026-01-16,C,Mumbai,Normal,Male,Chocolate,Snacks,4,56.77,Net Banking,4.4,227.08
INV3791,2026-05-02,A,Jaipur,Member,Male,Chips,Snacks,2,31.84,UPI,4.4,63.68
INV3792,2026-06-25,B,Delhi,Member,Male,Noodles,Grocery,8,52.19,Net Banking,4.2,417.52
INV3793,2026-01-08,B,Delhi,Normal,Female,Bread,Bakery,10,42.97,UPI,3.2,429.7
INV3794,2026-01-04,C,Mumbai,Member,Female,Biscuits,Snacks,3,33.04,UPI,4.7,99.12
INV3795,2026-02-24,D,Bengaluru,Member,Female,Cold Drink,Beverages,7,69.01,Cash,4.2,483.07
INV3796,2026-01-12,A,Jaipur,Normal,Male,Cold Drink,Beverages,4,73.33,UPI,3.2,293.32
INV3797,2026-05-13,C,Mumbai,Member,Male,Noodles,Grocery,2,54.41,Net Banking,4.2,108.82
INV3798,2026-04-13,A,Jaipur,Member,Female,Tomato,Vegetables,6,52.59,Net Banking,4.7,315.54
INV3799,2026-01-14,D,Bengaluru,Member,Female,Tomato,Vegetables,7,40.72,Net Banking,4.7,285.04
INV3800,2026-06-27,D,Bengaluru,Normal,Female,Cheese,Dairy,9,242.17,Net Banking,4.1,2179.53
INV3801,2026-04-21,D,Bengaluru,Member,Male,Coffee,Beverages,4,172.6,UPI,3.2,690.4
INV3802,2026-02-27,A,Jaipur,Member,Male,Soap,Personal Care,9,42.71,Cash,3.5,384.39
INV3803,2026-04-03,B,Delhi,Normal,Female,Noodles,Grocery,6,47.27,Card,4.6,283.62
INV3804,2026-01-15,A,Jaipur,Normal,Male,Bread,Bakery,1,38.04,Net Banking,4.0,38.04
INV3805,2026-02-08,A,Jaipur,Member,Male,Soap,Personal Care,10,51.55,UPI,4.0,515.5
INV3806,2026-06-06,A,Jaipur,Member,Female,Chips,Snacks,3,29.61,Cash,3.3,88.83
INV3807,2026-06-12,D,Bengaluru,Normal,Male,Tomato,Vegetables,4,52.16,UPI,3.6,208.64
INV3808,2026-04-05,A,Jaipur,Normal,Female,Face Wash,Personal Care,10,105.2,Net Banking,4.8,1052.0
INV3809,2026-02-21,C,Mumbai,Normal,Female,Rice,Grocery,2,75.95,Net Banking,4.3,151.9
INV3810,2026-06-17,A,Jaipur,Member,Female,Cold Drink,Beverages,4,61.85,Cash,4.1,247.4
INV3811,2026-04-23,A,Jaipur,Normal,Female,Coffee,Beverages,6,181.0,UPI,3.7,1086.0
INV3812,2026-02-11,D,Bengaluru,Member,Female,Chips,Snacks,4,39.23,Net Banking,3.5,156.92
INV3813,2026-01-16,A,Jaipur,Member,Male,Eggs,Dairy,6,78.76,Net Banking,4.3,472.56
INV3814,2026-06-11,A,Jaipur,Member,Female,Cheese,Dairy,9,194.03,Card,4.9,1746.27
INV3815,2026-03-27,C,Mumbai,Normal,Female,Cheese,Dairy,4,237.77,Card,4.6,951.08
INV3816,2026-06-09,C,Mumbai,Normal,Male,Shampoo,Personal Care,5,157.6,Net Banking,4.7,788.0
INV3817,2026-03-27,D,Bengaluru,Normal,Male,Cheese,Dairy,9,247.51,Card,3.7,2227.59
INV3818,2026-04-24,D,Bengaluru,Normal,Female,Tea,Beverages,6,133.35,Card,3.1,800.1
INV3819,2026-01-25,C,Mumbai,Member,Female,Apples,Fruits,7,151.5,Net Banking,4.1,1060.5
INV3820,2026-05-18,B,Delhi,Member,Female,Rice,Grocery,10,59.72,UPI,3.2,597.2
INV3821,2026-05-24,A,Jaipur,Normal,Female,Eggs,Dairy,1,95.86,UPI,3.7,95.86
INV3822,2026-03-16,B,Delhi,Member,Male,Chips,Snacks,8,36.4,UPI,4.8,291.2
INV3823,2026-02-14,C,Mumbai,Normal,Female,Chocolate,Snacks,9,54.0,Cash,4.2,486.0
INV3824,2026-04-28,C,Mumbai,Member,Female,Milk,Dairy,1,61.74,UPI,5.0,61.74
INV3825,2026-04-13,A,Jaipur,Member,Female,Tomato,Vegetables,8,45.75,Cash,3.0,366.0
INV3826,2026-04-24,D,Bengaluru,Normal,Female,Biscuits,Snacks,4,28.56,Cash,4.4,114.24
INV3827,2026-06-22,D,Bengaluru,Member,Male,Coffee,Beverages,10,202.25,Card,3.8,2022.5
INV3828,2026-02-19,C,Mumbai,Member,Male,Milk,Dairy,2,47.1,Cash,4.5,94.2
INV3829,2026-04-27,D,Bengaluru,Member,Female,Milk,Dairy,1,46.72,Cash,5.0,46.72
INV3830,2026-02-27,C,Mumbai,Normal,Female,Apples,Fruits,5,157.09,Cash,4.8,785.45
INV3831,2026-06-13,D,Bengaluru,Member,Female,Cooking Oil,Grocery,10,166.41,Cash,3.6,1664.1
INV3832,2026-01-14,A,Jaipur,Member,Male,Bread,Bakery,3,45.01,Card,3.2,135.03
INV3833,2026-05-25,B,Delhi,Member,Female,Tomato,Vegetables,9,43.15,Net Banking,4.5,388.35
INV3834,2026-03-22,A,Jaipur,Normal,Male,Coffee,Beverages,2,176.27,Cash,3.4,352.54
INV3835,2026-06-11,D,Bengaluru,Member,Male,Tea,Beverages,8,124.52,Net Banking,3.4,996.16
INV3836,2026-01-21,A,Jaipur,Normal,Female,Apples,Fruits,9,128.88,UPI,4.5,1159.92
INV3837,2026-06-21,B,Delhi,Normal,Male,Tomato,Vegetables,9,52.63,UPI,3.2,473.67
INV3838,2026-06-03,C,Mumbai,Member,Male,Milk,Dairy,7,59.69,Net Banking,3.9,417.83
INV3839,2026-01-26,C,Mumbai,Member,Female,Potato,Vegetables,5,32.48,Net Banking,4.5,162.4
INV3840,2026-01-31,B,Delhi,Member,Female,Cheese,Dairy,7,251.63,UPI,3.7,1761.41
INV3841,2026-04-04,C,Mumbai,Member,Male,Apples,Fruits,7,123.05,Card,4.8,861.35
INV3842,2026-05-30,D,Bengaluru,Member,Male,Cheese,Dairy,3,226.22,Card,4.0,678.66
INV3843,2026-04-08,D,Bengaluru,Member,Male,Shampoo,Personal Care,7,185.07,Cash,3.3,1295.49
INV3844,2026-05-31,C,Mumbai,Normal,Female,Rice,Grocery,4,67.34,Card,5.0,269.36
INV3845,2026-05-25,C,Mumbai,Member,Male,Bread,Bakery,2,36.79,Card,4.7,73.58
INV3846,2026-04-07,B,Delhi,Member,Female,Shampoo,Personal Care,2,183.78,Cash,3.8,367.56
INV3847,2026-04-03,C,Mumbai,Normal,Male,Noodles,Grocery,2,58.34,Cash,4.4,116.68
INV3848,2026-03-08,C,Mumbai,Member,Female,Biscuits,Snacks,10,32.88,Card,4.5,328.8
INV3849,2026-06-30,C,Mumbai,Member,Male,Chocolate,Snacks,4,42.6,Net Banking,4.1,170.4
INV3850,2026-01-11,B,Delhi,Normal,Male,Cheese,Dairy,10,198.86,Cash,3.5,1988.6
INV3851,2026-01-18,A,Jaipur,Normal,Female,Cooking Oil,Grocery,4,161.93,Net Banking,3.8,647.72
INV3852,2026-04-26,A,Jaipur,Member,Female,Eggs,Dairy,4,87.41,UPI,3.5,349.64
INV3853,2026-06-04,D,Bengaluru,Normal,Male,Biscuits,Snacks,8,31.6,Cash,4.9,252.8
INV3854,2026-03-24,D,Bengaluru,Normal,Male,Potato,Vegetables,1,38.29,Net Banking,3.6,38.29
INV3855,2026-03-27,D,Bengaluru,Normal,Male,Chocolate,Snacks,8,59.27,Cash,3.3,474.16
INV3856,2026-06-09,B,Delhi,Normal,Male,Tea,Beverages,7,137.9,Cash,3.5,965.3
INV3857,2026-04-07,D,Bengaluru,Member,Female,Potato,Vegetables,4,37.65,Cash,4.5,150.6
INV3858,2026-02-23,C,Mumbai,Normal,Male,Cooking Oil,Grocery,1,145.55,Cash,4.7,145.55
INV3859,2026-04-19,B,Delhi,Member,Female,Chocolate,Snacks,6,56.5,Net Banking,4.9,339.0
INV3860,2026-06-02,D,Bengaluru,Member,Female,Tea,Beverages,3,103.03,Net Banking,4.3,309.09
INV3861,2026-06-04,A,Jaipur,Normal,Female,Biscuits,Snacks,1,31.49,Net Banking,4.4,31.49
INV3862,2026-03-21,B,Delhi,Member,Female,Eggs,Dairy,1,75.48,UPI,4.0,75.48
INV3863,2026-05-16,A,Jaipur,Normal,Female,Milk,Dairy,2,47.8,Cash,3.4,95.6
INV3864,2026-04-27,D,Bengaluru,Normal,Female,Chocolate,Snacks,5,57.03,Cash,3.1,285.15
INV3865,2026-05-17,C,Mumbai,Normal,Male,Noodles,Grocery,7,62.36,Net Banking,3.6,436.52
INV3866,2026-04-18,C,Mumbai,Normal,Male,Noodles,Grocery,9,64.65,Net Banking,3.2,581.85
INV3867,2026-05-25,C,Mumbai,Member,Female,Tea,Beverages,9,136.95,Cash,4.6,1232.55
INV3868,2026-04-07,C,Mumbai,Member,Male,Bananas,Fruits,3,63.27,Cash,3.4,189.81
INV3869,2026-05-05,D,Bengaluru,Normal,Female,Cold Drink,Beverages,10,74.24,UPI,4.3,742.4
INV3870,2026-06-17,B,Delhi,Normal,Female,Tomato,Vegetables,1,44.05,Cash,3.6,44.05
INV3871,2026-06-15,D,Bengaluru,Member,Female,Cooking Oil,Grocery,8,144.19,Net Banking,4.8,1153.52
INV3872,2026-06-12,D,Bengaluru,Member,Male,Biscuits,Snacks,3,26.1,UPI,3.3,78.3
INV3873,2026-06-21,C,Mumbai,Normal,Male,Shampoo,Personal Care,7,156.12,Card,4.9,1092.84
INV3874,2026-06-17,D,Bengaluru,Normal,Male,Biscuits,Snacks,8,26.58,Card,4.6,212.64
INV3875,2026-03-02,C,Mumbai,Normal,Female,Shampoo,Personal Care,4,171.34,Cash,4.1,685.36
INV3876,2026-04-22,A,Jaipur,Member,Male,Milk,Dairy,6,63.39,Net Banking,4.2,380.34
INV3877,2026-02-16,B,Delhi,Normal,Female,Cold Drink,Beverages,5,72.34,Cash,4.6,361.7
INV3878,2026-01-22,A,Jaipur,Normal,Female,Potato,Vegetables,7,33.19,Net Banking,3.5,232.33
INV3879,2026-04-16,A,Jaipur,Member,Male,Noodles,Grocery,10,46.44,Net Banking,4.6,464.4
INV3880,2026-06-03,C,Mumbai,Normal,Female,Rice,Grocery,10,82.18,Net Banking,4.1,821.8
INV3881,2026-01-18,A,Jaipur,Normal,Female,Coffee,Beverages,5,205.73,Card,4.6,1028.65
INV3882,2026-06-09,D,Bengaluru,Member,Female,Chocolate,Snacks,8,46.19,Cash,3.0,369.52
INV3883,2026-02-09,B,Delhi,Member,Female,Apples,Fruits,9,138.55,Cash,5.0,1246.95
INV3884,2026-05-01,A,Jaipur,Member,Female,Shampoo,Personal Care,3,189.5,Card,4.9,568.5
INV3885,2026-03-23,B,Delhi,Member,Male,Potato,Vegetables,10,40.73,Net Banking,4.8,407.3
INV3886,2026-03-11,C,Mumbai,Normal,Female,Face Wash,Personal Care,8,105.65,UPI,4.1,845.2
INV3887,2026-05-06,A,Jaipur,Member,Female,Cold Drink,Beverages,9,60.42,UPI,4.8,543.78
INV3888,2026-06-01,C,Mumbai,Member,Male,Cooking Oil,Grocery,1,149.78,Card,4.6,149.78
INV3889,2026-04-08,C,Mumbai,Normal,Male,Chips,Snacks,8,36.63,UPI,3.0,293.04
INV3890,2026-03-08,C,Mumbai,Member,Female,Shampoo,Personal Care,10,194.33,Net Banking,5.0,1943.3
INV3891,2026-01-25,B,Delhi,Member,Male,Apples,Fruits,10,140.48,Net Banking,4.2,1404.8
INV3892,2026-05-08,D,Bengaluru,Member,Female,Milk,Dairy,1,50.31,Cash,4.8,50.31
INV3893,2026-06-18,C,Mumbai,Normal,Male,Milk,Dairy,1,57.87,Net Banking,3.2,57.87
INV3894,2026-01-09,B,Delhi,Member,Male,Cold Drink,Beverages,4,59.12,Net Banking,3.0,236.48
INV3895,2026-03-06,A,Jaipur,Normal,Male,Bread,Bakery,1,34.73,Net Banking,4.9,34.73
INV3896,2026-03-29,A,Jaipur,Member,Female,Rice,Grocery,2,71.63,UPI,4.2,143.26
INV3897,2026-01-17,A,Jaipur,Normal,Male,Cold Drink,Beverages,9,55.41,UPI,4.0,498.69
INV3898,2026-01-07,C,Mumbai,Normal,Male,Face Wash,Personal Care,3,110.54,Card,4.0,331.62
INV3899,2026-01-13,B,Delhi,Member,Male,Potato,Vegetables,8,30.6,Card,4.3,244.8
INV3900,2026-06-28,A,Jaipur,Normal,Female,Cooking Oil,Grocery,10,129.56,UPI,4.4,1295.6
INV3901,2026-04-30,A,Jaipur,Member,Male,Bread,Bakery,4,47.32,Cash,4.0,189.28
INV3902,2026-02-17,B,Delhi,Member,Male,Apples,Fruits,5,117.85,Cash,4.4,589.25
INV3903,2026-02-17,D,Bengaluru,Normal,Male,Rice,Grocery,2,72.96,UPI,5.0,145.92
INV3904,2026-04-12,A,Jaipur,Normal,Male,Face Wash,Personal Care,7,123.77,Card,4.7,866.39
INV3905,2026-05-21,D,Bengaluru,Normal,Male,Potato,Vegetables,9,31.9,Cash,3.4,287.1
INV3906,2026-06-24,A,Jaipur,Normal,Male,Rice,Grocery,1,79.1,Net Banking,3.6,79.1
INV3907,2026-06-09,B,Delhi,Normal,Male,Cheese,Dairy,8,219.68,Cash,4.0,1757.44
INV3908,2026-04-22,A,Jaipur,Normal,Female,Eggs,Dairy,7,77.31,Cash,3.9,541.17
INV3909,2026-06-08,D,Bengaluru,Normal,Female,Bread,Bakery,10,44.14,Cash,3.8,441.4
INV3910,2026-02-01,D,Bengaluru,Normal,Male,Milk,Dairy,10,62.78,Card,3.2,627.8
INV3911,2026-05-28,C,Mumbai,Member,Female,Chocolate,Snacks,5,44.89,Card,4.5,224.45
INV3912,2026-01-14,C,Mumbai,Member,Male,Cooking Oil,Grocery,8,168.05,UPI,3.2,1344.4
INV3913,2026-02-17,A,Jaipur,Normal,Male,Shampoo,Personal Care,5,184.57,Cash,3.3,922.85
INV3914,2026-01-03,C,Mumbai,Normal,Male,Soap,Personal Care,3,39.45,Card,4.7,118.35
INV3915,2026-06-06,B,Delhi,Member,Female,Bananas,Fruits,5,66.8,Card,3.2,334.0
INV3916,2026-03-10,D,Bengaluru,Normal,Female,Bread,Bakery,2,40.42,UPI,3.1,80.84
INV3917,2026-03-29,C,Mumbai,Normal,Female,Coffee,Beverages,7,204.26,Net Banking,4.2,1429.82
INV3918,2026-03-15,C,Mumbai,Normal,Male,Soap,Personal Care,8,46.09,Net Banking,3.5,368.72
INV3919,2026-01-25,C,Mumbai,Member,Female,Cheese,Dairy,2,202.94,Cash,3.6,405.88
INV3920,2026-03-10,C,Mumbai,Member,Female,Face Wash,Personal Care,1,126.02,Net Banking,4.7,126.02
INV3921,2026-04-29,D,Bengaluru,Member,Male,Chocolate,Snacks,5,53.93,UPI,3.6,269.65
INV3922,2026-03-26,A,Jaipur,Member,Male,Cold Drink,Beverages,4,54.21,Card,4.1,216.84
INV3923,2026-01-07,D,Bengaluru,Normal,Male,Biscuits,Snacks,7,29.36,Net Banking,3.6,205.52
INV3924,2026-05-05,C,Mumbai,Normal,Male,Noodles,Grocery,7,45.99,Cash,3.2,321.93
INV3925,2026-01-07,D,Bengaluru,Member,Male,Biscuits,Snacks,2,33.6,Cash,3.1,67.2
INV3926,2026-06-27,A,Jaipur,Member,Male,Cold Drink,Beverages,8,54.23,Card,5.0,433.84
INV3927,2026-03-25,D,Bengaluru,Member,Male,Eggs,Dairy,9,100.7,Cash,4.1,906.3
INV3928,2026-03-31,C,Mumbai,Normal,Male,Potato,Vegetables,5,30.1,UPI,4.4,150.5
INV3929,2026-04-16,D,Bengaluru,Member,Female,Cheese,Dairy,9,224.47,Net Banking,3.3,2020.23
INV3930,2026-03-18,A,Jaipur,Member,Female,Shampoo,Personal Care,5,205.12,Cash,4.6,1025.6
INV3931,2026-06-03,A,Jaipur,Normal,Male,Bread,Bakery,6,46.82,Net Banking,4.6,280.92
INV3932,2026-05-17,C,Mumbai,Normal,Female,Shampoo,Personal Care,9,203.7,Card,3.5,1833.3
INV3933,2026-02-07,C,Mumbai,Member,Male,Face Wash,Personal Care,10,103.73,Net Banking,4.8,1037.3
INV3934,2026-04-27,A,Jaipur,Member,Female,Cold Drink,Beverages,2,63.36,UPI,4.4,126.72
INV3935,2026-03-07,D,Bengaluru,Normal,Female,Coffee,Beverages,6,212.16,Card,3.1,1272.96
INV3936,2026-06-08,D,Bengaluru,Normal,Female,Tea,Beverages,6,123.95,Cash,3.6,743.7
INV3937,2026-01-15,D,Bengaluru,Member,Male,Potato,Vegetables,8,40.54,Card,4.5,324.32
INV3938,2026-01-12,A,Jaipur,Normal,Male,Noodles,Grocery,6,49.85,Net Banking,4.1,299.1
INV3939,2026-02-03,A,Jaipur,Member,Male,Shampoo,Personal Care,7,203.92,Net Banking,3.4,1427.44
INV3940,2026-06-20,C,Mumbai,Member,Male,Eggs,Dairy,7,92.66,Net Banking,4.7,648.62
INV3941,2026-01-03,A,Jaipur,Normal,Male,Milk,Dairy,4,46.14,Net Banking,5.0,184.56
INV3942,2026-02-09,D,Bengaluru,Member,Male,Soap,Personal Care,5,50.28,Card,3.2,251.4
INV3943,2026-06-29,A,Jaipur,Normal,Female,Bread,Bakery,7,37.84,Card,4.8,264.88
INV3944,2026-04-07,D,Bengaluru,Normal,Female,Chips,Snacks,7,38.46,Net Banking,3.8,269.22
INV3945,2026-06-12,D,Bengaluru,Member,Male,Cooking Oil,Grocery,6,136.43,Cash,4.1,818.58
INV3946,2026-04-23,D,Bengaluru,Normal,Male,Biscuits,Snacks,9,30.91,Card,3.4,278.19
INV3947,2026-05-15,C,Mumbai,Normal,Female,Biscuits,Snacks,3,29.35,UPI,5.0,88.05
INV3948,2026-03-27,B,Delhi,Member,Female,Tea,Beverages,2,113.63,Card,3.1,227.26
INV3949,2026-05-31,A,Jaipur,Member,Female,Potato,Vegetables,3,30.92,UPI,4.0,92.76
INV3950,2026-04-14,D,Bengaluru,Normal,Male,Tea,Beverages,8,137.17,Cash,4.3,1097.36
INV3951,2026-05-15,B,Delhi,Member,Male,Cold Drink,Beverages,8,54.68,UPI,3.1,437.44
INV3952,2026-04-02,D,Bengaluru,Member,Female,Tea,Beverages,2,123.46,UPI,3.4,246.92
INV3953,2026-02-22,C,Mumbai,Normal,Female,Bread,Bakery,5,42.08,Cash,3.9,210.4
INV3954,2026-02-20,C,Mumbai,Normal,Female,Potato,Vegetables,9,35.68,Net Banking,4.3,321.12
INV3955,2026-06-30,A,Jaipur,Member,Female,Shampoo,Personal Care,7,158.15,Card,4.5,1107.05
INV3956,2026-01-17,C,Mumbai,Normal,Female,Rice,Grocery,9,62.64,Cash,3.7,563.76
INV3957,2026-05-26,B,Delhi,Member,Female,Biscuits,Snacks,5,32.62,UPI,3.2,163.1
INV3958,2026-03-20,B,Delhi,Member,Female,Apples,Fruits,8,165.18,Net Banking,3.9,1321.44
INV3959,2026-03-26,A,Jaipur,Member,Male,Eggs,Dairy,4,98.23,Card,4.7,392.92
INV3960,2026-04-10,C,Mumbai,Member,Male,Noodles,Grocery,4,64.51,Cash,4.5,258.04
INV3961,2026-06-27,D,Bengaluru,Normal,Female,Potato,Vegetables,7,32.33,Card,4.8,226.31
INV3962,2026-05-18,C,Mumbai,Normal,Female,Apples,Fruits,8,121.05,Net Banking,4.5,968.4
INV3963,2026-01-06,D,Bengaluru,Normal,Female,Cooking Oil,Grocery,4,166.09,Card,3.7,664.36
INV3964,2026-03-29,D,Bengaluru,Normal,Female,Noodles,Grocery,1,61.69,Net Banking,4.9,61.69
INV3965,2026-03-24,D,Bengaluru,Normal,Female,Shampoo,Personal Care,4,182.57,Cash,3.5,730.28
INV3966,2026-01-22,D,Bengaluru,Member,Male,Chocolate,Snacks,8,53.49,Net Banking,4.6,427.92
INV3967,2026-05-03,D,Bengaluru,Member,Female,Biscuits,Snacks,10,27.73,Cash,3.5,277.3
INV3968,2026-03-08,D,Bengaluru,Member,Female,Bread,Bakery,10,45.05,Net Banking,4.6,450.5
INV3969,2026-03-23,A,Jaipur,Normal,Female,Eggs,Dairy,10,77.94,Card,4.9,779.4
INV3970,2026-03-10,A,Jaipur,Member,Female,Coffee,Beverages,5,199.75,Net Banking,3.9,998.75
INV3971,2026-03-14,A,Jaipur,Normal,Male,Bread,Bakery,1,35.37,Net Banking,4.6,35.37
INV3972,2026-05-15,D,Bengaluru,Normal,Male,Noodles,Grocery,1,50.53,Card,3.8,50.53
INV3973,2026-01-08,B,Delhi,Member,Male,Cooking Oil,Grocery,7,131.78,UPI,4.6,922.46
INV3974,2026-03-27,C,Mumbai,Member,Male,Chips,Snacks,2,32.81,Net Banking,3.2,65.62
INV3975,2026-05-15,C,Mumbai,Normal,Male,Soap,Personal Care,6,39.81,Cash,3.8,238.86
INV3976,2026-05-13,B,Delhi,Normal,Male,Tea,Beverages,4,123.18,Net Banking,4.2,492.72
INV3977,2026-02-07,D,Bengaluru,Member,Male,Bananas,Fruits,6,58.79,UPI,3.7,352.74
INV3978,2026-02-28,A,Jaipur,Normal,Female,Tea,Beverages,8,103.06,Cash,5.0,824.48
INV3979,2026-02-24,C,Mumbai,Member,Male,Rice,Grocery,3,74.53,Card,3.8,223.59
INV3980,2026-03-26,A,Jaipur,Member,Male,Apples,Fruits,8,141.0,Card,4.1,1128.0
INV3981,2026-02-06,B,Delhi,Normal,Male,Chocolate,Snacks,3,57.41,Card,4.2,172.23
INV3982,2026-03-28,A,Jaipur,Member,Male,Face Wash,Personal Care,3,103.73,Cash,4.8,311.19
INV3983,2026-05-13,B,Delhi,Normal,Male,Rice,Grocery,4,72.92,Net Banking,3.1,291.68
INV3984,2026-01-22,A,Jaipur,Normal,Male,Coffee,Beverages,10,188.49,Cash,3.5,1884.9
INV3985,2026-06-14,D,Bengaluru,Member,Female,Cooking Oil,Grocery,4,155.54,Cash,3.9,622.16
INV3986,2026-06-17,B,Delhi,Member,Female,Soap,Personal Care,10,39.93,UPI,4.9,399.3
INV3987,2026-04-14,A,Jaipur,Normal,Female,Cold Drink,Beverages,5,72.4,Cash,4.5,362.0
INV3988,2026-05-10,B,Delhi,Member,Female,Tomato,Vegetables,7,51.45,Card,4.8,360.15
INV3989,2026-01-31,C,Mumbai,Normal,Female,Potato,Vegetables,3,39.78,Cash,3.5,119.34
INV3990,2026-02-25,D,Bengaluru,Normal,Male,Cold Drink,Beverages,10,60.23,UPI,5.0,602.3
INV3991,2026-01-01,D,Bengaluru,Member,Female,Chocolate,Snacks,2,52.86,Cash,3.0,105.72
INV3992,2026-03-30,B,Delhi,Member,Male,Bananas,Fruits,6,60.86,Cash,3.2,365.16
INV3993,2026-03-08,C,Mumbai,Member,Female,Apples,Fruits,1,140.12,Card,4.0,140.12
INV3994,2026-02-09,B,Delhi,Member,Female,Tomato,Vegetables,8,43.81,Cash,3.9,350.48
INV3995,2026-04-25,B,Delhi,Member,Female,Potato,Vegetables,9,35.69,Net Banking,4.2,321.21
INV3996,2026-05-19,D,Bengaluru,Member,Female,Rice,Grocery,6,60.83,Card,3.1,364.98
INV3997,2026-03-07,A,Jaipur,Normal,Female,Apples,Fruits,6,164.65,UPI,4.1,987.9
INV3998,2026-01-16,C,Mumbai,Normal,Female,Apples,Fruits,10,165.8,UPI,4.9,1658.0
INV3999,2026-06-06,C,Mumbai,Normal,Male,Milk,Dairy,9,62.11,UPI,3.3,558.99
INV4000,2026-06-16,A,Jaipur,Member,Female,Milk,Dairy,6,47.85,Cash,3.2,287.1
INV4001,2026-03-06,C,Mumbai,Member,Female,Bananas,Fruits,8,54.04,Net Banking,4.6,432.32
INV4002,2026-02-02,A,Jaipur,Member,Female,Milk,Dairy,5,49.76,Card,4.1,248.8
INV4003,2026-06-21,C,Mumbai,Normal,Female,Cheese,Dairy,6,229.58,Net Banking,4.1,1377.48
INV4004,2026-03-15,A,Jaipur,Member,Male,Cold Drink,Beverages,1,76.96,Net Banking,3.8,76.96
INV4005,2026-03-06,A,Jaipur,Member,Male,Potato,Vegetables,4,34.34,UPI,4.6,137.36
INV4006,2026-02-18,B,Delhi,Member,Female,Biscuits,Snacks,2,25.31,UPI,4.6,50.62
INV4007,2026-05-17,A,Jaipur,Normal,Female,Rice,Grocery,6,61.02,Net Banking,3.3,366.12
INV4008,2026-05-14,B,Delhi,Normal,Male,Eggs,Dairy,4,100.46,Net Banking,3.1,401.84
INV4009,2026-03-16,D,Bengaluru,Normal,Female,Noodles,Grocery,1,53.24,Card,4.6,53.24
INV4010,2026-06-12,A,Jaipur,Member,Female,Bread,Bakery,3,46.6,UPI,3.4,139.8
INV4011,2026-01-04,A,Jaipur,Member,Female,Eggs,Dairy,6,81.01,UPI,5.0,486.06
INV4012,2026-04-20,B,Delhi,Normal,Male,Shampoo,Personal Care,6,187.69,Cash,3.6,1126.14
INV4013,2026-04-27,C,Mumbai,Normal,Male,Apples,Fruits,10,117.86,UPI,3.8,1178.6
INV4014,2026-01-15,A,Jaipur,Normal,Male,Cheese,Dairy,10,251.94,Card,3.5,2519.4
INV4015,2026-03-17,C,Mumbai,Member,Male,Cold Drink,Beverages,2,65.45,Cash,3.9,130.9
INV4016,2026-06-07,C,Mumbai,Member,Female,Biscuits,Snacks,8,28.88,Card,3.6,231.04
INV4017,2026-04-08,B,Delhi,Normal,Male,Coffee,Beverages,6,173.02,UPI,4.8,1038.12
INV4018,2026-01-05,B,Delhi,Normal,Female,Potato,Vegetables,9,39.72,UPI,3.8,357.48
INV4019,2026-01-07,B,Delhi,Member,Male,Tea,Beverages,8,130.53,Net Banking,4.6,1044.24
INV4020,2026-05-13,D,Bengaluru,Normal,Male,Tea,Beverages,5,114.83,Net Banking,3.9,574.15
INV4021,2026-03-23,B,Delhi,Normal,Female,Bread,Bakery,10,39.12,Card,3.0,391.2
INV4022,2026-03-13,A,Jaipur,Normal,Female,Potato,Vegetables,5,34.28,Cash,3.3,171.4
INV4023,2026-04-04,B,Delhi,Normal,Male,Chips,Snacks,8,37.12,UPI,4.6,296.96
INV4024,2026-06-30,C,Mumbai,Member,Male,Chips,Snacks,7,36.33,Net Banking,4.8,254.31
INV4025,2026-03-23,D,Bengaluru,Member,Female,Rice,Grocery,1,59.33,Net Banking,5.0,59.33
INV4026,2026-04-02,D,Bengaluru,Member,Male,Rice,Grocery,1,60.35,UPI,3.7,60.35
INV4027,2026-06-16,C,Mumbai,Normal,Male,Cold Drink,Beverages,8,73.29,UPI,4.0,586.32
INV4028,2026-06-10,B,Delhi,Normal,Male,Biscuits,Snacks,9,26.98,Cash,3.7,242.82
INV4029,2026-06-09,B,Delhi,Member,Male,Potato,Vegetables,2,39.43,Net Banking,4.6,78.86
INV4030,2026-04-29,B,Delhi,Normal,Female,Shampoo,Personal Care,5,157.06,Cash,3.1,785.3
INV4031,2026-02-11,A,Jaipur,Member,Female,Rice,Grocery,3,80.0,Cash,3.5,240.0
INV4032,2026-06-15,C,Mumbai,Normal,Male,Bread,Bakery,4,46.75,UPI,3.8,187.0
INV4033,2026-03-16,A,Jaipur,Normal,Male,Cold Drink,Beverages,9,71.97,Cash,4.0,647.73
INV4034,2026-01-15,A,Jaipur,Normal,Female,Bananas,Fruits,4,56.6,UPI,3.1,226.4
INV4035,2026-03-04,B,Delhi,Member,Female,Shampoo,Personal Care,1,158.86,Card,3.7,158.86
INV4036,2026-06-12,C,Mumbai,Member,Male,Bread,Bakery,5,45.12,Cash,4.7,225.6
INV4037,2026-04-26,C,Mumbai,Normal,Female,Chips,Snacks,1,33.75,Net Banking,3.3,33.75
INV4038,2026-02-08,D,Bengaluru,Normal,Male,Bananas,Fruits,1,64.17,Net Banking,4.2,64.17
INV4039,2026-01-06,B,Delhi,Member,Male,Bananas,Fruits,9,64.83,Card,4.0,583.47
INV4040,2026-05-09,C,Mumbai,Member,Female,Face Wash,Personal Care,8,123.14,Card,3.4,985.12
INV4041,2026-03-13,B,Delhi,Member,Female,Cooking Oil,Grocery,4,167.93,Cash,4.9,671.72
INV4042,2026-06-02,B,Delhi,Normal,Male,Tomato,Vegetables,3,46.32,Net Banking,4.9,138.96
INV4043,2026-01-12,D,Bengaluru,Member,Male,Chocolate,Snacks,9,54.69,Net Banking,4.7,492.21
INV4044,2026-01-14,D,Bengaluru,Normal,Male,Tea,Beverages,1,125.44,UPI,3.0,125.44
INV4045,2026-03-06,C,Mumbai,Member,Male,Biscuits,Snacks,1,27.3,UPI,4.1,27.3
INV4046,2026-05-27,C,Mumbai,Normal,Female,Shampoo,Personal Care,2,168.84,Net Banking,5.0,337.68
INV4047,2026-02-08,C,Mumbai,Member,Female,Bananas,Fruits,5,50.71,UPI,4.4,253.55
INV4048,2026-02-05,B,Delhi,Member,Female,Cheese,Dairy,3,258.8,UPI,4.8,776.4
INV4049,2026-02-12,D,Bengaluru,Member,Female,Cooking Oil,Grocery,2,145.19,UPI,3.4,290.38
INV4050,2026-05-05,D,Bengaluru,Member,Male,Cheese,Dairy,1,249.19,Card,4.6,249.19
INV4051,2026-02-28,A,Jaipur,Member,Male,Bread,Bakery,5,40.93,Net Banking,3.3,204.65
INV4052,2026-05-06,B,Delhi,Member,Female,Tomato,Vegetables,10,46.78,Net Banking,3.9,467.8
INV4053,2026-01-21,A,Jaipur,Member,Male,Shampoo,Personal Care,8,190.77,Net Banking,3.4,1526.16
INV4054,2026-06-24,A,Jaipur,Normal,Male,Bread,Bakery,10,45.77,UPI,3.0,457.7
INV4055,2026-05-14,A,Jaipur,Normal,Female,Noodles,Grocery,8,55.05,Cash,5.0,440.4
INV4056,2026-01-13,D,Bengaluru,Normal,Male,Tea,Beverages,10,111.16,Cash,4.0,1111.6
INV4057,2026-01-01,C,Mumbai,Member,Male,Bananas,Fruits,9,54.49,UPI,3.0,490.41
INV4058,2026-06-27,D,Bengaluru,Normal,Male,Potato,Vegetables,5,38.98,Card,4.4,194.9
INV4059,2026-05-30,D,Bengaluru,Normal,Female,Cooking Oil,Grocery,4,148.81,Card,4.6,595.24
INV4060,2026-01-20,D,Bengaluru,Normal,Male,Bread,Bakery,2,41.23,Net Banking,3.6,82.46
INV4061,2026-05-11,C,Mumbai,Member,Female,Potato,Vegetables,1,33.41,Cash,3.9,33.41
INV4062,2026-06-08,D,Bengaluru,Member,Female,Potato,Vegetables,5,40.69,Card,4.6,203.45
INV4063,2026-01-26,C,Mumbai,Member,Male,Noodles,Grocery,6,60.8,Cash,3.9,364.8
INV4064,2026-03-17,D,Bengaluru,Member,Female,Tomato,Vegetables,3,41.3,Cash,3.7,123.9
INV4065,2026-03-02,B,Delhi,Member,Female,Milk,Dairy,9,57.31,Card,3.4,515.79
INV4066,2026-05-12,A,Jaipur,Normal,Male,Rice,Grocery,2,65.18,UPI,4.4,130.36
INV4067,2026-05-23,D,Bengaluru,Normal,Female,Bread,Bakery,6,38.86,Net Banking,3.5,233.16
INV4068,2026-03-21,A,Jaipur,Member,Male,Shampoo,Personal Care,7,200.35,Net Banking,4.7,1402.45
INV4069,2026-04-30,B,Delhi,Normal,Female,Face Wash,Personal Care,4,101.42,Card,4.5,405.68
INV4070,2026-05-10,C,Mumbai,Normal,Female,Cheese,Dairy,2,227.64,UPI,3.1,455.28
INV4071,2026-02-25,D,Bengaluru,Normal,Male,Biscuits,Snacks,4,33.26,Card,4.4,133.04
INV4072,2026-06-02,A,Jaipur,Normal,Female,Bread,Bakery,2,34.2,Card,3.6,68.4
INV4073,2026-03-10,B,Delhi,Member,Male,Eggs,Dairy,7,89.93,Cash,3.6,629.51
INV4074,2026-04-04,A,Jaipur,Member,Male,Eggs,Dairy,6,92.99,Cash,4.9,557.94
INV4075,2026-06-28,A,Jaipur,Normal,Female,Eggs,Dairy,6,93.28,Net Banking,3.4,559.68
INV4076,2026-05-03,D,Bengaluru,Member,Male,Biscuits,Snacks,3,29.09,Cash,5.0,87.27
INV4077,2026-05-31,C,Mumbai,Normal,Male,Shampoo,Personal Care,7,182.46,Cash,5.0,1277.22
INV4078,2026-01-04,B,Delhi,Member,Female,Biscuits,Snacks,2,29.76,UPI,4.7,59.52
INV4079,2026-04-10,D,Bengaluru,Normal,Female,Biscuits,Snacks,3,34.15,Card,4.8,102.45
INV4080,2026-04-29,C,Mumbai,Member,Male,Milk,Dairy,2,45.99,Card,4.7,91.98
INV4081,2026-02-10,D,Bengaluru,Normal,Male,Cold Drink,Beverages,7,54.15,UPI,3.7,379.05
INV4082,2026-04-14,C,Mumbai,Member,Male,Cheese,Dairy,4,209.56,Cash,4.2,838.24
INV4083,2026-05-13,B,Delhi,Normal,Male,Tea,Beverages,4,130.6,Cash,3.2,522.4
INV4084,2026-02-06,A,Jaipur,Normal,Male,Cold Drink,Beverages,6,68.35,Card,3.5,410.1
INV4085,2026-01-20,C,Mumbai,Normal,Male,Chocolate,Snacks,5,55.79,Net Banking,4.4,278.95
INV4086,2026-05-07,A,Jaipur,Normal,Female,Potato,Vegetables,9,37.87,Card,4.1,340.83
INV4087,2026-05-19,A,Jaipur,Normal,Male,Rice,Grocery,10,74.08,Net Banking,4.1,740.8
INV4088,2026-03-28,D,Bengaluru,Member,Male,Coffee,Beverages,3,187.74,Cash,4.6,563.22
INV4089,2026-05-22,C,Mumbai,Member,Female,Apples,Fruits,3,150.46,Net Banking,4.6,451.38
INV4090,2026-04-23,B,Delhi,Normal,Male,Cold Drink,Beverages,10,72.09,Net Banking,3.6,720.9
INV4091,2026-01-08,A,Jaipur,Normal,Female,Eggs,Dairy,9,91.0,Net Banking,4.1,819.0
INV4092,2026-06-06,B,Delhi,Member,Female,Chocolate,Snacks,3,43.49,Net Banking,4.0,130.47
INV4093,2026-02-22,C,Mumbai,Normal,Male,Cooking Oil,Grocery,8,142.68,Net Banking,3.8,1141.44
INV4094,2026-06-29,B,Delhi,Member,Male,Face Wash,Personal Care,9,107.28,Card,3.8,965.52
INV4095,2026-05-16,B,Delhi,Normal,Male,Shampoo,Personal Care,3,207.5,UPI,3.5,622.5
INV4096,2026-06-20,B,Delhi,Member,Female,Bread,Bakery,3,42.89,Cash,4.9,128.67
INV4097,2026-06-03,C,Mumbai,Normal,Female,Soap,Personal Care,3,41.09,Card,4.3,123.27
INV4098,2026-04-22,D,Bengaluru,Normal,Female,Coffee,Beverages,2,190.49,UPI,3.1,380.98
INV4099,2026-02-02,A,Jaipur,Normal,Male,Eggs,Dairy,7,88.07,Card,4.6,616.49
INV4100,2026-04-10,A,Jaipur,Normal,Female,Milk,Dairy,3,51.0,UPI,3.9,153.0
INV4101,2026-05-25,D,Bengaluru,Normal,Female,Tomato,Vegetables,9,39.89,Card,3.9,359.01
INV4102,2026-06-29,C,Mumbai,Normal,Male,Potato,Vegetables,4,36.27,Cash,4.7,145.08
INV4103,2026-01-08,D,Bengaluru,Member,Female,Bread,Bakery,3,35.31,Cash,3.1,105.93
INV4104,2026-06-17,A,Jaipur,Normal,Female,Bread,Bakery,10,43.66,Net Banking,5.0,436.6
INV4105,2026-06-01,A,Jaipur,Member,Female,Cold Drink,Beverages,4,56.01,UPI,4.2,224.04
INV4106,2026-05-28,B,Delhi,Normal,Female,Coffee,Beverages,6,190.79,Card,4.7,1144.74
INV4107,2026-03-14,C,Mumbai,Member,Male,Biscuits,Snacks,4,32.41,Net Banking,3.6,129.64
INV4108,2026-03-13,C,Mumbai,Normal,Female,Cooking Oil,Grocery,5,149.75,Card,4.2,748.75
INV4109,2026-02-06,C,Mumbai,Member,Female,Bananas,Fruits,4,56.3,Cash,4.1,225.2
INV4110,2026-05-29,D,Bengaluru,Member,Male,Chips,Snacks,9,31.82,Cash,4.6,286.38
INV4111,2026-05-16,D,Bengaluru,Normal,Female,Eggs,Dairy,10,95.48,UPI,5.0,954.8
INV4112,2026-01-21,D,Bengaluru,Normal,Male,Rice,Grocery,1,61.96,Card,3.5,61.96
INV4113,2026-03-05,D,Bengaluru,Normal,Male,Cooking Oil,Grocery,2,133.23,Card,3.5,266.46
INV4114,2026-06-30,C,Mumbai,Normal,Female,Cheese,Dairy,9,254.06,Net Banking,3.1,2286.54
INV4115,2026-06-28,B,Delhi,Member,Female,Soap,Personal Care,2,44.63,Cash,3.5,89.26
INV4116,2026-02-03,D,Bengaluru,Normal,Female,Potato,Vegetables,10,40.14,Net Banking,3.5,401.4
INV4117,2026-06-06,C,Mumbai,Normal,Male,Bread,Bakery,7,36.94,Net Banking,4.3,258.58
INV4118,2026-06-26,D,Bengaluru,Member,Female,Potato,Vegetables,6,40.23,UPI,4.7,241.38
INV4119,2026-06-30,A,Jaipur,Normal,Female,Biscuits,Snacks,8,26.56,Net Banking,3.2,212.48
INV4120,2026-05-12,B,Delhi,Normal,Male,Noodles,Grocery,6,57.38,UPI,3.8,344.28
INV4121,2026-04-20,C,Mumbai,Member,Female,Rice,Grocery,3,66.25,Cash,3.6,198.75
INV4122,2026-03-02,B,Delhi,Normal,Male,Cooking Oil,Grocery,5,171.05,Net Banking,3.5,855.25
INV4123,2026-05-14,B,Delhi,Normal,Male,Noodles,Grocery,7,48.12,Net Banking,4.8,336.84
INV4124,2026-05-03,B,Delhi,Member,Male,Biscuits,Snacks,4,30.32,Net Banking,4.7,121.28
INV4125,2026-01-09,A,Jaipur,Normal,Female,Bread,Bakery,3,35.61,Net Banking,3.5,106.83
INV4126,2026-02-14,B,Delhi,Normal,Male,Face Wash,Personal Care,9,130.05,Cash,3.5,1170.45
INV4127,2026-01-19,B,Delhi,Normal,Female,Milk,Dairy,10,61.74,UPI,3.6,617.4
INV4128,2026-03-15,C,Mumbai,Member,Female,Chips,Snacks,10,35.21,Cash,4.5,352.1
INV4129,2026-02-19,C,Mumbai,Normal,Female,Face Wash,Personal Care,3,108.97,UPI,4.8,326.91
INV4130,2026-05-15,A,Jaipur,Member,Male,Bread,Bakery,6,39.93,UPI,3.6,239.58
INV4131,2026-02-20,D,Bengaluru,Member,Male,Potato,Vegetables,10,37.02,Net Banking,4.8,370.2
INV4132,2026-02-10,C,Mumbai,Normal,Male,Potato,Vegetables,10,29.82,Net Banking,4.7,298.2
INV4133,2026-05-11,B,Delhi,Member,Male,Cheese,Dairy,9,197.32,Net Banking,4.4,1775.88
INV4134,2026-03-07,D,Bengaluru,Normal,Female,Coffee,Beverages,10,197.25,UPI,4.7,1972.5
INV4135,2026-06-09,B,Delhi,Normal,Male,Shampoo,Personal Care,8,163.34,Card,3.7,1306.72
INV4136,2026-03-01,A,Jaipur,Normal,Male,Chocolate,Snacks,9,53.75,Card,3.5,483.75
INV4137,2026-06-04,B,Delhi,Member,Male,Face Wash,Personal Care,8,123.89,Card,4.9,991.12
INV4138,2026-02-02,A,Jaipur,Normal,Male,Apples,Fruits,6,149.88,Cash,4.1,899.28
INV4139,2026-04-04,D,Bengaluru,Member,Female,Bread,Bakery,1,35.8,UPI,4.1,35.8
INV4140,2026-05-09,D,Bengaluru,Member,Female,Shampoo,Personal Care,7,155.22,Card,3.4,1086.54
INV4141,2026-06-29,C,Mumbai,Member,Male,Soap,Personal Care,9,39.12,UPI,3.3,352.08
INV4142,2026-05-25,C,Mumbai,Normal,Female,Biscuits,Snacks,5,33.23,UPI,4.3,166.15
INV4143,2026-04-14,C,Mumbai,Member,Male,Biscuits,Snacks,10,31.87,Cash,4.3,318.7
INV4144,2026-03-10,B,Delhi,Member,Male,Eggs,Dairy,4,85.07,Net Banking,4.2,340.28
INV4145,2026-01-12,B,Delhi,Member,Male,Soap,Personal Care,4,47.16,Net Banking,4.1,188.64
INV4146,2026-06-20,D,Bengaluru,Member,Male,Rice,Grocery,7,64.37,Cash,3.6,450.59
INV4147,2026-06-15,C,Mumbai,Member,Female,Biscuits,Snacks,3,32.36,Cash,3.4,97.08
INV4148,2026-03-10,D,Bengaluru,Member,Male,Tea,Beverages,2,114.47,UPI,3.4,228.94
INV4149,2026-02-16,A,Jaipur,Normal,Male,Cheese,Dairy,7,230.98,Card,4.0,1616.86
INV4150,2026-01-21,D,Bengaluru,Member,Female,Tea,Beverages,7,126.62,UPI,3.5,886.34
INV4151,2026-01-14,C,Mumbai,Normal,Male,Tea,Beverages,1,116.46,UPI,3.1,116.46
INV4152,2026-01-06,B,Delhi,Normal,Male,Eggs,Dairy,2,86.89,Card,3.7,173.78
INV4153,2026-01-07,C,Mumbai,Normal,Female,Cooking Oil,Grocery,6,175.99,Net Banking,4.6,1055.94
INV4154,2026-05-21,A,Jaipur,Member,Female,Cheese,Dairy,3,215.7,UPI,4.5,647.1
INV4155,2026-02-27,D,Bengaluru,Normal,Female,Tea,Beverages,7,120.36,Net Banking,3.7,842.52
INV4156,2026-04-11,D,Bengaluru,Normal,Female,Cheese,Dairy,8,226.76,Net Banking,3.9,1814.08
INV4157,2026-01-29,B,Delhi,Member,Male,Shampoo,Personal Care,6,198.41,Net Banking,4.6,1190.46
INV4158,2026-04-27,B,Delhi,Member,Male,Tomato,Vegetables,6,42.95,UPI,3.9,257.7
INV4159,2026-06-13,C,Mumbai,Normal,Male,Milk,Dairy,2,51.2,Card,3.2,102.4
INV4160,2026-04-29,A,Jaipur,Normal,Male,Shampoo,Personal Care,5,152.92,Card,5.0,764.6
INV4161,2026-05-03,A,Jaipur,Normal,Female,Chips,Snacks,4,38.99,Net Banking,3.9,155.96
INV4162,2026-04-20,C,Mumbai,Member,Female,Milk,Dairy,7,53.63,Net Banking,3.4,375.41
INV4163,2026-02-19,C,Mumbai,Member,Male,Shampoo,Personal Care,9,188.54,Card,5.0,1696.86
INV4164,2026-05-31,B,Delhi,Member,Female,Tea,Beverages,4,133.67,Cash,3.2,534.68
INV4165,2026-04-05,C,Mumbai,Normal,Female,Face Wash,Personal Care,3,139.16,Cash,3.7,417.48
INV4166,2026-03-08,B,Delhi,Member,Male,Soap,Personal Care,4,44.13,Net Banking,4.3,176.52
INV4167,2026-03-15,D,Bengaluru,Member,Male,Face Wash,Personal Care,3,128.67,Card,3.9,386.01
INV4168,2026-05-23,C,Mumbai,Member,Female,Cooking Oil,Grocery,3,137.15,Cash,3.9,411.45
INV4169,2026-05-09,B,Delhi,Normal,Female,Coffee,Beverages,8,200.48,Card,3.6,1603.84
INV4170,2026-01-30,A,Jaipur,Member,Female,Cheese,Dairy,2,195.91,UPI,4.1,391.82
INV4171,2026-01-03,B,Delhi,Normal,Male,Cold Drink,Beverages,7,59.32,Net Banking,4.8,415.24
INV4172,2026-01-15,A,Jaipur,Normal,Male,Cold Drink,Beverages,6,62.12,Cash,3.4,372.72
INV4173,2026-05-30,B,Delhi,Member,Female,Bananas,Fruits,1,55.68,Net Banking,3.4,55.68
INV4174,2026-02-09,D,Bengaluru,Member,Female,Milk,Dairy,5,63.57,UPI,4.6,317.85
INV4175,2026-02-12,C,Mumbai,Member,Male,Coffee,Beverages,8,204.63,Card,3.7,1637.04
INV4176,2026-01-27,A,Jaipur,Normal,Female,Bananas,Fruits,7,60.49,Net Banking,3.9,423.43
INV4177,2026-02-13,C,Mumbai,Normal,Female,Noodles,Grocery,1,62.83,Cash,3.3,62.83
INV4178,2026-03-17,D,Bengaluru,Normal,Female,Potato,Vegetables,5,35.42,UPI,4.2,177.1
INV4179,2026-01-04,A,Jaipur,Normal,Female,Apples,Fruits,2,147.84,Cash,3.4,295.68
INV4180,2026-05-10,D,Bengaluru,Member,Male,Rice,Grocery,9,70.21,Card,4.6,631.89
INV4181,2026-03-29,C,Mumbai,Member,Male,Milk,Dairy,10,47.06,Cash,3.2,470.6
INV4182,2026-02-24,B,Delhi,Normal,Female,Bananas,Fruits,1,52.66,Cash,4.3,52.66
INV4183,2026-03-06,D,Bengaluru,Normal,Male,Rice,Grocery,2,75.35,Cash,3.9,150.7
INV4184,2026-02-06,D,Bengaluru,Normal,Male,Noodles,Grocery,4,62.67,UPI,3.0,250.68
INV4185,2026-02-13,A,Jaipur,Normal,Female,Cold Drink,Beverages,10,58.66,Cash,4.7,586.6
INV4186,2026-05-01,B,Delhi,Member,Male,Milk,Dairy,9,51.12,Cash,4.1,460.08
INV4187,2026-03-30,B,Delhi,Member,Female,Shampoo,Personal Care,8,186.67,UPI,4.8,1493.36
INV4188,2026-01-10,D,Bengaluru,Member,Female,Milk,Dairy,9,56.71,UPI,5.0,510.39
INV4189,2026-03-01,C,Mumbai,Member,Male,Tea,Beverages,10,132.45,UPI,4.0,1324.5
INV4190,2026-02-16,B,Delhi,Normal,Female,Chips,Snacks,6,33.82,Card,4.9,202.92
INV4191,2026-03-03,A,Jaipur,Normal,Male,Eggs,Dairy,5,92.74,UPI,3.9,463.7
INV4192,2026-03-25,D,Bengaluru,Member,Female,Biscuits,Snacks,4,29.35,Card,3.8,117.4
INV4193,2026-03-30,A,Jaipur,Member,Female,Bread,Bakery,4,34.93,UPI,4.6,139.72
INV4194,2026-06-27,A,Jaipur,Member,Female,Cooking Oil,Grocery,7,170.96,UPI,4.1,1196.72
INV4195,2026-05-13,C,Mumbai,Member,Male,Rice,Grocery,6,59.93,Net Banking,3.7,359.58
INV4196,2026-02-16,A,Jaipur,Member,Female,Noodles,Grocery,10,46.73,Net Banking,4.1,467.3
INV4197,2026-01-15,A,Jaipur,Member,Male,Cooking Oil,Grocery,9,166.52,Net Banking,4.5,1498.68
INV4198,2026-05-04,C,Mumbai,Normal,Female,Face Wash,Personal Care,3,105.26,Net Banking,4.1,315.78
INV4199,2026-03-11,C,Mumbai,Normal,Female,Cold Drink,Beverages,8,67.39,UPI,3.2,539.12
INV4200,2026-05-15,C,Mumbai,Member,Female,Noodles,Grocery,5,62.19,UPI,3.6,310.95
INV4201,2026-05-31,C,Mumbai,Member,Female,Eggs,Dairy,8,94.4,Card,4.5,755.2
INV4202,2026-06-30,A,Jaipur,Normal,Female,Shampoo,Personal Care,9,171.31,UPI,3.9,1541.79
INV4203,2026-02-15,A,Jaipur,Normal,Male,Eggs,Dairy,5,75.95,Card,3.4,379.75
INV4204,2026-01-03,B,Delhi,Member,Female,Face Wash,Personal Care,7,106.31,Cash,3.9,744.17
INV4205,2026-01-01,A,Jaipur,Normal,Female,Milk,Dairy,7,64.33,Cash,3.5,450.31
INV4206,2026-05-14,A,Jaipur,Normal,Male,Bread,Bakery,5,34.76,UPI,5.0,173.8
INV4207,2026-05-11,B,Delhi,Normal,Female,Coffee,Beverages,5,161.61,Cash,3.1,808.05
INV4208,2026-02-23,A,Jaipur,Normal,Male,Tomato,Vegetables,2,42.48,UPI,3.3,84.96
INV4209,2026-05-31,A,Jaipur,Normal,Male,Eggs,Dairy,9,87.26,Card,3.2,785.34
INV4210,2026-06-29,D,Bengaluru,Normal,Male,Noodles,Grocery,9,64.06,Net Banking,3.2,576.54
INV4211,2026-01-14,D,Bengaluru,Normal,Male,Chips,Snacks,10,29.46,Cash,4.1,294.6
INV4212,2026-01-19,A,Jaipur,Normal,Male,Chocolate,Snacks,4,43.5,UPI,4.9,174.0
INV4213,2026-02-27,D,Bengaluru,Normal,Male,Potato,Vegetables,4,37.39,Net Banking,5.0,149.56
INV4214,2026-03-08,D,Bengaluru,Normal,Male,Milk,Dairy,7,46.51,Card,4.2,325.57
INV4215,2026-01-22,D,Bengaluru,Member,Male,Chips,Snacks,10,40.92,UPI,3.4,409.2
INV4216,2026-05-16,C,Mumbai,Member,Male,Milk,Dairy,9,64.52,Cash,3.3,580.68
INV4217,2026-01-30,B,Delhi,Normal,Male,Noodles,Grocery,5,59.96,Card,4.7,299.8
INV4218,2026-01-19,A,Jaipur,Member,Male,Tea,Beverages,5,107.57,UPI,3.6,537.85
INV4219,2026-02-06,B,Delhi,Member,Male,Rice,Grocery,6,81.25,Cash,3.8,487.5
INV4220,2026-04-13,C,Mumbai,Normal,Female,Face Wash,Personal Care,10,124.38,Card,4.5,1243.8
INV4221,2026-02-13,B,Delhi,Member,Female,Eggs,Dairy,2,93.55,Card,3.5,187.1
INV4222,2026-03-06,C,Mumbai,Normal,Female,Rice,Grocery,10,64.29,Net Banking,3.4,642.9
INV4223,2026-06-15,D,Bengaluru,Member,Male,Bananas,Fruits,5,63.46,Net Banking,3.7,317.3
INV4224,2026-05-25,C,Mumbai,Member,Male,Tea,Beverages,9,112.62,Net Banking,3.1,1013.58
INV4225,2026-02-02,C,Mumbai,Member,Female,Biscuits,Snacks,5,32.72,UPI,3.9,163.6
INV4226,2026-01-30,B,Delhi,Normal,Male,Potato,Vegetables,4,35.66,Card,5.0,142.64
INV4227,2026-05-09,B,Delhi,Member,Male,Tomato,Vegetables,5,50.95,Net Banking,4.8,254.75
INV4228,2026-05-08,C,Mumbai,Normal,Female,Coffee,Beverages,2,162.62,Cash,3.3,325.24
INV4229,2026-05-03,C,Mumbai,Member,Male,Bananas,Fruits,10,60.23,UPI,4.8,602.3
INV4230,2026-04-18,A,Jaipur,Member,Female,Cold Drink,Beverages,6,61.72,Net Banking,3.1,370.32
INV4231,2026-01-21,B,Delhi,Normal,Female,Bread,Bakery,7,37.06,UPI,3.5,259.42
INV4232,2026-02-05,C,Mumbai,Member,Male,Bananas,Fruits,10,55.37,Card,3.6,553.7
INV4233,2026-05-26,B,Delhi,Normal,Male,Rice,Grocery,9,75.17,Cash,3.7,676.53
INV4234,2026-01-28,D,Bengaluru,Normal,Male,Shampoo,Personal Care,6,198.92,Card,4.1,1193.52
INV4235,2026-03-29,B,Delhi,Normal,Female,Rice,Grocery,5,70.34,Cash,3.8,351.7
INV4236,2026-01-31,D,Bengaluru,Normal,Male,Chips,Snacks,2,40.88,Card,4.9,81.76
INV4237,2026-04-04,D,Bengaluru,Member,Male,Potato,Vegetables,2,40.79,UPI,4.3,81.58
INV4238,2026-05-27,C,Mumbai,Normal,Male,Cooking Oil,Grocery,7,137.86,Card,3.5,965.02
INV4239,2026-05-04,D,Bengaluru,Normal,Female,Rice,Grocery,3,78.75,Cash,3.2,236.25
INV4240,2026-03-19,A,Jaipur,Normal,Male,Bread,Bakery,1,43.04,UPI,3.5,43.04
INV4241,2026-02-25,A,Jaipur,Member,Male,Chips,Snacks,3,33.57,UPI,4.8,100.71
INV4242,2026-06-06,A,Jaipur,Member,Female,Rice,Grocery,8,76.31,Cash,5.0,610.48
INV4243,2026-03-25,D,Bengaluru,Normal,Male,Cooking Oil,Grocery,4,148.84,Cash,3.9,595.36
INV4244,2026-06-19,A,Jaipur,Member,Male,Bread,Bakery,1,36.01,UPI,4.4,36.01
INV4245,2026-02-14,D,Bengaluru,Member,Female,Bread,Bakery,6,45.05,Cash,4.8,270.3
INV4246,2026-05-11,C,Mumbai,Normal,Male,Bread,Bakery,1,35.62,Card,3.1,35.62
INV4247,2026-01-13,A,Jaipur,Normal,Male,Noodles,Grocery,1,47.33,Card,4.2,47.33
INV4248,2026-05-31,C,Mumbai,Member,Male,Noodles,Grocery,4,56.68,Card,4.3,226.72
INV4249,2026-03-07,C,Mumbai,Member,Female,Potato,Vegetables,7,31.6,UPI,3.1,221.2
INV4250,2026-02-21,C,Mumbai,Member,Female,Noodles,Grocery,1,63.4,Card,3.7,63.4
INV4251,2026-05-20,A,Jaipur,Member,Female,Potato,Vegetables,2,31.19,UPI,3.8,62.38
INV4252,2026-06-11,B,Delhi,Normal,Female,Rice,Grocery,10,63.02,Cash,4.1,630.2
INV4253,2026-05-27,D,Bengaluru,Member,Male,Cold Drink,Beverages,1,63.63,Card,5.0,63.63
INV4254,2026-03-06,C,Mumbai,Member,Female,Bananas,Fruits,8,67.59,UPI,4.9,540.72
INV4255,2026-05-01,D,Bengaluru,Member,Male,Tea,Beverages,4,114.38,Net Banking,4.5,457.52
INV4256,2026-03-09,C,Mumbai,Normal,Male,Shampoo,Personal Care,1,173.22,Card,4.8,173.22
INV4257,2026-05-18,D,Bengaluru,Member,Male,Biscuits,Snacks,1,28.02,Card,3.7,28.02
INV4258,2026-05-14,D,Bengaluru,Normal,Male,Milk,Dairy,10,47.64,UPI,4.1,476.4
INV4259,2026-04-14,C,Mumbai,Normal,Female,Milk,Dairy,4,63.25,UPI,4.4,253.0
INV4260,2026-04-19,B,Delhi,Normal,Male,Eggs,Dairy,10,89.97,Cash,4.1,899.7
INV4261,2026-04-02,B,Delhi,Member,Female,Cold Drink,Beverages,10,66.51,UPI,3.4,665.1
INV4262,2026-05-21,C,Mumbai,Member,Female,Chocolate,Snacks,2,52.03,Cash,4.1,104.06
INV4263,2026-06-06,C,Mumbai,Normal,Female,Coffee,Beverages,8,175.69,Net Banking,4.6,1405.52
INV4264,2026-03-18,C,Mumbai,Member,Male,Cheese,Dairy,5,240.13,Cash,4.3,1200.65
INV4265,2026-03-14,B,Delhi,Normal,Female,Face Wash,Personal Care,6,139.74,Card,3.7,838.44
INV4266,2026-01-05,D,Bengaluru,Normal,Male,Rice,Grocery,10,60.83,UPI,4.9,608.3
INV4267,2026-02-07,D,Bengaluru,Member,Male,Bread,Bakery,6,45.24,Net Banking,3.8,271.44
INV4268,2026-06-21,D,Bengaluru,Normal,Female,Milk,Dairy,9,64.63,Net Banking,3.7,581.67
INV4269,2026-01-15,B,Delhi,Normal,Male,Rice,Grocery,1,77.91,UPI,4.7,77.91
INV4270,2026-05-05,B,Delhi,Member,Female,Coffee,Beverages,3,183.2,Card,4.5,549.6
INV4271,2026-03-12,C,Mumbai,Normal,Male,Soap,Personal Care,6,45.49,UPI,3.6,272.94
INV4272,2026-04-28,D,Bengaluru,Member,Male,Soap,Personal Care,7,45.42,UPI,4.1,317.94
INV4273,2026-03-25,B,Delhi,Member,Male,Biscuits,Snacks,7,33.63,UPI,4.8,235.41
INV4274,2026-02-17,B,Delhi,Normal,Male,Rice,Grocery,9,74.39,Cash,4.7,669.51
INV4275,2026-06-29,C,Mumbai,Normal,Female,Potato,Vegetables,6,40.17,Net Banking,4.0,241.02
INV4276,2026-05-25,D,Bengaluru,Member,Female,Cooking Oil,Grocery,6,135.0,Net Banking,4.7,810.0
INV4277,2026-05-18,B,Delhi,Normal,Female,Biscuits,Snacks,5,32.13,Card,5.0,160.65
INV4278,2026-01-19,D,Bengaluru,Member,Male,Chocolate,Snacks,9,57.06,Net Banking,3.9,513.54
INV4279,2026-05-20,B,Delhi,Normal,Male,Bread,Bakery,8,37.1,UPI,4.4,296.8
INV4280,2026-04-08,C,Mumbai,Member,Male,Apples,Fruits,4,132.52,Net Banking,3.1,530.08
INV4281,2026-02-03,B,Delhi,Normal,Female,Potato,Vegetables,9,30.88,Card,3.4,277.92
INV4282,2026-02-19,B,Delhi,Member,Female,Milk,Dairy,1,63.59,Cash,3.5,63.59
INV4283,2026-02-15,A,Jaipur,Normal,Female,Potato,Vegetables,1,37.88,Cash,3.5,37.88
INV4284,2026-01-05,C,Mumbai,Normal,Female,Bananas,Fruits,1,52.81,UPI,3.8,52.81
INV4285,2026-01-16,C,Mumbai,Member,Female,Cold Drink,Beverages,6,69.67,UPI,4.3,418.02
INV4286,2026-03-13,C,Mumbai,Member,Male,Face Wash,Personal Care,7,124.32,Net Banking,4.5,870.24
INV4287,2026-03-17,A,Jaipur,Normal,Female,Eggs,Dairy,2,102.12,Net Banking,3.4,204.24
INV4288,2026-04-26,C,Mumbai,Normal,Male,Apples,Fruits,7,158.17,Card,3.7,1107.19
INV4289,2026-01-31,D,Bengaluru,Normal,Female,Coffee,Beverages,3,153.75,UPI,3.4,461.25
INV4290,2026-01-29,B,Delhi,Normal,Male,Shampoo,Personal Care,3,165.29,Card,3.0,495.87
INV4291,2026-02-16,D,Bengaluru,Member,Male,Cold Drink,Beverages,2,66.65,Cash,3.7,133.3
INV4292,2026-03-15,C,Mumbai,Normal,Female,Rice,Grocery,10,72.61,Net Banking,4.7,726.1
INV4293,2026-05-01,C,Mumbai,Normal,Male,Milk,Dairy,6,57.23,UPI,4.5,343.38
INV4294,2026-04-19,C,Mumbai,Member,Male,Potato,Vegetables,5,36.54,Net Banking,4.6,182.7
INV4295,2026-06-11,A,Jaipur,Normal,Male,Cold Drink,Beverages,8,76.19,UPI,4.1,609.52
INV4296,2026-04-29,A,Jaipur,Member,Male,Cheese,Dairy,8,224.76,Cash,4.6,1798.08
INV4297,2026-04-23,C,Mumbai,Normal,Male,Cold Drink,Beverages,10,54.16,Card,4.3,541.6
INV4298,2026-01-21,A,Jaipur,Member,Male,Cold Drink,Beverages,8,62.88,UPI,3.7,503.04
INV4299,2026-03-27,C,Mumbai,Member,Male,Potato,Vegetables,9,35.93,Net Banking,3.4,323.37
INV4300,2026-01-04,A,Jaipur,Normal,Male,Cold Drink,Beverages,6,74.48,UPI,4.3,446.88
INV4301,2026-05-04,D,Bengaluru,Member,Male,Coffee,Beverages,4,162.63,Card,3.3,650.52
INV4302,2026-03-03,A,Jaipur,Normal,Female,Eggs,Dairy,5,87.69,Cash,4.3,438.45
INV4303,2026-02-14,B,Delhi,Member,Female,Bread,Bakery,3,34.56,Net Banking,3.4,103.68
INV4304,2026-03-30,B,Delhi,Member,Male,Apples,Fruits,9,153.09,Cash,3.6,1377.81
INV4305,2026-02-04,C,Mumbai,Member,Female,Potato,Vegetables,10,40.18,Cash,4.3,401.8
INV4306,2026-04-14,C,Mumbai,Normal,Male,Cooking Oil,Grocery,9,154.62,Card,4.3,1391.58
INV4307,2026-04-16,A,Jaipur,Normal,Female,Chocolate,Snacks,7,58.67,UPI,4.3,410.69
INV4308,2026-04-22,C,Mumbai,Member,Female,Cooking Oil,Grocery,10,169.99,UPI,4.9,1699.9
INV4309,2026-04-08,C,Mumbai,Normal,Female,Tea,Beverages,10,113.07,UPI,3.6,1130.7
INV4310,2026-01-09,B,Delhi,Member,Female,Shampoo,Personal Care,6,202.75,UPI,3.1,1216.5
INV4311,2026-01-13,B,Delhi,Member,Female,Cheese,Dairy,10,235.95,Net Banking,4.6,2359.5
INV4312,2026-03-23,A,Jaipur,Normal,Male,Chips,Snacks,1,35.86,Cash,3.9,35.86
INV4313,2026-02-28,C,Mumbai,Member,Male,Coffee,Beverages,2,193.07,UPI,3.5,386.14
INV4314,2026-05-01,B,Delhi,Normal,Male,Potato,Vegetables,1,39.31,Cash,3.0,39.31
INV4315,2026-02-25,B,Delhi,Member,Male,Rice,Grocery,5,74.42,Net Banking,5.0,372.1
INV4316,2026-04-11,A,Jaipur,Normal,Male,Bread,Bakery,2,41.57,Net Banking,3.5,83.14
INV4317,2026-03-09,C,Mumbai,Member,Male,Noodles,Grocery,2,53.54,Net Banking,3.7,107.08
INV4318,2026-06-25,B,Delhi,Member,Female,Eggs,Dairy,8,99.54,Cash,3.3,796.32
INV4319,2026-05-07,B,Delhi,Member,Male,Bananas,Fruits,10,59.39,UPI,3.5,593.9
INV4320,2026-01-15,D,Bengaluru,Member,Male,Soap,Personal Care,1,46.24,Cash,3.9,46.24
INV4321,2026-04-03,B,Delhi,Member,Female,Bread,Bakery,7,44.62,UPI,4.9,312.34
INV4322,2026-01-18,B,Delhi,Normal,Female,Coffee,Beverages,1,210.06,Card,3.2,210.06
INV4323,2026-06-21,A,Jaipur,Normal,Female,Bread,Bakery,10,42.52,UPI,3.9,425.2
INV4324,2026-06-19,D,Bengaluru,Member,Female,Soap,Personal Care,4,43.12,UPI,4.8,172.48
INV4325,2026-04-05,B,Delhi,Member,Male,Tomato,Vegetables,5,47.65,UPI,4.5,238.25
INV4326,2026-05-20,B,Delhi,Normal,Male,Cold Drink,Beverages,6,61.74,Net Banking,4.1,370.44
INV4327,2026-05-25,C,Mumbai,Normal,Female,Face Wash,Personal Care,3,103.01,Card,4.1,309.03
INV4328,2026-01-12,D,Bengaluru,Member,Male,Cooking Oil,Grocery,7,149.86,UPI,4.5,1049.02
INV4329,2026-03-06,C,Mumbai,Member,Male,Tea,Beverages,4,141.97,Card,4.4,567.88
INV4330,2026-03-22,A,Jaipur,Member,Male,Tomato,Vegetables,9,42.06,Cash,4.4,378.54
INV4331,2026-01-26,B,Delhi,Member,Female,Eggs,Dairy,3,99.18,Cash,4.7,297.54
INV4332,2026-02-22,B,Delhi,Member,Female,Bread,Bakery,5,36.21,Net Banking,4.4,181.05
INV4333,2026-05-03,B,Delhi,Member,Female,Face Wash,Personal Care,2,137.96,Cash,4.5,275.92
INV4334,2026-06-24,A,Jaipur,Normal,Male,Rice,Grocery,9,75.04,Card,4.5,675.36
INV4335,2026-03-09,A,Jaipur,Member,Female,Rice,Grocery,5,65.0,Card,4.7,325.0
INV4336,2026-05-21,B,Delhi,Member,Female,Soap,Personal Care,2,48.78,Card,4.6,97.56
INV4337,2026-05-18,A,Jaipur,Normal,Female,Cheese,Dairy,10,195.07,Card,3.5,1950.7
INV4338,2026-05-16,B,Delhi,Normal,Male,Eggs,Dairy,9,78.13,Card,4.8,703.17
INV4339,2026-02-14,D,Bengaluru,Normal,Female,Chips,Snacks,6,35.62,Net Banking,3.4,213.72
INV4340,2026-03-14,C,Mumbai,Member,Female,Potato,Vegetables,2,33.13,UPI,3.6,66.26
INV4341,2026-01-27,C,Mumbai,Normal,Male,Cold Drink,Beverages,2,63.21,Cash,4.5,126.42
INV4342,2026-03-26,D,Bengaluru,Member,Male,Milk,Dairy,8,52.92,Card,4.8,423.36
INV4343,2026-02-13,A,Jaipur,Normal,Male,Chips,Snacks,10,39.31,Cash,4.6,393.1
INV4344,2026-03-18,C,Mumbai,Normal,Male,Coffee,Beverages,7,200.37,Net Banking,4.0,1402.59
INV4345,2026-05-19,A,Jaipur,Normal,Male,Bread,Bakery,7,39.14,Net Banking,4.4,273.98
INV4346,2026-05-16,C,Mumbai,Member,Female,Chips,Snacks,4,30.54,UPI,3.6,122.16
INV4347,2026-03-19,D,Bengaluru,Normal,Female,Chocolate,Snacks,5,58.93,Net Banking,3.1,294.65
INV4348,2026-05-20,A,Jaipur,Normal,Female,Potato,Vegetables,8,32.98,UPI,4.2,263.84
INV4349,2026-06-23,C,Mumbai,Normal,Male,Soap,Personal Care,9,50.84,Card,3.6,457.56
INV4350,2026-01-24,B,Delhi,Member,Male,Biscuits,Snacks,9,29.74,Net Banking,3.7,267.66
INV4351,2026-06-13,B,Delhi,Member,Male,Milk,Dairy,5,55.35,Cash,3.2,276.75
INV4352,2026-03-13,C,Mumbai,Member,Male,Cheese,Dairy,2,227.79,Net Banking,4.7,455.58
INV4353,2026-03-19,C,Mumbai,Member,Male,Rice,Grocery,3,58.97,Net Banking,4.2,176.91
INV4354,2026-03-04,B,Delhi,Member,Female,Rice,Grocery,1,72.09,Card,5.0,72.09
INV4355,2026-03-14,D,Bengaluru,Normal,Female,Tea,Beverages,6,128.96,UPI,4.0,773.76
INV4356,2026-02-10,C,Mumbai,Normal,Female,Potato,Vegetables,5,39.33,UPI,4.3,196.65
INV4357,2026-06-26,D,Bengaluru,Member,Male,Coffee,Beverages,9,179.3,Net Banking,3.1,1613.7
INV4358,2026-05-23,B,Delhi,Normal,Female,Shampoo,Personal Care,2,208.83,Cash,4.6,417.66
INV4359,2026-04-15,D,Bengaluru,Normal,Male,Tea,Beverages,2,130.08,Net Banking,3.5,260.16
INV4360,2026-04-20,B,Delhi,Member,Male,Bread,Bakery,4,35.49,Cash,4.3,141.96
INV4361,2026-03-01,B,Delhi,Member,Female,Cheese,Dairy,2,255.05,Card,4.9,510.1
INV4362,2026-01-19,A,Jaipur,Member,Male,Bread,Bakery,6,37.88,Card,4.0,227.28
INV4363,2026-06-04,C,Mumbai,Normal,Female,Tomato,Vegetables,4,40.94,UPI,4.5,163.76
INV4364,2026-01-28,C,Mumbai,Member,Male,Rice,Grocery,3,69.38,Cash,4.9,208.14
INV4365,2026-06-25,D,Bengaluru,Member,Male,Rice,Grocery,3,64.64,Net Banking,5.0,193.92
INV4366,2026-05-02,D,Bengaluru,Member,Female,Cold Drink,Beverages,9,73.9,Net Banking,4.4,665.1
INV4367,2026-05-21,C,Mumbai,Normal,Male,Tea,Beverages,3,137.12,Net Banking,3.2,411.36
INV4368,2026-02-11,A,Jaipur,Normal,Female,Tomato,Vegetables,9,44.48,Net Banking,3.8,400.32
INV4369,2026-04-17,C,Mumbai,Normal,Female,Noodles,Grocery,5,64.82,Card,4.7,324.1
INV4370,2026-05-01,A,Jaipur,Member,Female,Biscuits,Snacks,6,33.21,Cash,3.5,199.26
INV4371,2026-01-30,A,Jaipur,Normal,Female,Noodles,Grocery,2,50.85,Card,4.8,101.7
INV4372,2026-03-28,B,Delhi,Member,Female,Soap,Personal Care,4,51.53,Cash,4.2,206.12
INV4373,2026-05-25,C,Mumbai,Member,Female,Eggs,Dairy,3,100.75,UPI,3.7,302.25
INV4374,2026-04-15,A,Jaipur,Normal,Female,Bananas,Fruits,1,63.95,Cash,3.4,63.95
INV4375,2026-04-19,D,Bengaluru,Member,Female,Potato,Vegetables,5,29.78,Net Banking,3.4,148.9
INV4376,2026-06-02,B,Delhi,Normal,Female,Coffee,Beverages,8,190.09,Card,3.8,1520.72
INV4377,2026-04-18,B,Delhi,Member,Male,Cheese,Dairy,6,211.34,Net Banking,3.6,1268.04
INV4378,2026-01-07,B,Delhi,Member,Male,Cold Drink,Beverages,7,63.46,Cash,4.9,444.22
INV4379,2026-02-27,A,Jaipur,Normal,Male,Cold Drink,Beverages,4,64.64,Cash,4.9,258.56
INV4380,2026-03-16,B,Delhi,Member,Female,Chocolate,Snacks,7,54.34,UPI,4.9,380.38
INV4381,2026-04-12,B,Delhi,Normal,Male,Coffee,Beverages,8,192.23,Cash,4.0,1537.84
INV4382,2026-04-20,D,Bengaluru,Normal,Male,Tomato,Vegetables,8,48.35,Cash,4.8,386.8
INV4383,2026-01-02,C,Mumbai,Member,Male,Chocolate,Snacks,2,45.18,Net Banking,4.9,90.36
INV4384,2026-01-23,A,Jaipur,Member,Female,Apples,Fruits,2,118.35,Cash,4.8,236.7
INV4385,2026-01-30,C,Mumbai,Member,Male,Potato,Vegetables,3,39.96,Cash,3.8,119.88
INV4386,2026-04-28,C,Mumbai,Member,Female,Noodles,Grocery,1,46.76,Card,3.9,46.76
INV4387,2026-01-10,D,Bengaluru,Member,Male,Tea,Beverages,3,128.99,Card,3.5,386.97
INV4388,2026-05-16,D,Bengaluru,Member,Female,Soap,Personal Care,6,52.37,UPI,4.1,314.22
INV4389,2026-06-10,A,Jaipur,Member,Female,Potato,Vegetables,1,34.77,UPI,3.4,34.77
INV4390,2026-02-04,A,Jaipur,Member,Male,Eggs,Dairy,5,79.22,Net Banking,4.4,396.1
INV4391,2026-02-28,B,Delhi,Member,Female,Face Wash,Personal Care,8,117.93,Net Banking,4.8,943.44
INV4392,2026-06-26,C,Mumbai,Member,Female,Soap,Personal Care,1,53.18,Card,3.2,53.18
INV4393,2026-06-26,B,Delhi,Member,Male,Shampoo,Personal Care,4,173.38,Card,3.1,693.52
INV4394,2026-03-12,C,Mumbai,Normal,Male,Cheese,Dairy,4,206.91,Card,4.2,827.64
INV4395,2026-02-09,A,Jaipur,Member,Female,Apples,Fruits,10,155.9,UPI,4.2,1559.0
INV4396,2026-01-03,C,Mumbai,Member,Female,Bananas,Fruits,8,67.73,UPI,3.4,541.84
INV4397,2026-01-16,B,Delhi,Member,Male,Shampoo,Personal Care,8,150.77,Cash,4.1,1206.16
INV4398,2026-05-19,A,Jaipur,Normal,Female,Cooking Oil,Grocery,10,148.21,UPI,3.4,1482.1
INV4399,2026-02-03,C,Mumbai,Member,Male,Bread,Bakery,6,40.45,Cash,4.3,242.7
INV4400,2026-01-19,B,Delhi,Normal,Female,Tea,Beverages,2,107.75,Net Banking,3.7,215.5
INV4401,2026-04-06,D,Bengaluru,Normal,Female,Cooking Oil,Grocery,8,151.9,UPI,3.9,1215.2
INV4402,2026-03-14,C,Mumbai,Member,Male,Cold Drink,Beverages,1,74.26,Net Banking,4.1,74.26
INV4403,2026-06-06,C,Mumbai,Member,Male,Bread,Bakery,8,40.93,Cash,3.7,327.44
INV4404,2026-01-07,D,Bengaluru,Member,Female,Rice,Grocery,7,67.33,Net Banking,3.1,471.31
INV4405,2026-06-19,B,Delhi,Normal,Female,Apples,Fruits,4,129.51,Net Banking,4.4,518.04
INV4406,2026-03-14,D,Bengaluru,Normal,Male,Shampoo,Personal Care,2,182.6,UPI,3.5,365.2
INV4407,2026-05-15,C,Mumbai,Normal,Female,Chocolate,Snacks,8,57.51,Cash,4.5,460.08
INV4408,2026-03-27,B,Delhi,Member,Male,Eggs,Dairy,1,99.65,Cash,4.6,99.65
INV4409,2026-05-22,B,Delhi,Member,Male,Coffee,Beverages,10,186.33,Card,4.2,1863.3
INV4410,2026-03-22,D,Bengaluru,Normal,Male,Chips,Snacks,10,34.78,UPI,4.0,347.8
INV4411,2026-01-13,C,Mumbai,Normal,Male,Bananas,Fruits,3,66.87,UPI,4.1,200.61
INV4412,2026-03-29,A,Jaipur,Normal,Male,Noodles,Grocery,7,61.02,Cash,3.8,427.14
INV4413,2026-02-26,C,Mumbai,Normal,Male,Tomato,Vegetables,8,53.19,UPI,4.6,425.52
INV4414,2026-03-19,C,Mumbai,Member,Female,Tea,Beverages,1,118.97,Net Banking,4.5,118.97
INV4415,2026-01-05,C,Mumbai,Member,Male,Tea,Beverages,6,126.77,Card,4.6,760.62
INV4416,2026-05-19,D,Bengaluru,Normal,Female,Chocolate,Snacks,4,45.57,Cash,3.1,182.28
INV4417,2026-05-10,C,Mumbai,Member,Female,Coffee,Beverages,7,182.65,UPI,4.5,1278.55
INV4418,2026-06-24,A,Jaipur,Normal,Male,Cheese,Dairy,7,226.84,UPI,5.0,1587.88
INV4419,2026-01-09,B,Delhi,Normal,Male,Tomato,Vegetables,4,50.28,Net Banking,3.6,201.12
INV4420,2026-05-03,D,Bengaluru,Member,Female,Chips,Snacks,6,31.5,UPI,3.6,189.0
INV4421,2026-06-26,D,Bengaluru,Member,Female,Soap,Personal Care,2,51.83,UPI,3.2,103.66
INV4422,2026-02-15,C,Mumbai,Member,Male,Face Wash,Personal Care,6,131.11,Net Banking,3.3,786.66
INV4423,2026-05-06,C,Mumbai,Normal,Female,Face Wash,Personal Care,5,117.67,UPI,4.6,588.35
INV4424,2026-03-02,B,Delhi,Normal,Female,Chocolate,Snacks,9,52.79,Card,3.7,475.11
INV4425,2026-06-19,B,Delhi,Member,Male,Cooking Oil,Grocery,3,153.94,Net Banking,3.4,461.82
INV4426,2026-06-07,B,Delhi,Member,Male,Cold Drink,Beverages,4,58.41,Cash,3.3,233.64
INV4427,2026-06-14,D,Bengaluru,Member,Female,Potato,Vegetables,2,30.92,Card,4.6,61.84
INV4428,2026-06-19,C,Mumbai,Normal,Female,Rice,Grocery,7,74.51,UPI,3.2,521.57
INV4429,2026-04-17,B,Delhi,Normal,Male,Tomato,Vegetables,8,43.57,Net Banking,3.3,348.56
INV4430,2026-01-01,B,Delhi,Member,Male,Bread,Bakery,2,34.27,Net Banking,3.5,68.54
INV4431,2026-05-09,C,Mumbai,Member,Male,Cooking Oil,Grocery,10,141.28,UPI,4.1,1412.8
INV4432,2026-05-05,C,Mumbai,Normal,Female,Tea,Beverages,10,103.94,Cash,3.9,1039.4
INV4433,2026-05-25,D,Bengaluru,Member,Female,Cheese,Dairy,5,243.2,Card,3.1,1216.0
INV4434,2026-02-09,B,Delhi,Normal,Male,Coffee,Beverages,10,174.97,UPI,4.0,1749.7
INV4435,2026-01-04,A,Jaipur,Member,Female,Apples,Fruits,7,118.62,Cash,3.8,830.34
INV4436,2026-01-27,D,Bengaluru,Normal,Female,Biscuits,Snacks,3,34.18,Net Banking,4.6,102.54
INV4437,2026-06-28,C,Mumbai,Normal,Female,Chocolate,Snacks,1,46.23,Net Banking,3.2,46.23
INV4438,2026-06-01,C,Mumbai,Member,Male,Chips,Snacks,3,31.73,Net Banking,5.0,95.19
INV4439,2026-04-13,B,Delhi,Member,Female,Eggs,Dairy,2,84.85,UPI,4.5,169.7
INV4440,2026-06-04,D,Bengaluru,Normal,Male,Cooking Oil,Grocery,7,136.23,Cash,4.6,953.61
INV4441,2026-06-02,D,Bengaluru,Member,Female,Noodles,Grocery,1,60.09,UPI,3.5,60.09
INV4442,2026-01-15,C,Mumbai,Member,Male,Potato,Vegetables,2,36.63,UPI,3.3,73.26
INV4443,2026-04-28,C,Mumbai,Member,Male,Chocolate,Snacks,2,56.73,Card,3.5,113.46
INV4444,2026-04-11,A,Jaipur,Normal,Male,Bread,Bakery,2,46.09,Card,4.2,92.18
INV4445,2026-01-12,B,Delhi,Normal,Female,Milk,Dairy,6,45.9,Card,3.1,275.4
INV4446,2026-02-22,D,Bengaluru,Normal,Male,Potato,Vegetables,10,38.64,Cash,4.8,386.4
INV4447,2026-06-25,D,Bengaluru,Member,Female,Coffee,Beverages,6,178.47,Net Banking,3.2,1070.82
INV4448,2026-05-24,D,Bengaluru,Normal,Female,Bread,Bakery,3,33.28,Card,3.3,99.84
INV4449,2026-05-18,A,Jaipur,Member,Female,Cooking Oil,Grocery,10,140.95,Net Banking,3.5,1409.5
INV4450,2026-06-07,B,Delhi,Member,Female,Biscuits,Snacks,2,26.8,Cash,3.2,53.6
INV4451,2026-04-02,B,Delhi,Normal,Female,Cheese,Dairy,4,213.74,Card,4.9,854.96
INV4452,2026-04-20,B,Delhi,Normal,Male,Bananas,Fruits,8,54.09,Card,4.1,432.72
INV4453,2026-01-31,A,Jaipur,Normal,Male,Eggs,Dairy,7,80.29,Net Banking,3.0,562.03
INV4454,2026-02-18,B,Delhi,Member,Female,Cold Drink,Beverages,9,57.28,UPI,5.0,515.52
INV4455,2026-06-09,D,Bengaluru,Member,Male,Soap,Personal Care,7,44.25,Cash,4.9,309.75
INV4456,2026-03-20,C,Mumbai,Normal,Female,Potato,Vegetables,9,34.66,Cash,3.1,311.94
INV4457,2026-05-08,B,Delhi,Member,Male,Bananas,Fruits,7,55.43,Card,3.9,388.01
INV4458,2026-02-17,C,Mumbai,Normal,Female,Apples,Fruits,8,157.93,Cash,3.9,1263.44
INV4459,2026-03-16,C,Mumbai,Normal,Male,Tea,Beverages,7,134.9,Net Banking,4.6,944.3
INV4460,2026-02-10,D,Bengaluru,Normal,Female,Tea,Beverages,5,141.84,UPI,4.2,709.2
INV4461,2026-02-03,D,Bengaluru,Member,Female,Cooking Oil,Grocery,1,170.33,UPI,3.6,170.33
INV4462,2026-01-10,D,Bengaluru,Normal,Male,Chocolate,Snacks,3,50.88,Cash,3.6,152.64
INV4463,2026-01-05,B,Delhi,Normal,Female,Biscuits,Snacks,7,34.09,UPI,3.7,238.63
INV4464,2026-05-09,B,Delhi,Normal,Male,Chocolate,Snacks,6,41.79,Net Banking,4.1,250.74
INV4465,2026-01-11,B,Delhi,Normal,Male,Cheese,Dairy,5,234.05,Card,3.4,1170.25
INV4466,2026-02-13,B,Delhi,Member,Male,Potato,Vegetables,8,33.26,Card,4.9,266.08
INV4467,2026-04-16,A,Jaipur,Member,Male,Cooking Oil,Grocery,7,151.24,Cash,4.6,1058.68
INV4468,2026-03-19,D,Bengaluru,Member,Female,Biscuits,Snacks,1,34.45,Cash,3.0,34.45
INV4469,2026-01-25,D,Bengaluru,Member,Female,Noodles,Grocery,1,54.21,Cash,4.4,54.21
INV4470,2026-01-03,C,Mumbai,Member,Female,Noodles,Grocery,2,63.79,Card,4.5,127.58
INV4471,2026-02-16,B,Delhi,Member,Female,Potato,Vegetables,10,36.25,Cash,4.9,362.5
INV4472,2026-06-06,C,Mumbai,Member,Female,Rice,Grocery,2,62.0,UPI,4.2,124.0
INV4473,2026-01-02,D,Bengaluru,Normal,Male,Coffee,Beverages,10,195.24,Card,3.8,1952.4
INV4474,2026-03-06,D,Bengaluru,Normal,Male,Potato,Vegetables,3,35.29,Net Banking,4.7,105.87
INV4475,2026-04-26,B,Delhi,Member,Female,Tomato,Vegetables,6,51.09,Cash,3.4,306.54
INV4476,2026-05-12,B,Delhi,Normal,Female,Tomato,Vegetables,9,39.61,Card,4.5,356.49
INV4477,2026-04-22,A,Jaipur,Member,Male,Apples,Fruits,5,133.66,Cash,4.9,668.3
INV4478,2026-04-23,A,Jaipur,Member,Female,Bread,Bakery,6,36.18,Card,3.1,217.08
INV4479,2026-06-30,D,Bengaluru,Normal,Female,Bananas,Fruits,10,64.79,Card,3.8,647.9
INV4480,2026-06-08,D,Bengaluru,Normal,Male,Chips,Snacks,5,29.63,Card,3.1,148.15
INV4481,2026-01-25,A,Jaipur,Normal,Female,Potato,Vegetables,10,36.18,Net Banking,4.3,361.8
INV4482,2026-04-08,A,Jaipur,Normal,Male,Rice,Grocery,6,59.84,Card,3.6,359.04
INV4483,2026-03-23,A,Jaipur,Member,Male,Rice,Grocery,9,62.56,UPI,3.6,563.04
INV4484,2026-05-19,C,Mumbai,Normal,Male,Tea,Beverages,5,133.15,Cash,3.6,665.75
INV4485,2026-05-21,B,Delhi,Member,Female,Bread,Bakery,5,38.23,Cash,4.5,191.15
INV4486,2026-04-26,C,Mumbai,Member,Female,Chips,Snacks,8,30.12,Cash,3.7,240.96
INV4487,2026-02-02,C,Mumbai,Normal,Female,Milk,Dairy,3,62.94,Card,3.2,188.82
INV4488,2026-02-10,A,Jaipur,Normal,Female,Bread,Bakery,8,44.36,Cash,4.4,354.88
INV4489,2026-02-11,D,Bengaluru,Normal,Male,Milk,Dairy,9,59.92,UPI,4.3,539.28
INV4490,2026-03-31,A,Jaipur,Member,Female,Bread,Bakery,1,40.36,UPI,4.6,40.36
INV4491,2026-05-23,D,Bengaluru,Member,Female,Apples,Fruits,1,119.02,UPI,3.4,119.02
INV4492,2026-06-12,B,Delhi,Normal,Female,Biscuits,Snacks,5,34.57,Net Banking,4.0,172.85
INV4493,2026-05-26,D,Bengaluru,Normal,Male,Tea,Beverages,2,123.1,UPI,4.5,246.2
INV4494,2026-04-21,B,Delhi,Member,Male,Apples,Fruits,10,155.91,UPI,3.8,1559.1
INV4495,2026-02-17,C,Mumbai,Normal,Male,Cooking Oil,Grocery,10,142.01,Cash,3.8,1420.1
INV4496,2026-05-15,A,Jaipur,Normal,Male,Bread,Bakery,2,45.07,Card,4.4,90.14
INV4497,2026-05-05,D,Bengaluru,Normal,Female,Tea,Beverages,8,100.26,Cash,3.2,802.08
INV4498,2026-06-28,C,Mumbai,Normal,Male,Cooking Oil,Grocery,5,154.82,Net Banking,4.2,774.1
INV4499,2026-03-09,A,Jaipur,Normal,Male,Eggs,Dairy,5,82.47,Net Banking,4.7,412.35
INV4500,2026-01-08,B,Delhi,Normal,Female,Potato,Vegetables,10,40.04,Net Banking,3.4,400.4
INV4501,2026-02-19,A,Jaipur,Normal,Male,Apples,Fruits,6,153.99,UPI,4.0,923.94
INV4502,2026-05-07,A,Jaipur,Member,Male,Rice,Grocery,10,69.86,UPI,3.1,698.6
INV4503,2026-05-26,D,Bengaluru,Normal,Female,Coffee,Beverages,9,175.75,UPI,4.6,1581.75
INV4504,2026-06-15,C,Mumbai,Normal,Male,Eggs,Dairy,10,97.78,Card,3.5,977.8
INV4505,2026-01-11,C,Mumbai,Member,Female,Noodles,Grocery,9,52.19,Cash,4.1,469.71
INV4506,2026-06-11,C,Mumbai,Member,Male,Cold Drink,Beverages,8,54.57,UPI,3.9,436.56
INV4507,2026-06-15,A,Jaipur,Normal,Female,Eggs,Dairy,5,97.46,Net Banking,3.4,487.3
INV4508,2026-04-23,D,Bengaluru,Member,Female,Tea,Beverages,10,124.81,Card,4.3,1248.1
INV4509,2026-05-01,A,Jaipur,Normal,Female,Bananas,Fruits,1,59.13,Card,4.0,59.13
INV4510,2026-01-01,B,Delhi,Member,Male,Shampoo,Personal Care,10,154.33,Net Banking,3.6,1543.3
INV4511,2026-04-16,A,Jaipur,Member,Female,Milk,Dairy,5,60.44,UPI,3.8,302.2
INV4512,2026-01-29,A,Jaipur,Member,Female,Face Wash,Personal Care,1,101.39,Card,3.1,101.39
INV4513,2026-05-23,C,Mumbai,Normal,Male,Biscuits,Snacks,6,30.63,Net Banking,3.1,183.78
INV4514,2026-01-23,A,Jaipur,Member,Female,Bread,Bakery,6,46.45,UPI,3.4,278.7
INV4515,2026-02-14,C,Mumbai,Normal,Female,Cold Drink,Beverages,8,69.63,Card,3.5,557.04
INV4516,2026-05-13,B,Delhi,Normal,Female,Soap,Personal Care,7,46.12,Card,3.4,322.84
INV4517,2026-01-17,C,Mumbai,Member,Female,Noodles,Grocery,5,56.59,Cash,4.6,282.95
INV4518,2026-02-19,C,Mumbai,Member,Male,Cheese,Dairy,7,195.36,Cash,4.5,1367.52
INV4519,2026-06-17,C,Mumbai,Normal,Female,Noodles,Grocery,3,63.01,Card,3.9,189.03
INV4520,2026-04-15,A,Jaipur,Normal,Female,Coffee,Beverages,2,207.34,Card,4.9,414.68
INV4521,2026-06-17,B,Delhi,Normal,Female,Tomato,Vegetables,1,44.84,Card,3.4,44.84
INV4522,2026-02-19,A,Jaipur,Member,Male,Rice,Grocery,2,64.77,Cash,4.2,129.54
INV4523,2026-04-09,D,Bengaluru,Normal,Male,Biscuits,Snacks,4,33.27,UPI,4.2,133.08
INV4524,2026-03-06,C,Mumbai,Member,Female,Rice,Grocery,2,67.36,Cash,4.1,134.72
INV4525,2026-04-16,C,Mumbai,Normal,Female,Rice,Grocery,3,77.41,Net Banking,3.4,232.23
INV4526,2026-03-09,B,Delhi,Member,Male,Bread,Bakery,6,36.71,Card,4.5,220.26
INV4527,2026-03-29,B,Delhi,Normal,Female,Cheese,Dairy,1,192.5,Net Banking,3.1,192.5
INV4528,2026-02-15,B,Delhi,Normal,Male,Tea,Beverages,7,123.37,Net Banking,4.9,863.59
INV4529,2026-05-10,C,Mumbai,Member,Female,Biscuits,Snacks,8,32.37,Net Banking,4.4,258.96
INV4530,2026-06-25,B,Delhi,Member,Male,Tea,Beverages,2,129.67,Cash,3.6,259.34
INV4531,2026-01-05,D,Bengaluru,Member,Female,Noodles,Grocery,4,52.33,Cash,3.6,209.32
INV4532,2026-01-14,B,Delhi,Member,Female,Rice,Grocery,10,65.11,UPI,4.6,651.1
INV4533,2026-07-01,D,Bengaluru,Member,Male,Potato,Vegetables,5,32.75,Net Banking,3.4,163.75
INV4534,2026-03-15,B,Delhi,Normal,Female,Tomato,Vegetables,6,52.48,Net Banking,3.6,314.88
INV4535,2026-02-12,C,Mumbai,Member,Male,Rice,Grocery,6,59.67,Cash,3.1,358.02
INV4536,2026-04-10,C,Mumbai,Member,Female,Apples,Fruits,3,123.46,Net Banking,4.3,370.38
INV4537,2026-03-30,B,Delhi,Member,Female,Chips,Snacks,8,37.52,Cash,3.5,300.16
INV4538,2026-05-30,C,Mumbai,Member,Male,Rice,Grocery,5,60.89,Card,4.0,304.45
INV4539,2026-05-25,D,Bengaluru,Member,Male,Noodles,Grocery,1,46.18,Card,3.6,46.18
INV4540,2026-03-21,D,Bengaluru,Normal,Male,Bread,Bakery,10,39.8,Net Banking,3.2,398.0
INV4541,2026-05-14,A,Jaipur,Member,Female,Bread,Bakery,6,35.3,UPI,4.4,211.8
INV4542,2026-06-18,C,Mumbai,Normal,Female,Soap,Personal Care,6,49.05,Cash,4.1,294.3
INV4543,2026-05-23,A,Jaipur,Member,Female,Face Wash,Personal Care,3,121.51,Card,3.1,364.53
INV4544,2026-06-28,C,Mumbai,Member,Female,Rice,Grocery,9,61.53,Card,4.9,553.77
INV4545,2026-01-10,B,Delhi,Normal,Female,Apples,Fruits,9,137.32,Net Banking,4.5,1235.88
INV4546,2026-04-08,C,Mumbai,Member,Female,Shampoo,Personal Care,3,202.73,Cash,4.7,608.19
INV4547,2026-04-26,D,Bengaluru,Member,Male,Rice,Grocery,3,78.85,Net Banking,4.4,236.55
INV4548,2026-05-26,C,Mumbai,Normal,Female,Face Wash,Personal Care,2,104.53,Cash,4.4,209.06
INV4549,2026-02-26,B,Delhi,Normal,Male,Bread,Bakery,3,40.22,UPI,4.9,120.66
INV4550,2026-04-29,C,Mumbai,Member,Female,Rice,Grocery,8,79.09,Cash,3.7,632.72
INV4551,2026-01-15,A,Jaipur,Normal,Male,Rice,Grocery,7,77.76,Card,4.6,544.32
INV4552,2026-01-07,A,Jaipur,Member,Male,Cold Drink,Beverages,9,57.37,Net Banking,4.2,516.33
INV4553,2026-02-09,B,Delhi,Member,Female,Cooking Oil,Grocery,4,138.1,Cash,4.2,552.4
INV4554,2026-01-07,C,Mumbai,Member,Male,Potato,Vegetables,10,39.56,Card,4.1,395.6
INV4555,2026-04-19,D,Bengaluru,Normal,Female,Cheese,Dairy,8,244.59,Net Banking,4.9,1956.72
INV4556,2026-01-26,C,Mumbai,Normal,Male,Milk,Dairy,7,62.34,Net Banking,3.1,436.38
INV4557,2026-02-02,C,Mumbai,Member,Male,Cold Drink,Beverages,3,64.76,UPI,3.2,194.28
INV4558,2026-02-14,B,Delhi,Member,Male,Tomato,Vegetables,1,47.49,Card,4.4,47.49
INV4559,2026-01-22,C,Mumbai,Normal,Male,Chocolate,Snacks,1,45.5,Cash,4.1,45.5
INV4560,2026-04-24,D,Bengaluru,Member,Male,Milk,Dairy,10,61.28,Card,3.7,612.8
INV4561,2026-02-26,D,Bengaluru,Normal,Male,Cold Drink,Beverages,3,64.69,Net Banking,4.9,194.07
INV4562,2026-04-12,A,Jaipur,Normal,Male,Soap,Personal Care,2,37.97,UPI,4.9,75.94
INV4563,2026-04-17,C,Mumbai,Normal,Female,Tea,Beverages,3,137.42,Cash,3.8,412.26
INV4564,2026-01-25,D,Bengaluru,Normal,Female,Chocolate,Snacks,3,43.98,UPI,3.3,131.94
INV4565,2026-05-03,D,Bengaluru,Normal,Female,Tea,Beverages,8,136.42,UPI,4.4,1091.36
INV4566,2026-02-08,B,Delhi,Member,Female,Face Wash,Personal Care,3,118.68,Card,4.3,356.04
INV4567,2026-04-23,D,Bengaluru,Normal,Male,Chips,Snacks,3,35.85,Net Banking,4.4,107.55
INV4568,2026-05-29,B,Delhi,Normal,Male,Rice,Grocery,6,58.19,Net Banking,3.6,349.14
INV4569,2026-05-17,C,Mumbai,Normal,Female,Biscuits,Snacks,5,32.22,Cash,4.8,161.1
INV4570,2026-02-09,C,Mumbai,Member,Female,Biscuits,Snacks,4,35.04,UPI,3.5,140.16
INV4571,2026-05-23,A,Jaipur,Normal,Male,Face Wash,Personal Care,7,136.58,UPI,4.6,956.06
INV4572,2026-06-12,B,Delhi,Normal,Female,Tomato,Vegetables,6,52.63,UPI,3.9,315.78
INV4573,2026-01-19,D,Bengaluru,Normal,Male,Tomato,Vegetables,4,39.41,Card,3.1,157.64
INV4574,2026-05-07,C,Mumbai,Member,Female,Rice,Grocery,10,62.37,Net Banking,5.0,623.7
INV4575,2026-04-21,D,Bengaluru,Member,Male,Biscuits,Snacks,8,29.36,UPI,4.9,234.88
INV4576,2026-05-18,B,Delhi,Member,Female,Biscuits,Snacks,4,34.42,UPI,4.6,137.68
INV4577,2026-03-28,C,Mumbai,Normal,Female,Cheese,Dairy,9,195.74,Net Banking,3.9,1761.66
INV4578,2026-02-17,A,Jaipur,Normal,Female,Milk,Dairy,10,62.99,Cash,4.7,629.9
INV4579,2026-06-28,D,Bengaluru,Member,Male,Shampoo,Personal Care,7,163.81,Card,3.1,1146.67
INV4580,2026-05-30,D,Bengaluru,Member,Female,Rice,Grocery,10,69.09,Card,4.0,690.9
INV4581,2026-04-29,C,Mumbai,Normal,Female,Tomato,Vegetables,7,49.88,Card,4.4,349.16
INV4582,2026-04-25,B,Delhi,Member,Male,Potato,Vegetables,8,35.17,Net Banking,3.5,281.36
INV4583,2026-04-08,C,Mumbai,Member,Male,Cheese,Dairy,9,186.29,Card,4.3,1676.61
INV4584,2026-05-17,A,Jaipur,Member,Female,Chocolate,Snacks,1,53.83,UPI,5.0,53.83
INV4585,2026-06-24,B,Delhi,Normal,Male,Chocolate,Snacks,3,45.91,Card,3.1,137.73
INV4586,2026-04-22,C,Mumbai,Member,Male,Noodles,Grocery,10,49.86,Net Banking,3.4,498.6
INV4587,2026-02-19,D,Bengaluru,Member,Male,Chocolate,Snacks,5,56.04,Card,4.4,280.2
INV4588,2026-03-27,C,Mumbai,Member,Female,Cold Drink,Beverages,3,70.38,Cash,4.3,211.14
INV4589,2026-06-22,C,Mumbai,Normal,Male,Noodles,Grocery,2,54.03,Cash,4.0,108.06
INV4590,2026-06-08,C,Mumbai,Normal,Female,Cheese,Dairy,8,252.22,Net Banking,4.3,2017.76
INV4591,2026-01-18,A,Jaipur,Member,Male,Eggs,Dairy,5,81.36,Net Banking,4.1,406.8
INV4592,2026-03-25,D,Bengaluru,Member,Female,Soap,Personal Care,8,44.35,Cash,3.0,354.8
INV4593,2026-01-24,B,Delhi,Member,Male,Coffee,Beverages,4,209.69,Card,4.8,838.76
INV4594,2026-06-06,C,Mumbai,Member,Male,Potato,Vegetables,4,33.64,UPI,3.0,134.56
INV4595,2026-05-25,B,Delhi,Member,Female,Noodles,Grocery,3,56.98,Net Banking,4.7,170.94
INV4596,2026-04-29,D,Bengaluru,Normal,Female,Noodles,Grocery,8,53.64,Cash,3.6,429.12
INV4597,2026-05-07,D,Bengaluru,Member,Female,Bread,Bakery,2,35.32,Card,3.3,70.64
INV4598,2026-02-07,D,Bengaluru,Member,Female,Tea,Beverages,3,110.11,Net Banking,4.9,330.33
INV4599,2026-03-19,C,Mumbai,Normal,Female,Chocolate,Snacks,6,59.15,Card,4.0,354.9
INV4600,2026-03-29,B,Delhi,Normal,Female,Bread,Bakery,7,35.86,UPI,3.3,251.02
INV4601,2026-03-02,B,Delhi,Member,Female,Apples,Fruits,2,146.0,Net Banking,3.8,292.0
INV4602,2026-03-27,D,Bengaluru,Normal,Female,Rice,Grocery,2,66.9,UPI,3.9,133.8
INV4603,2026-06-12,C,Mumbai,Normal,Male,Face Wash,Personal Care,3,104.51,UPI,3.2,313.53
INV4604,2026-03-24,D,Bengaluru,Member,Female,Tea,Beverages,5,141.77,UPI,3.0,708.85
INV4605,2026-02-05,C,Mumbai,Member,Female,Chocolate,Snacks,1,58.51,Cash,4.3,58.51
INV4606,2026-05-04,D,Bengaluru,Normal,Female,Cold Drink,Beverages,9,75.9,UPI,3.5,683.1
INV4607,2026-04-30,D,Bengaluru,Member,Male,Chocolate,Snacks,5,48.76,UPI,4.4,243.8
INV4608,2026-02-01,A,Jaipur,Member,Female,Cheese,Dairy,6,197.32,Card,4.8,1183.92
INV4609,2026-05-28,B,Delhi,Normal,Male,Eggs,Dairy,3,77.8,Cash,4.3,233.4
INV4610,2026-06-17,B,Delhi,Member,Male,Chocolate,Snacks,6,50.32,Cash,4.9,301.92
INV4611,2026-05-15,B,Delhi,Normal,Male,Chocolate,Snacks,10,46.85,Cash,4.7,468.5
INV4612,2026-01-03,C,Mumbai,Normal,Male,Bananas,Fruits,1,66.17,Cash,3.6,66.17
INV4613,2026-02-17,C,Mumbai,Normal,Male,Apples,Fruits,3,132.17,UPI,4.6,396.51
INV4614,2026-04-19,B,Delhi,Normal,Male,Tomato,Vegetables,7,39.28,Card,4.5,274.96
INV4615,2026-02-21,C,Mumbai,Normal,Male,Bread,Bakery,8,40.65,UPI,4.2,325.2
INV4616,2026-03-06,D,Bengaluru,Member,Male,Potato,Vegetables,4,38.35,UPI,4.3,153.4
INV4617,2026-05-02,B,Delhi,Normal,Female,Potato,Vegetables,2,39.84,Cash,4.6,79.68
INV4618,2026-06-16,B,Delhi,Member,Male,Tomato,Vegetables,2,41.99,Cash,3.2,83.98
INV4619,2026-01-23,D,Bengaluru,Member,Male,Cold Drink,Beverages,9,72.72,Net Banking,4.2,654.48
INV4620,2026-04-15,D,Bengaluru,Normal,Female,Biscuits,Snacks,5,29.51,Card,4.3,147.55
INV4621,2026-05-18,B,Delhi,Member,Female,Soap,Personal Care,5,38.67,Cash,4.9,193.35
INV4622,2026-03-18,D,Bengaluru,Normal,Female,Chips,Snacks,9,36.07,Cash,4.1,324.63
INV4623,2026-03-02,B,Delhi,Normal,Female,Tomato,Vegetables,10,45.57,UPI,3.8,455.7
INV4624,2026-03-18,C,Mumbai,Member,Female,Noodles,Grocery,3,45.79,UPI,4.0,137.37
INV4625,2026-06-16,B,Delhi,Normal,Female,Apples,Fruits,2,141.36,UPI,4.8,282.72
INV4626,2026-06-25,B,Delhi,Member,Female,Apples,Fruits,9,159.28,Cash,3.7,1433.52
INV4627,2026-06-28,C,Mumbai,Member,Female,Apples,Fruits,2,138.46,Card,3.8,276.92
INV4628,2026-04-11,B,Delhi,Member,Female,Apples,Fruits,10,138.05,Cash,3.7,1380.5
INV4629,2026-04-13,C,Mumbai,Normal,Male,Rice,Grocery,10,81.85,Cash,4.0,818.5
INV4630,2026-01-27,C,Mumbai,Member,Female,Biscuits,Snacks,1,26.65,Card,3.3,26.65
INV4631,2026-05-13,C,Mumbai,Normal,Male,Tea,Beverages,5,141.26,Cash,3.8,706.3
INV4632,2026-03-13,D,Bengaluru,Member,Female,Chips,Snacks,2,30.57,Cash,4.5,61.14
INV4633,2026-01-16,D,Bengaluru,Member,Female,Cheese,Dairy,7,243.12,Card,4.7,1701.84
INV4634,2026-04-11,C,Mumbai,Normal,Male,Rice,Grocery,7,66.34,Cash,4.3,464.38
INV4635,2026-03-24,D,Bengaluru,Member,Male,Cold Drink,Beverages,6,67.62,Net Banking,4.5,405.72
INV4636,2026-02-27,C,Mumbai,Member,Female,Soap,Personal Care,10,53.23,Net Banking,4.1,532.3
INV4637,2026-06-14,D,Bengaluru,Member,Male,Potato,Vegetables,2,37.37,UPI,4.6,74.74
INV4638,2026-04-21,A,Jaipur,Normal,Male,Coffee,Beverages,5,167.91,Cash,3.2,839.55
INV4639,2026-02-10,C,Mumbai,Normal,Male,Bananas,Fruits,3,58.1,Card,5.0,174.3
INV4640,2026-02-06,D,Bengaluru,Member,Female,Cold Drink,Beverages,1,55.05,Card,3.2,55.05
INV4641,2026-01-19,B,Delhi,Member,Male,Cold Drink,Beverages,6,61.7,Net Banking,3.4,370.2
INV4642,2026-06-03,C,Mumbai,Normal,Male,Soap,Personal Care,5,47.21,UPI,3.8,236.05
INV4643,2026-05-24,B,Delhi,Normal,Male,Face Wash,Personal Care,4,139.2,Cash,3.7,556.8
INV4644,2026-01-31,B,Delhi,Normal,Female,Coffee,Beverages,2,198.32,Card,4.8,396.64
INV4645,2026-03-03,C,Mumbai,Member,Female,Noodles,Grocery,9,46.69,Card,4.4,420.21
INV4646,2026-05-19,C,Mumbai,Member,Male,Bananas,Fruits,8,69.06,Cash,4.9,552.48
INV4647,2026-02-10,D,Bengaluru,Normal,Male,Milk,Dairy,1,51.87,UPI,4.5,51.87
INV4648,2026-04-02,D,Bengaluru,Normal,Male,Bananas,Fruits,4,51.1,Net Banking,3.8,204.4
INV4649,2026-04-26,B,Delhi,Member,Female,Tomato,Vegetables,3,45.6,Cash,4.8,136.8
INV4650,2026-01-11,C,Mumbai,Member,Male,Soap,Personal Care,6,37.55,Cash,4.9,225.3
INV4651,2026-04-28,A,Jaipur,Normal,Male,Cheese,Dairy,9,212.74,Cash,4.0,1914.66
INV4652,2026-01-11,B,Delhi,Normal,Male,Eggs,Dairy,3,89.19,Net Banking,3.7,267.57
INV4653,2026-01-17,B,Delhi,Member,Male,Bread,Bakery,4,39.59,Card,3.9,158.36
INV4654,2026-06-11,D,Bengaluru,Normal,Male,Tomato,Vegetables,1,38.86,Cash,4.3,38.86
INV4655,2026-06-22,B,Delhi,Member,Male,Bananas,Fruits,5,54.44,Cash,3.7,272.2
INV4656,2026-02-17,B,Delhi,Member,Female,Shampoo,Personal Care,7,170.46,Cash,3.4,1193.22
INV4657,2026-04-11,D,Bengaluru,Member,Female,Potato,Vegetables,2,39.22,Cash,3.7,78.44
INV4658,2026-03-08,B,Delhi,Normal,Female,Coffee,Beverages,6,193.85,UPI,3.3,1163.1
INV4659,2026-01-09,A,Jaipur,Member,Male,Apples,Fruits,1,132.35,UPI,4.9,132.35
INV4660,2026-02-13,C,Mumbai,Normal,Female,Milk,Dairy,10,62.02,UPI,4.1,620.2
INV4661,2026-05-01,D,Bengaluru,Normal,Female,Potato,Vegetables,7,35.08,Card,4.3,245.56
INV4662,2026-04-21,D,Bengaluru,Member,Male,Cheese,Dairy,8,219.11,Cash,3.1,1752.88
INV4663,2026-05-20,A,Jaipur,Normal,Male,Rice,Grocery,8,72.62,Cash,3.3,580.96
INV4664,2026-01-06,D,Bengaluru,Member,Male,Chips,Snacks,9,37.59,Cash,4.5,338.31
INV4665,2026-05-30,D,Bengaluru,Normal,Male,Cheese,Dairy,4,213.66,Cash,4.4,854.64
INV4666,2026-05-26,A,Jaipur,Member,Female,Chocolate,Snacks,1,44.09,Net Banking,3.3,44.09
INV4667,2026-05-19,B,Delhi,Member,Male,Chips,Snacks,6,31.38,Net Banking,3.1,188.28
INV4668,2026-01-17,A,Jaipur,Member,Female,Face Wash,Personal Care,5,126.73,Net Banking,4.6,633.65
INV4669,2026-05-14,B,Delhi,Member,Male,Chips,Snacks,10,29.72,Cash,4.7,297.2
INV4670,2026-04-29,C,Mumbai,Member,Male,Apples,Fruits,4,121.69,Net Banking,4.2,486.76
INV4671,2026-04-24,C,Mumbai,Normal,Female,Shampoo,Personal Care,3,184.99,Net Banking,4.3,554.97
INV4672,2026-06-07,C,Mumbai,Normal,Female,Bananas,Fruits,1,52.18,Card,3.8,52.18
INV4673,2026-03-14,B,Delhi,Member,Female,Potato,Vegetables,1,30.37,Card,3.5,30.37
INV4674,2026-02-24,D,Bengaluru,Normal,Female,Cooking Oil,Grocery,7,138.83,Net Banking,4.3,971.81
INV4675,2026-04-08,D,Bengaluru,Normal,Female,Chocolate,Snacks,8,51.86,Net Banking,3.0,414.88
INV4676,2026-06-04,A,Jaipur,Member,Male,Tea,Beverages,4,135.56,Card,3.7,542.24
INV4677,2026-05-05,D,Bengaluru,Member,Male,Cheese,Dairy,8,258.62,Net Banking,4.8,2068.96
INV4678,2026-06-10,D,Bengaluru,Member,Female,Tea,Beverages,3,137.76,Cash,3.9,413.28
INV4679,2026-02-09,C,Mumbai,Member,Male,Cheese,Dairy,9,188.5,Net Banking,3.6,1696.5
INV4680,2026-04-02,A,Jaipur,Member,Male,Apples,Fruits,9,149.24,Cash,4.8,1343.16
INV4681,2026-07-01,A,Jaipur,Normal,Male,Apples,Fruits,8,149.91,Net Banking,4.4,1199.28
INV4682,2026-04-20,C,Mumbai,Normal,Male,Chocolate,Snacks,7,50.68,UPI,4.7,354.76
INV4683,2026-02-03,C,Mumbai,Normal,Female,Soap,Personal Care,1,48.53,Net Banking,4.1,48.53
INV4684,2026-05-29,B,Delhi,Member,Male,Eggs,Dairy,6,85.4,UPI,4.6,512.4
INV4685,2026-01-30,C,Mumbai,Normal,Female,Shampoo,Personal Care,10,205.85,Net Banking,4.3,2058.5
INV4686,2026-06-21,B,Delhi,Member,Female,Apples,Fruits,9,144.01,Net Banking,3.7,1296.09
INV4687,2026-02-12,B,Delhi,Member,Female,Bananas,Fruits,5,59.38,Cash,3.1,296.9
INV4688,2026-05-17,C,Mumbai,Member,Female,Cold Drink,Beverages,8,69.91,Card,3.9,559.28
INV4689,2026-04-22,A,Jaipur,Member,Female,Chocolate,Snacks,4,55.6,Card,4.1,222.4
INV4690,2026-01-31,A,Jaipur,Normal,Female,Face Wash,Personal Care,4,106.7,Cash,4.3,426.8
INV4691,2026-03-09,B,Delhi,Member,Male,Bananas,Fruits,10,53.83,Card,4.8,538.3
INV4692,2026-06-22,B,Delhi,Normal,Male,Tea,Beverages,10,126.56,UPI,4.8,1265.6
INV4693,2026-05-09,D,Bengaluru,Member,Female,Noodles,Grocery,2,49.24,UPI,4.6,98.48
INV4694,2026-04-16,B,Delhi,Normal,Female,Tea,Beverages,10,137.05,Net Banking,3.1,1370.5
INV4695,2026-05-31,C,Mumbai,Normal,Female,Chocolate,Snacks,8,54.32,UPI,4.1,434.56
INV4696,2026-05-10,C,Mumbai,Member,Female,Tea,Beverages,4,114.58,Card,4.9,458.32
INV4697,2026-04-21,D,Bengaluru,Normal,Female,Potato,Vegetables,3,40.54,UPI,3.8,121.62
INV4698,2026-02-19,B,Delhi,Normal,Female,Tomato,Vegetables,4,47.62,Net Banking,3.8,190.48
INV4699,2026-03-15,A,Jaipur,Member,Male,Bread,Bakery,8,46.28,UPI,5.0,370.24
INV4700,2026-03-10,D,Bengaluru,Normal,Male,Cooking Oil,Grocery,9,155.3,Card,4.1,1397.7
INV4701,2026-06-03,C,Mumbai,Normal,Male,Chips,Snacks,9,37.45,Cash,4.1,337.05
INV4702,2026-05-05,A,Jaipur,Normal,Male,Noodles,Grocery,6,61.38,Net Banking,3.8,368.28
INV4703,2026-06-11,B,Delhi,Member,Male,Chocolate,Snacks,8,55.48,Cash,3.6,443.84
INV4704,2026-04-08,A,Jaipur,Member,Female,Milk,Dairy,1,64.66,UPI,4.8,64.66
INV4705,2026-02-17,C,Mumbai,Normal,Male,Cheese,Dairy,5,244.61,Net Banking,4.2,1223.05
INV4706,2026-03-13,C,Mumbai,Normal,Female,Face Wash,Personal Care,2,114.79,Net Banking,3.5,229.58
INV4707,2026-06-11,A,Jaipur,Normal,Male,Eggs,Dairy,9,98.36,UPI,4.0,885.24
INV4708,2026-06-09,C,Mumbai,Normal,Male,Face Wash,Personal Care,2,122.46,Net Banking,4.9,244.92
INV4709,2026-02-08,B,Delhi,Member,Female,Cooking Oil,Grocery,9,175.32,UPI,4.4,1577.88
INV4710,2026-04-29,A,Jaipur,Normal,Female,Face Wash,Personal Care,5,113.41,Cash,3.1,567.05
INV4711,2026-06-26,B,Delhi,Normal,Male,Soap,Personal Care,6,40.36,Cash,3.7,242.16
INV4712,2026-05-12,A,Jaipur,Normal,Male,Cooking Oil,Grocery,5,142.29,Card,4.9,711.45
INV4713,2026-05-06,D,Bengaluru,Member,Female,Potato,Vegetables,8,30.5,Card,4.8,244.0
INV4714,2026-05-17,D,Bengaluru,Normal,Male,Cold Drink,Beverages,8,66.83,UPI,4.2,534.64
INV4715,2026-05-23,B,Delhi,Normal,Female,Bread,Bakery,1,35.97,UPI,4.7,35.97
INV4716,2026-05-31,D,Bengaluru,Member,Male,Face Wash,Personal Care,10,107.24,Cash,4.4,1072.4
INV4717,2026-07-01,C,Mumbai,Normal,Female,Cold Drink,Beverages,1,60.46,Net Banking,4.8,60.46
INV4718,2026-06-16,C,Mumbai,Normal,Female,Cold Drink,Beverages,6,67.23,UPI,4.9,403.38
INV4719,2026-04-13,C,Mumbai,Normal,Female,Milk,Dairy,2,55.43,Net Banking,3.1,110.86
INV4720,2026-01-28,B,Delhi,Member,Male,Milk,Dairy,9,56.0,Card,3.9,504.0
INV4721,2026-05-07,A,Jaipur,Member,Female,Bananas,Fruits,9,66.59,Cash,3.5,599.31
INV4722,2026-05-11,D,Bengaluru,Normal,Male,Bananas,Fruits,4,64.59,UPI,4.7,258.36
INV4723,2026-02-04,C,Mumbai,Normal,Male,Noodles,Grocery,1,64.28,Card,3.8,64.28
INV4724,2026-03-22,B,Delhi,Member,Male,Bread,Bakery,6,38.64,UPI,4.8,231.84
INV4725,2026-01-09,B,Delhi,Member,Female,Soap,Personal Care,5,38.75,Card,3.6,193.75
INV4726,2026-06-20,C,Mumbai,Normal,Male,Milk,Dairy,4,52.66,Cash,4.3,210.64
INV4727,2026-05-15,C,Mumbai,Normal,Female,Cold Drink,Beverages,5,66.6,UPI,3.6,333.0
INV4728,2026-05-01,A,Jaipur,Normal,Female,Cold Drink,Beverages,10,63.13,UPI,4.5,631.3
INV4729,2026-06-05,C,Mumbai,Member,Male,Cheese,Dairy,3,198.6,Net Banking,4.9,595.8
INV4730,2026-02-06,C,Mumbai,Member,Female,Chocolate,Snacks,1,42.8,Net Banking,3.6,42.8
INV4731,2026-04-26,B,Delhi,Member,Female,Tea,Beverages,6,105.44,UPI,4.9,632.64
INV4732,2026-04-14,D,Bengaluru,Member,Female,Soap,Personal Care,3,38.92,Cash,3.1,116.76
INV4733,2026-04-25,D,Bengaluru,Member,Male,Milk,Dairy,8,53.11,Net Banking,3.7,424.88
INV4734,2026-05-20,B,Delhi,Normal,Female,Apples,Fruits,4,128.01,UPI,3.7,512.04
INV4735,2026-03-03,D,Bengaluru,Normal,Female,Soap,Personal Care,6,42.27,UPI,4.6,253.62
INV4736,2026-05-30,B,Delhi,Normal,Male,Eggs,Dairy,8,78.79,Card,4.0,630.32
INV4737,2026-04-08,B,Delhi,Member,Female,Cold Drink,Beverages,5,68.66,Cash,4.9,343.3
INV4738,2026-05-28,A,Jaipur,Normal,Female,Milk,Dairy,7,55.65,Net Banking,3.5,389.55
INV4739,2026-01-03,A,Jaipur,Member,Female,Soap,Personal Care,10,44.3,Net Banking,4.5,443.0
INV4740,2026-01-07,C,Mumbai,Member,Male,Soap,Personal Care,1,40.93,Card,4.3,40.93
INV4741,2026-03-02,D,Bengaluru,Normal,Female,Cooking Oil,Grocery,2,155.04,UPI,4.4,310.08
INV4742,2026-02-16,A,Jaipur,Normal,Female,Cheese,Dairy,5,211.96,Net Banking,3.4,1059.8
INV4743,2026-02-19,A,Jaipur,Normal,Male,Shampoo,Personal Care,9,153.67,UPI,4.5,1383.03
INV4744,2026-07-01,B,Delhi,Normal,Female,Shampoo,Personal Care,8,172.12,Net Banking,3.9,1376.96
INV4745,2026-02-10,C,Mumbai,Normal,Female,Shampoo,Personal Care,5,190.76,Net Banking,4.4,953.8
INV4746,2026-01-22,C,Mumbai,Member,Female,Chips,Snacks,1,39.86,UPI,3.6,39.86
INV4747,2026-05-26,B,Delhi,Member,Female,Tomato,Vegetables,5,42.86,UPI,4.4,214.3
INV4748,2026-06-07,C,Mumbai,Member,Male,Tea,Beverages,2,109.78,Net Banking,4.5,219.56
INV4749,2026-01-21,C,Mumbai,Normal,Male,Noodles,Grocery,7,48.04,Card,3.4,336.28
INV4750,2026-01-29,D,Bengaluru,Normal,Male,Noodles,Grocery,7,50.51,Card,4.5,353.57
INV4751,2026-04-30,A,Jaipur,Normal,Female,Shampoo,Personal Care,10,150.82,Card,4.4,1508.2
INV4752,2026-01-04,B,Delhi,Normal,Female,Cold Drink,Beverages,9,67.88,Card,3.4,610.92
INV4753,2026-03-31,D,Bengaluru,Member,Female,Chips,Snacks,8,30.07,Card,4.0,240.56
INV4754,2026-02-01,B,Delhi,Normal,Female,Cheese,Dairy,3,217.51,UPI,3.4,652.53
INV4755,2026-04-06,D,Bengaluru,Normal,Male,Coffee,Beverages,8,194.15,Net Banking,3.2,1553.2
INV4756,2026-05-21,B,Delhi,Normal,Male,Noodles,Grocery,10,47.09,Card,3.8,470.9
INV4757,2026-03-01,C,Mumbai,Normal,Female,Rice,Grocery,6,58.33,Cash,3.8,349.98
INV4758,2026-02-24,B,Delhi,Normal,Male,Face Wash,Personal Care,4,107.29,Net Banking,3.4,429.16
INV4759,2026-06-10,B,Delhi,Member,Male,Biscuits,Snacks,2,32.33,Cash,3.6,64.66
INV4760,2026-03-25,B,Delhi,Normal,Male,Bananas,Fruits,5,59.99,UPI,3.1,299.95
INV4761,2026-01-29,C,Mumbai,Normal,Male,Cold Drink,Beverages,7,75.87,Net Banking,4.5,531.09
INV4762,2026-02-22,B,Delhi,Normal,Male,Rice,Grocery,4,65.99,UPI,3.2,263.96
INV4763,2026-04-18,D,Bengaluru,Member,Female,Chips,Snacks,4,37.47,Cash,4.5,149.88
INV4764,2026-01-08,A,Jaipur,Normal,Female,Eggs,Dairy,8,95.27,Net Banking,4.8,762.16
INV4765,2026-04-04,C,Mumbai,Member,Male,Eggs,Dairy,4,81.97,Net Banking,3.5,327.88
INV4766,2026-05-22,A,Jaipur,Member,Male,Milk,Dairy,6,48.13,UPI,4.2,288.78
INV4767,2026-06-07,D,Bengaluru,Normal,Male,Rice,Grocery,6,67.43,Net Banking,3.1,404.58
INV4768,2026-03-24,C,Mumbai,Normal,Male,Tea,Beverages,4,138.76,Cash,4.7,555.04
INV4769,2026-01-15,D,Bengaluru,Normal,Female,Bread,Bakery,4,38.22,UPI,4.0,152.88
INV4770,2026-02-02,D,Bengaluru,Normal,Male,Soap,Personal Care,6,52.57,Cash,4.8,315.42
INV4771,2026-06-13,A,Jaipur,Member,Male,Face Wash,Personal Care,5,102.78,Net Banking,3.9,513.9
INV4772,2026-03-04,C,Mumbai,Member,Male,Bananas,Fruits,4,50.61,Cash,4.6,202.44
INV4773,2026-06-30,C,Mumbai,Member,Female,Cooking Oil,Grocery,6,146.75,Net Banking,4.4,880.5
INV4774,2026-03-19,A,Jaipur,Member,Male,Cooking Oil,Grocery,6,131.5,Cash,4.2,789.0
INV4775,2026-03-24,A,Jaipur,Normal,Male,Cheese,Dairy,8,202.61,Cash,3.8,1620.88
INV4776,2026-01-06,A,Jaipur,Normal,Male,Tea,Beverages,9,104.28,Card,3.3,938.52
INV4777,2026-05-02,D,Bengaluru,Member,Male,Soap,Personal Care,5,44.25,Net Banking,4.3,221.25
INV4778,2026-05-25,C,Mumbai,Member,Male,Tea,Beverages,1,125.55,Card,4.8,125.55
INV4779,2026-05-21,D,Bengaluru,Member,Male,Bread,Bakery,10,36.12,Card,4.8,361.2
INV4780,2026-05-31,C,Mumbai,Member,Female,Chips,Snacks,6,39.73,UPI,3.3,238.38
INV4781,2026-04-21,C,Mumbai,Normal,Female,Bread,Bakery,6,39.63,UPI,5.0,237.78
INV4782,2026-03-13,B,Delhi,Member,Male,Biscuits,Snacks,5,29.6,Cash,4.8,148.0
INV4783,2026-01-28,B,Delhi,Member,Female,Cold Drink,Beverages,1,73.84,Net Banking,4.0,73.84
INV4784,2026-04-12,A,Jaipur,Member,Male,Coffee,Beverages,1,166.37,UPI,4.5,166.37
INV4785,2026-01-24,D,Bengaluru,Member,Female,Potato,Vegetables,10,31.27,Card,4.4,312.7
INV4786,2026-01-13,C,Mumbai,Normal,Male,Cheese,Dairy,6,195.89,Net Banking,4.5,1175.34
INV4787,2026-03-08,B,Delhi,Member,Male,Rice,Grocery,7,80.3,Cash,3.4,562.1
INV4788,2026-06-26,C,Mumbai,Member,Female,Face Wash,Personal Care,6,111.18,Cash,4.0,667.08
INV4789,2026-05-04,C,Mumbai,Member,Female,Apples,Fruits,3,120.61,UPI,5.0,361.83
INV4790,2026-01-27,D,Bengaluru,Member,Male,Soap,Personal Care,8,38.35,UPI,4.7,306.8
INV4791,2026-02-10,D,Bengaluru,Member,Male,Cheese,Dairy,1,247.45,UPI,3.4,247.45
INV4792,2026-04-08,B,Delhi,Normal,Male,Coffee,Beverages,8,194.99,Cash,4.7,1559.92
INV4793,2026-02-11,C,Mumbai,Member,Female,Cheese,Dairy,6,243.1,Card,4.1,1458.6
INV4794,2026-01-09,B,Delhi,Member,Female,Soap,Personal Care,10,47.81,UPI,3.7,478.1
INV4795,2026-03-15,D,Bengaluru,Member,Female,Rice,Grocery,3,67.92,Cash,4.5,203.76
INV4796,2026-06-01,D,Bengaluru,Member,Male,Potato,Vegetables,6,36.39,Net Banking,3.8,218.34
INV4797,2026-01-02,D,Bengaluru,Normal,Female,Milk,Dairy,9,46.74,Cash,3.8,420.66
INV4798,2026-03-02,C,Mumbai,Normal,Female,Noodles,Grocery,3,51.52,Net Banking,3.3,154.56
INV4799,2026-04-13,D,Bengaluru,Normal,Male,Potato,Vegetables,3,31.39,Net Banking,4.2,94.17
INV4800,2026-04-29,C,Mumbai,Member,Female,Potato,Vegetables,7,34.72,Card,3.7,243.04
INV4801,2026-01-21,A,Jaipur,Normal,Female,Cooking Oil,Grocery,4,148.42,UPI,4.6,593.68
INV4802,2026-03-09,D,Bengaluru,Member,Male,Cold Drink,Beverages,3,55.33,Net Banking,3.9,165.99
INV4803,2026-01-02,A,Jaipur,Normal,Female,Milk,Dairy,3,48.37,UPI,4.7,145.11
INV4804,2026-05-15,D,Bengaluru,Normal,Male,Cold Drink,Beverages,1,64.24,Cash,3.2,64.24
INV4805,2026-03-29,B,Delhi,Normal,Female,Milk,Dairy,5,47.44,UPI,3.4,237.2
INV4806,2026-06-26,C,Mumbai,Normal,Male,Rice,Grocery,1,74.79,Cash,4.2,74.79
INV4807,2026-03-28,D,Bengaluru,Member,Male,Soap,Personal Care,7,43.19,Net Banking,4.9,302.33
INV4808,2026-04-13,B,Delhi,Normal,Male,Cooking Oil,Grocery,7,128.58,Card,3.4,900.06
INV4809,2026-06-14,B,Delhi,Normal,Male,Bread,Bakery,8,33.76,Net Banking,4.8,270.08
INV4810,2026-04-22,A,Jaipur,Member,Female,Cold Drink,Beverages,9,74.49,Cash,3.9,670.41
INV4811,2026-03-08,A,Jaipur,Normal,Male,Apples,Fruits,2,162.65,Net Banking,4.1,325.3
INV4812,2026-05-31,D,Bengaluru,Normal,Male,Chips,Snacks,8,36.54,Card,4.2,292.32
INV4813,2026-03-02,A,Jaipur,Normal,Male,Coffee,Beverages,6,191.36,UPI,4.3,1148.16
INV4814,2026-03-27,D,Bengaluru,Member,Female,Tomato,Vegetables,5,40.05,Cash,4.3,200.25
INV4815,2026-02-04,C,Mumbai,Member,Male,Cooking Oil,Grocery,7,149.06,UPI,3.8,1043.42
INV4816,2026-03-05,B,Delhi,Normal,Male,Cold Drink,Beverages,10,67.05,Card,4.8,670.5
INV4817,2026-05-19,D,Bengaluru,Normal,Female,Cold Drink,Beverages,4,63.79,Net Banking,4.1,255.16
INV4818,2026-04-18,D,Bengaluru,Member,Female,Chips,Snacks,2,38.66,Card,4.0,77.32
INV4819,2026-02-23,C,Mumbai,Member,Male,Rice,Grocery,6,58.35,Cash,4.8,350.1
INV4820,2026-01-09,C,Mumbai,Normal,Female,Cheese,Dairy,10,235.28,Cash,3.2,2352.8
INV4821,2026-02-27,B,Delhi,Member,Male,Face Wash,Personal Care,10,124.98,Net Banking,3.1,1249.8
INV4822,2026-04-16,A,Jaipur,Normal,Male,Biscuits,Snacks,1,31.23,Cash,4.3,31.23
INV4823,2026-06-09,B,Delhi,Member,Female,Apples,Fruits,7,140.2,Card,4.4,981.4
INV4824,2026-05-16,A,Jaipur,Member,Male,Potato,Vegetables,8,32.32,Cash,4.8,258.56
INV4825,2026-01-21,B,Delhi,Normal,Female,Noodles,Grocery,7,52.69,UPI,3.2,368.83
INV4826,2026-01-02,D,Bengaluru,Normal,Male,Bananas,Fruits,10,57.93,Card,4.9,579.3
INV4827,2026-02-17,C,Mumbai,Normal,Male,Noodles,Grocery,1,59.49,Card,4.8,59.49
INV4828,2026-01-12,C,Mumbai,Member,Female,Cheese,Dairy,8,237.44,Cash,3.5,1899.52
INV4829,2026-02-06,D,Bengaluru,Normal,Male,Biscuits,Snacks,2,32.81,Net Banking,3.7,65.62
INV4830,2026-03-31,A,Jaipur,Normal,Female,Face Wash,Personal Care,10,129.35,Net Banking,4.9,1293.5
INV4831,2026-05-09,A,Jaipur,Member,Male,Face Wash,Personal Care,9,130.89,Net Banking,4.4,1178.01
INV4832,2026-04-28,B,Delhi,Member,Male,Shampoo,Personal Care,7,175.45,Cash,3.5,1228.15
INV4833,2026-03-21,B,Delhi,Normal,Female,Potato,Vegetables,8,37.25,Cash,4.5,298.0
INV4834,2026-05-27,D,Bengaluru,Member,Male,Bread,Bakery,2,40.17,Cash,4.0,80.34
INV4835,2026-01-25,C,Mumbai,Normal,Female,Shampoo,Personal Care,4,152.4,Card,4.7,609.6
INV4836,2026-03-09,B,Delhi,Member,Female,Tomato,Vegetables,9,50.12,Card,5.0,451.08
INV4837,2026-02-28,B,Delhi,Member,Female,Biscuits,Snacks,7,32.68,Cash,4.9,228.76
INV4838,2026-03-29,C,Mumbai,Member,Female,Chips,Snacks,7,32.75,Net Banking,3.2,229.25
INV4839,2026-03-07,A,Jaipur,Member,Female,Shampoo,Personal Care,3,160.02,UPI,4.0,480.06
INV4840,2026-05-11,D,Bengaluru,Normal,Female,Chips,Snacks,2,30.24,Net Banking,3.4,60.48
INV4841,2026-02-26,C,Mumbai,Member,Female,Rice,Grocery,6,81.7,Card,4.6,490.2
INV4842,2026-02-05,A,Jaipur,Normal,Female,Tea,Beverages,8,116.0,Card,4.8,928.0
INV4843,2026-03-09,C,Mumbai,Member,Female,Apples,Fruits,8,146.93,Net Banking,4.3,1175.44
INV4844,2026-03-14,C,Mumbai,Normal,Female,Cooking Oil,Grocery,4,125.41,Net Banking,3.8,501.64
INV4845,2026-03-30,B,Delhi,Normal,Male,Chocolate,Snacks,3,59.28,Card,3.3,177.84
INV4846,2026-06-03,D,Bengaluru,Member,Female,Potato,Vegetables,4,30.57,Card,4.7,122.28
INV4847,2026-02-05,C,Mumbai,Normal,Female,Rice,Grocery,8,70.81,Cash,3.6,566.48
INV4848,2026-03-03,A,Jaipur,Normal,Male,Chocolate,Snacks,4,46.25,UPI,4.7,185.0
INV4849,2026-01-24,D,Bengaluru,Normal,Female,Bananas,Fruits,9,57.98,Cash,4.9,521.82
INV4850,2026-01-16,A,Jaipur,Normal,Female,Rice,Grocery,4,81.48,Cash,3.3,325.92
INV4851,2026-02-12,B,Delhi,Normal,Female,Apples,Fruits,3,157.87,Net Banking,3.8,473.61
INV4852,2026-01-08,A,Jaipur,Normal,Female,Face Wash,Personal Care,5,125.9,Net Banking,3.8,629.5
INV4853,2026-03-11,D,Bengaluru,Member,Male,Cold Drink,Beverages,10,64.68,UPI,5.0,646.8
INV4854,2026-06-28,A,Jaipur,Normal,Male,Bread,Bakery,5,39.39,Cash,4.8,196.95
INV4855,2026-01-14,C,Mumbai,Normal,Female,Noodles,Grocery,1,56.23,Cash,4.9,56.23
INV4856,2026-03-31,B,Delhi,Normal,Female,Apples,Fruits,5,137.97,Card,4.6,689.85
INV4857,2026-06-15,D,Bengaluru,Member,Female,Cheese,Dairy,4,256.78,Card,3.1,1027.12
INV4858,2026-06-23,D,Bengaluru,Member,Female,Cooking Oil,Grocery,1,155.21,UPI,4.2,155.21
INV4859,2026-01-03,A,Jaipur,Member,Male,Cold Drink,Beverages,2,75.43,Net Banking,4.6,150.86
INV4860,2026-03-25,C,Mumbai,Normal,Female,Soap,Personal Care,5,39.4,Card,4.7,197.0
INV4861,2026-06-07,B,Delhi,Member,Female,Chips,Snacks,9,39.56,UPI,3.6,356.04
INV4862,2026-01-20,B,Delhi,Member,Male,Potato,Vegetables,3,30.03,Cash,3.8,90.09
INV4863,2026-06-01,D,Bengaluru,Member,Male,Cheese,Dairy,6,230.54,UPI,3.5,1383.24
INV4864,2026-01-10,C,Mumbai,Normal,Male,Potato,Vegetables,2,34.93,UPI,4.3,69.86
INV4865,2026-04-17,C,Mumbai,Member,Female,Soap,Personal Care,2,42.07,Card,4.7,84.14
INV4866,2026-05-09,D,Bengaluru,Member,Female,Rice,Grocery,1,67.63,Card,4.1,67.63
INV4867,2026-01-01,C,Mumbai,Normal,Male,Cheese,Dairy,7,214.79,Cash,4.9,1503.53
INV4868,2026-06-28,D,Bengaluru,Normal,Female,Shampoo,Personal Care,6,190.92,Cash,4.4,1145.52
INV4869,2026-06-29,A,Jaipur,Member,Female,Chips,Snacks,4,39.67,Cash,4.4,158.68
INV4870,2026-04-10,C,Mumbai,Normal,Male,Cooking Oil,Grocery,9,136.02,UPI,3.6,1224.18
INV4871,2026-05-28,B,Delhi,Member,Male,Soap,Personal Care,1,41.0,UPI,4.8,41.0
INV4872,2026-05-10,A,Jaipur,Normal,Female,Bread,Bakery,2,34.23,Card,3.9,68.46
INV4873,2026-04-21,D,Bengaluru,Member,Female,Cooking Oil,Grocery,1,142.21,Cash,4.4,142.21
INV4874,2026-04-23,D,Bengaluru,Normal,Male,Potato,Vegetables,10,35.54,Card,3.3,355.4
INV4875,2026-06-01,B,Delhi,Normal,Female,Bread,Bakery,9,43.67,Cash,3.5,393.03
INV4876,2026-01-10,A,Jaipur,Normal,Female,Shampoo,Personal Care,7,175.49,Cash,4.3,1228.43
INV4877,2026-05-14,B,Delhi,Member,Female,Bananas,Fruits,3,50.86,Card,3.5,152.58
INV4878,2026-06-18,A,Jaipur,Member,Female,Eggs,Dairy,6,75.75,Card,3.3,454.5
INV4879,2026-06-30,C,Mumbai,Member,Female,Bananas,Fruits,2,55.39,Card,4.3,110.78
INV4880,2026-05-17,D,Bengaluru,Normal,Male,Coffee,Beverages,9,188.05,Cash,3.9,1692.45
INV4881,2026-04-03,B,Delhi,Normal,Female,Tomato,Vegetables,9,38.44,UPI,3.9,345.96
INV4882,2026-06-12,D,Bengaluru,Member,Female,Soap,Personal Care,8,38.57,Card,3.7,308.56
INV4883,2026-06-24,D,Bengaluru,Normal,Female,Noodles,Grocery,10,50.94,Card,4.4,509.4
INV4884,2026-05-27,A,Jaipur,Member,Male,Eggs,Dairy,8,85.93,UPI,4.9,687.44
INV4885,2026-05-21,A,Jaipur,Member,Female,Bread,Bakery,1,42.01,UPI,3.2,42.01
INV4886,2026-03-11,C,Mumbai,Member,Female,Cheese,Dairy,8,194.69,Net Banking,3.8,1557.52
INV4887,2026-02-26,D,Bengaluru,Normal,Male,Biscuits,Snacks,7,30.43,Card,4.3,213.01
INV4888,2026-02-26,A,Jaipur,Member,Female,Soap,Personal Care,7,42.45,Net Banking,3.1,297.15
INV4889,2026-01-14,B,Delhi,Member,Female,Eggs,Dairy,1,90.74,Net Banking,4.7,90.74
INV4890,2026-06-28,A,Jaipur,Member,Female,Bananas,Fruits,6,55.15,UPI,3.4,330.9
INV4891,2026-02-17,C,Mumbai,Member,Male,Cooking Oil,Grocery,3,145.67,Cash,4.2,437.01
INV4892,2026-05-18,B,Delhi,Member,Male,Potato,Vegetables,5,32.48,Cash,3.1,162.4
INV4893,2026-05-12,C,Mumbai,Normal,Male,Coffee,Beverages,2,177.93,UPI,4.7,355.86
INV4894,2026-05-01,D,Bengaluru,Normal,Female,Cooking Oil,Grocery,1,161.05,Net Banking,3.6,161.05
INV4895,2026-05-03,C,Mumbai,Member,Female,Cheese,Dairy,9,238.53,Net Banking,4.9,2146.77
INV4896,2026-05-29,C,Mumbai,Member,Male,Cheese,Dairy,6,247.36,Net Banking,3.9,1484.16
INV4897,2026-02-09,B,Delhi,Member,Male,Cheese,Dairy,8,195.58,Net Banking,3.6,1564.64
INV4898,2026-03-15,C,Mumbai,Member,Female,Noodles,Grocery,4,61.4,Card,3.9,245.6
INV4899,2026-03-08,C,Mumbai,Normal,Male,Cold Drink,Beverages,3,72.63,Net Banking,4.4,217.89
INV4900,2026-06-10,D,Bengaluru,Normal,Male,Tomato,Vegetables,10,40.3,UPI,4.3,403.0
INV4901,2026-06-15,D,Bengaluru,Member,Female,Soap,Personal Care,10,44.33,Net Banking,3.4,443.3
INV4902,2026-01-21,B,Delhi,Normal,Male,Biscuits,Snacks,7,28.12,Net Banking,3.2,196.84
INV4903,2026-01-03,B,Delhi,Normal,Female,Apples,Fruits,8,144.48,UPI,3.2,1155.84
INV4904,2026-02-11,B,Delhi,Member,Female,Rice,Grocery,4,61.79,Net Banking,3.8,247.16
INV4905,2026-02-19,C,Mumbai,Member,Male,Potato,Vegetables,2,33.38,Cash,4.6,66.76
INV4906,2026-02-28,C,Mumbai,Member,Male,Shampoo,Personal Care,7,177.92,UPI,4.9,1245.44
INV4907,2026-02-17,C,Mumbai,Member,Female,Chips,Snacks,8,36.74,Card,4.3,293.92
INV4908,2026-03-18,B,Delhi,Member,Male,Milk,Dairy,1,54.52,Card,5.0,54.52
INV4909,2026-01-16,A,Jaipur,Normal,Male,Bread,Bakery,9,43.47,UPI,3.8,391.23
INV4910,2026-02-26,B,Delhi,Normal,Male,Cold Drink,Beverages,3,72.52,Card,4.4,217.56
INV4911,2026-02-17,A,Jaipur,Normal,Male,Milk,Dairy,6,54.71,Card,4.2,328.26
INV4912,2026-04-03,C,Mumbai,Normal,Male,Bread,Bakery,2,33.64,Card,3.9,67.28
INV4913,2026-06-09,B,Delhi,Member,Male,Bananas,Fruits,4,68.87,UPI,3.7,275.48
INV4914,2026-04-28,A,Jaipur,Normal,Female,Soap,Personal Care,8,53.24,Net Banking,5.0,425.92
INV4915,2026-03-13,C,Mumbai,Member,Female,Soap,Personal Care,7,40.01,Card,4.0,280.07
INV4916,2026-01-20,C,Mumbai,Normal,Female,Bananas,Fruits,10,50.28,Cash,4.8,502.8
INV4917,2026-02-13,D,Bengaluru,Member,Male,Chocolate,Snacks,1,44.56,Net Banking,3.8,44.56
INV4918,2026-01-16,C,Mumbai,Normal,Male,Milk,Dairy,10,51.32,Net Banking,4.8,513.2
INV4919,2026-05-02,B,Delhi,Normal,Female,Shampoo,Personal Care,4,202.98,Card,4.1,811.92
INV4920,2026-02-20,B,Delhi,Normal,Male,Bread,Bakery,10,41.89,Card,4.0,418.9
INV4921,2026-02-26,C,Mumbai,Member,Female,Noodles,Grocery,9,59.98,Net Banking,4.0,539.82
INV4922,2026-01-08,B,Delhi,Member,Female,Milk,Dairy,7,53.12,Card,4.4,371.84
INV4923,2026-03-04,C,Mumbai,Normal,Male,Cold Drink,Beverages,9,72.92,UPI,3.7,656.28
INV4924,2026-05-17,A,Jaipur,Member,Male,Potato,Vegetables,3,40.08,UPI,4.0,120.24
INV4925,2026-04-29,B,Delhi,Normal,Male,Shampoo,Personal Care,4,172.29,Card,3.8,689.16
INV4926,2026-04-05,A,Jaipur,Normal,Male,Cooking Oil,Grocery,5,148.74,Net Banking,3.9,743.7
INV4927,2026-03-08,D,Bengaluru,Member,Male,Coffee,Beverages,9,211.31,Card,3.1,1901.79
INV4928,2026-05-26,C,Mumbai,Member,Male,Chocolate,Snacks,10,58.27,Cash,3.7,582.7
INV4929,2026-03-14,D,Bengaluru,Normal,Male,Cooking Oil,Grocery,7,136.7,UPI,4.0,956.9
INV4930,2026-06-02,B,Delhi,Normal,Male,Coffee,Beverages,8,205.5,Net Banking,4.6,1644.0
INV4931,2026-01-08,B,Delhi,Normal,Male,Milk,Dairy,1,57.97,Cash,3.2,57.97
INV4932,2026-04-17,C,Mumbai,Normal,Male,Cold Drink,Beverages,4,60.78,Card,3.6,243.12
INV4933,2026-03-23,B,Delhi,Normal,Female,Apples,Fruits,8,117.62,UPI,3.7,940.96
INV4934,2026-06-05,B,Delhi,Normal,Male,Soap,Personal Care,1,51.81,Cash,3.3,51.81
INV4935,2026-03-11,C,Mumbai,Normal,Female,Noodles,Grocery,3,53.27,Net Banking,5.0,159.81
INV4936,2026-05-10,C,Mumbai,Member,Female,Apples,Fruits,9,121.58,UPI,3.9,1094.22
INV4937,2026-01-07,A,Jaipur,Member,Female,Potato,Vegetables,4,31.63,Card,4.1,126.52
INV4938,2026-06-17,B,Delhi,Member,Male,Rice,Grocery,6,71.01,Card,3.6,426.06
INV4939,2026-02-04,C,Mumbai,Member,Female,Rice,Grocery,4,65.36,UPI,4.5,261.44
INV4940,2026-03-11,A,Jaipur,Member,Female,Potato,Vegetables,9,33.57,Cash,4.3,302.13
INV4941,2026-06-10,D,Bengaluru,Member,Male,Bread,Bakery,1,38.76,UPI,3.2,38.76
INV4942,2026-05-15,B,Delhi,Member,Male,Rice,Grocery,1,68.43,UPI,4.8,68.43
INV4943,2026-01-07,A,Jaipur,Normal,Male,Rice,Grocery,5,79.98,UPI,3.6,399.9
INV4944,2026-05-18,D,Bengaluru,Normal,Male,Rice,Grocery,6,63.29,Cash,4.2,379.74
INV4945,2026-03-02,B,Delhi,Member,Male,Rice,Grocery,9,70.54,UPI,4.9,634.86
INV4946,2026-02-06,C,Mumbai,Normal,Male,Tea,Beverages,7,131.16,Net Banking,4.1,918.12
INV4947,2026-03-17,B,Delhi,Member,Female,Eggs,Dairy,2,87.26,Card,4.9,174.52
INV4948,2026-05-04,B,Delhi,Member,Female,Bananas,Fruits,9,59.13,Cash,3.1,532.17
INV4949,2026-06-10,B,Delhi,Member,Female,Tomato,Vegetables,10,49.58,Net Banking,4.8,495.8
INV4950,2026-06-13,D,Bengaluru,Member,Male,Biscuits,Snacks,9,27.05,UPI,4.7,243.45
INV4951,2026-05-25,D,Bengaluru,Normal,Female,Milk,Dairy,2,55.36,Net Banking,3.8,110.72
INV4952,2026-06-18,B,Delhi,Member,Male,Bananas,Fruits,2,50.1,Cash,4.2,100.2
INV4953,2026-01-27,B,Delhi,Member,Male,Cooking Oil,Grocery,9,130.53,Card,4.7,1174.77
INV4954,2026-05-21,C,Mumbai,Member,Male,Chips,Snacks,3,31.65,Cash,4.9,94.95
INV4955,2026-06-27,C,Mumbai,Normal,Female,Bananas,Fruits,2,50.73,UPI,3.4,101.46
INV4956,2026-05-29,B,Delhi,Normal,Female,Soap,Personal Care,9,48.32,UPI,4.0,434.88
INV4957,2026-06-18,C,Mumbai,Member,Male,Eggs,Dairy,9,94.69,Card,3.5,852.21
INV4958,2026-06-12,C,Mumbai,Normal,Female,Cheese,Dairy,2,260.18,Cash,3.6,520.36
INV4959,2026-06-28,B,Delhi,Member,Female,Biscuits,Snacks,7,29.63,Cash,5.0,207.41
INV4960,2026-06-14,D,Bengaluru,Normal,Female,Noodles,Grocery,4,55.99,Cash,4.9,223.96
INV4961,2026-04-02,C,Mumbai,Member,Female,Potato,Vegetables,10,34.8,Net Banking,4.8,348.0
INV4962,2026-02-06,A,Jaipur,Member,Male,Chips,Snacks,4,35.34,Card,3.9,141.36
INV4963,2026-06-21,D,Bengaluru,Member,Male,Coffee,Beverages,5,181.88,Cash,3.8,909.4
INV4964,2026-01-28,C,Mumbai,Normal,Female,Biscuits,Snacks,10,25.9,Card,3.8,259.0
INV4965,2026-02-18,D,Bengaluru,Normal,Female,Apples,Fruits,9,138.29,Net Banking,3.4,1244.61
INV4966,2026-01-06,D,Bengaluru,Member,Male,Cheese,Dairy,7,255.75,Cash,4.2,1790.25
INV4967,2026-05-13,D,Bengaluru,Normal,Male,Cheese,Dairy,9,199.06,Net Banking,3.1,1791.54
INV4968,2026-03-23,C,Mumbai,Normal,Female,Apples,Fruits,7,154.88,UPI,3.5,1084.16
INV4969,2026-01-04,B,Delhi,Member,Male,Cheese,Dairy,9,199.53,UPI,3.8,1795.77
INV4970,2026-06-22,C,Mumbai,Member,Female,Rice,Grocery,1,77.57,UPI,3.8,77.57
INV4971,2026-01-18,D,Bengaluru,Normal,Female,Cheese,Dairy,6,206.43,Card,4.0,1238.58
INV4972,2026-01-30,D,Bengaluru,Member,Male,Potato,Vegetables,4,34.47,Cash,4.6,137.88
INV4973,2026-02-28,B,Delhi,Normal,Male,Bananas,Fruits,1,52.73,Cash,4.2,52.73
INV4974,2026-02-23,C,Mumbai,Member,Female,Milk,Dairy,4,63.65,Net Banking,4.4,254.6
INV4975,2026-06-01,A,Jaipur,Member,Female,Apples,Fruits,9,149.12,Net Banking,4.8,1342.08
INV4976,2026-03-07,D,Bengaluru,Member,Male,Biscuits,Snacks,8,35.18,UPI,4.2,281.44
INV4977,2026-03-24,B,Delhi,Member,Female,Shampoo,Personal Care,8,204.78,Card,4.6,1638.24
INV4978,2026-02-08,A,Jaipur,Member,Female,Tomato,Vegetables,6,47.09,Card,5.0,282.54
INV4979,2026-02-10,B,Delhi,Member,Female,Soap,Personal Care,3,49.96,Net Banking,3.2,149.88
INV4980,2026-02-03,B,Delhi,Member,Female,Potato,Vegetables,6,36.46,Net Banking,3.4,218.76
INV4981,2026-04-22,C,Mumbai,Member,Female,Soap,Personal Care,6,45.83,Cash,3.6,274.98
INV4982,2026-02-23,B,Delhi,Normal,Male,Chocolate,Snacks,8,50.81,Cash,3.2,406.48
INV4983,2026-04-25,C,Mumbai,Normal,Female,Rice,Grocery,9,73.11,Net Banking,4.0,657.99
INV4984,2026-06-25,B,Delhi,Normal,Female,Biscuits,Snacks,1,26.14,Cash,4.9,26.14
INV4985,2026-01-06,C,Mumbai,Normal,Female,Bananas,Fruits,3,54.07,Net Banking,3.2,162.21
INV4986,2026-05-16,B,Delhi,Normal,Male,Chocolate,Snacks,3,42.32,Card,3.9,126.96
INV4987,2026-01-28,A,Jaipur,Normal,Male,Chips,Snacks,9,30.12,UPI,3.1,271.08
INV4988,2026-04-26,D,Bengaluru,Normal,Male,Cheese,Dairy,8,249.32,Net Banking,4.0,1994.56
INV4989,2026-06-11,D,Bengaluru,Normal,Male,Cooking Oil,Grocery,2,125.55,Net Banking,3.3,251.1
INV4990,2026-04-20,A,Jaipur,Normal,Male,Face Wash,Personal Care,3,128.58,Cash,4.5,385.74
INV4991,2026-03-25,B,Delhi,Member,Male,Soap,Personal Care,9,52.09,Net Banking,3.5,468.81
INV4992,2026-05-18,B,Delhi,Normal,Female,Noodles,Grocery,8,59.73,Card,3.8,477.84
INV4993,2026-05-18,D,Bengaluru,Normal,Female,Chocolate,Snacks,8,55.52,UPI,3.8,444.16
INV4994,2026-02-19,B,Delhi,Member,Female,Chocolate,Snacks,5,50.56,Cash,3.5,252.8
INV4995,2026-03-03,B,Delhi,Normal,Male,Biscuits,Snacks,2,32.7,Card,3.9,65.4
INV4996,2026-01-15,B,Delhi,Member,Male,Soap,Personal Care,4,40.22,UPI,4.4,160.88
INV4997,2026-03-20,D,Bengaluru,Member,Male,Noodles,Grocery,5,54.82,Cash,4.7,274.1
INV4998,2026-03-16,A,Jaipur,Normal,Male,Milk,Dairy,9,46.4,Card,3.8,417.6
INV4999,2026-04-15,B,Delhi,Normal,Male,Tomato,Vegetables,3,42.78,Net Banking,4.9,128.34
INV5000,2026-01-11,D,Bengaluru,Member,Male,Milk,Dairy,9,61.76,Cash,4.3,555.84
INV5001,2026-06-19,A,Jaipur,Normal,Female,Cold Drink,Beverages,7,56.83,Net Banking,3.2,397.81
INV5002,2026-01-07,B,Delhi,Normal,Male,Chocolate,Snacks,4,51.37,Cash,3.3,205.48
INV5003,2026-05-28,D,Bengaluru,Normal,Female,Chips,Snacks,5,34.72,UPI,4.1,173.6
INV5004,2026-04-07,C,Mumbai,Normal,Male,Bread,Bakery,10,34.34,Cash,3.2,343.4
INV5005,2026-05-11,C,Mumbai,Member,Male,Rice,Grocery,8,75.42,Cash,3.7,603.36
INV5006,2026-02-17,D,Bengaluru,Member,Male,Shampoo,Personal Care,7,208.13,Card,3.1,1456.91
INV5007,2026-01-27,C,Mumbai,Normal,Female,Cooking Oil,Grocery,2,151.51,Cash,3.5,303.02
INV5008,2026-03-21,B,Delhi,Normal,Female,Rice,Grocery,9,73.69,UPI,3.5,663.21
INV5009,2026-01-02,D,Bengaluru,Normal,Female,Cheese,Dairy,1,210.21,Card,4.8,210.21
INV5010,2026-05-01,D,Bengaluru,Member,Female,Rice,Grocery,4,69.18,Net Banking,4.9,276.72
INV5011,2026-01-02,D,Bengaluru,Normal,Male,Cheese,Dairy,3,196.16,Cash,4.2,588.48
INV5012,2026-05-28,C,Mumbai,Normal,Female,Chips,Snacks,3,40.08,UPI,3.5,120.24
INV5013,2026-01-06,A,Jaipur,Member,Female,Cheese,Dairy,10,221.82,UPI,4.6,2218.2
INV5014,2026-04-29,A,Jaipur,Member,Male,Milk,Dairy,2,54.35,Cash,3.1,108.7
INV5015,2026-03-29,A,Jaipur,Normal,Male,Rice,Grocery,9,61.54,Cash,3.6,553.86
INV5016,2026-03-21,D,Bengaluru,Member,Male,Face Wash,Personal Care,2,105.38,Net Banking,3.7,210.76
INV5017,2026-01-18,C,Mumbai,Normal,Female,Milk,Dairy,1,59.42,Net Banking,4.5,59.42
INV5018,2026-03-19,B,Delhi,Member,Female,Cheese,Dairy,1,213.29,Net Banking,3.1,213.29
INV5019,2026-02-23,C,Mumbai,Member,Female,Noodles,Grocery,8,52.73,Net Banking,4.6,421.84
INV5020,2026-06-13,A,Jaipur,Member,Male,Soap,Personal Care,4,39.46,Net Banking,3.6,157.84
INV5021,2026-05-12,D,Bengaluru,Member,Male,Noodles,Grocery,6,60.46,Net Banking,3.1,362.76
INV5022,2026-02-06,C,Mumbai,Member,Male,Bananas,Fruits,1,55.84,Card,3.5,55.84
INV5023,2026-02-16,D,Bengaluru,Member,Male,Rice,Grocery,1,79.6,Card,4.0,79.6
INV5024,2026-01-13,D,Bengaluru,Normal,Female,Noodles,Grocery,4,63.02,UPI,3.4,252.08
INV5025,2026-05-11,B,Delhi,Normal,Male,Bananas,Fruits,8,56.32,Card,3.7,450.56
INV5026,2026-05-04,B,Delhi,Member,Male,Tomato,Vegetables,10,49.12,Cash,3.6,491.2
INV5027,2026-04-13,C,Mumbai,Member,Male,Coffee,Beverages,1,179.22,Cash,4.3,179.22
INV5028,2026-02-06,A,Jaipur,Normal,Male,Tomato,Vegetables,4,41.84,Cash,3.3,167.36
INV5029,2026-06-28,C,Mumbai,Normal,Female,Tea,Beverages,3,112.64,UPI,4.9,337.92
INV5030,2026-03-25,A,Jaipur,Member,Male,Chocolate,Snacks,8,59.11,Card,3.5,472.88
INV5031,2026-04-16,C,Mumbai,Member,Male,Face Wash,Personal Care,2,108.17,Cash,4.9,216.34
INV5032,2026-05-20,C,Mumbai,Normal,Female,Chips,Snacks,6,29.74,Card,3.1,178.44
INV5033,2026-05-16,B,Delhi,Member,Male,Potato,Vegetables,6,31.09,Cash,3.9,186.54
INV5034,2026-02-14,A,Jaipur,Normal,Female,Potato,Vegetables,4,34.13,Net Banking,3.0,136.52
INV5035,2026-04-13,B,Delhi,Member,Male,Milk,Dairy,1,49.97,Card,4.6,49.97
INV5036,2026-01-17,D,Bengaluru,Member,Male,Tomato,Vegetables,4,42.8,Card,4.5,171.2
INV5037,2026-02-02,D,Bengaluru,Member,Female,Cooking Oil,Grocery,2,150.52,Cash,3.7,301.04
INV5038,2026-01-24,C,Mumbai,Member,Male,Soap,Personal Care,7,52.28,Card,4.1,365.96
INV5039,2026-02-22,C,Mumbai,Normal,Female,Coffee,Beverages,5,204.72,Net Banking,4.5,1023.6
INV5040,2026-04-30,C,Mumbai,Normal,Male,Cheese,Dairy,2,214.49,Cash,3.2,428.98
INV5041,2026-06-13,C,Mumbai,Normal,Female,Noodles,Grocery,10,53.06,Net Banking,3.5,530.6
INV5042,2026-06-09,D,Bengaluru,Normal,Female,Apples,Fruits,4,147.9,Cash,3.4,591.6
INV5043,2026-02-02,B,Delhi,Normal,Female,Bread,Bakery,2,33.94,Card,3.5,67.88
INV5044,2026-06-13,D,Bengaluru,Normal,Female,Coffee,Beverages,7,211.09,Cash,4.5,1477.63
INV5045,2026-01-06,C,Mumbai,Member,Male,Face Wash,Personal Care,6,105.03,UPI,3.7,630.18
INV5046,2026-04-10,A,Jaipur,Member,Female,Eggs,Dairy,7,82.34,Cash,3.2,576.38
INV5047,2026-06-28,D,Bengaluru,Normal,Male,Tea,Beverages,8,133.05,Card,3.1,1064.4
INV5048,2026-01-29,A,Jaipur,Member,Male,Bread,Bakery,6,36.54,Net Banking,4.1,219.24
INV5049,2026-02-24,B,Delhi,Normal,Male,Apples,Fruits,9,160.29,Net Banking,4.7,1442.61
INV5050,2026-03-08,B,Delhi,Normal,Male,Potato,Vegetables,4,40.91,UPI,4.8,163.64
INV5051,2026-06-30,D,Bengaluru,Member,Female,Cheese,Dairy,1,194.46,Cash,4.9,194.46
INV5052,2026-01-28,A,Jaipur,Normal,Female,Milk,Dairy,9,48.99,Cash,4.4,440.91
INV5053,2026-02-11,D,Bengaluru,Member,Male,Soap,Personal Care,5,44.32,Net Banking,4.2,221.6
INV5054,2026-04-24,D,Bengaluru,Normal,Female,Chocolate,Snacks,2,46.56,Net Banking,4.1,93.12
INV5055,2026-04-20,B,Delhi,Normal,Female,Rice,Grocery,6,58.74,Card,4.0,352.44
INV5056,2026-06-05,C,Mumbai,Normal,Male,Eggs,Dairy,5,76.57,UPI,3.6,382.85
INV5057,2026-02-09,C,Mumbai,Member,Male,Bananas,Fruits,2,52.87,Net Banking,3.2,105.74
INV5058,2026-06-24,C,Mumbai,Member,Male,Cheese,Dairy,2,221.1,Cash,5.0,442.2
INV5059,2026-05-29,D,Bengaluru,Member,Female,Soap,Personal Care,2,44.16,Net Banking,3.5,88.32
INV5060,2026-01-02,C,Mumbai,Member,Male,Potato,Vegetables,7,34.42,Card,3.5,240.94
INV5061,2026-05-28,A,Jaipur,Normal,Female,Face Wash,Personal Care,6,116.23,Cash,4.8,697.38
INV5062,2026-01-23,B,Delhi,Member,Male,Cheese,Dairy,6,213.68,Card,4.0,1282.08
INV5063,2026-04-26,D,Bengaluru,Member,Female,Tea,Beverages,8,139.05,Card,3.9,1112.4
INV5064,2026-02-07,C,Mumbai,Member,Female,Rice,Grocery,6,59.74,Card,3.3,358.44
INV5065,2026-06-26,D,Bengaluru,Member,Female,Noodles,Grocery,7,52.51,UPI,4.8,367.57
INV5066,2026-05-30,B,Delhi,Normal,Male,Chocolate,Snacks,6,54.82,Cash,5.0,328.92
INV5067,2026-03-26,D,Bengaluru,Member,Male,Milk,Dairy,3,59.43,Cash,3.1,178.29
INV5068,2026-01-23,D,Bengaluru,Normal,Female,Bread,Bakery,10,46.89,Card,3.2,468.9
INV5069,2026-03-12,C,Mumbai,Member,Male,Milk,Dairy,3,56.68,UPI,4.8,170.04
INV5070,2026-05-12,A,Jaipur,Member,Female,Chocolate,Snacks,1,57.67,Net Banking,4.9,57.67
INV5071,2026-04-27,A,Jaipur,Member,Female,Shampoo,Personal Care,5,179.64,Cash,4.9,898.2
INV5072,2026-04-04,D,Bengaluru,Member,Female,Bread,Bakery,6,35.92,Net Banking,3.6,215.52
INV5073,2026-02-15,D,Bengaluru,Member,Female,Tea,Beverages,9,101.76,Cash,3.8,915.84
INV5074,2026-03-22,A,Jaipur,Member,Female,Milk,Dairy,9,53.6,Card,5.0,482.4
INV5075,2026-02-01,B,Delhi,Member,Female,Bananas,Fruits,6,62.31,Cash,4.0,373.86
INV5076,2026-03-08,B,Delhi,Member,Female,Eggs,Dairy,8,86.17,Card,3.9,689.36
INV5077,2026-05-11,C,Mumbai,Member,Female,Potato,Vegetables,6,35.16,Cash,4.3,210.96
INV5078,2026-02-08,A,Jaipur,Normal,Male,Biscuits,Snacks,8,27.56,Card,3.9,220.48
INV5079,2026-02-18,D,Bengaluru,Member,Male,Bread,Bakery,4,39.25,Net Banking,4.5,157.0
INV5080,2026-03-11,A,Jaipur,Member,Male,Potato,Vegetables,4,38.93,Net Banking,4.6,155.72
INV5081,2026-04-15,A,Jaipur,Member,Female,Chips,Snacks,7,33.0,Net Banking,3.2,231.0
INV5082,2026-03-30,D,Bengaluru,Normal,Male,Soap,Personal Care,4,46.34,Cash,4.7,185.36
INV5083,2026-05-28,A,Jaipur,Normal,Female,Tea,Beverages,3,101.44,UPI,3.3,304.32
INV5084,2026-02-07,D,Bengaluru,Member,Female,Chips,Snacks,2,38.2,Net Banking,4.5,76.4
INV5085,2026-03-06,B,Delhi,Member,Male,Bread,Bakery,2,38.02,Cash,4.5,76.04
INV5086,2026-01-25,A,Jaipur,Normal,Female,Cheese,Dairy,5,239.43,Card,3.7,1197.15
INV5087,2026-02-01,D,Bengaluru,Normal,Male,Soap,Personal Care,2,53.14,UPI,3.0,106.28
INV5088,2026-06-27,B,Delhi,Member,Male,Apples,Fruits,10,123.55,UPI,4.9,1235.5
INV5089,2026-04-08,C,Mumbai,Normal,Male,Chips,Snacks,9,29.81,UPI,4.3,268.29
INV5090,2026-04-25,D,Bengaluru,Member,Female,Coffee,Beverages,7,164.25,Net Banking,4.2,1149.75
INV5091,2026-02-17,A,Jaipur,Normal,Male,Rice,Grocery,3,64.59,Net Banking,3.2,193.77
INV5092,2026-02-28,C,Mumbai,Member,Female,Chips,Snacks,5,40.02,Net Banking,3.4,200.1
INV5093,2026-02-11,C,Mumbai,Member,Female,Eggs,Dairy,9,92.65,Net Banking,4.6,833.85
INV5094,2026-05-13,D,Bengaluru,Member,Female,Cold Drink,Beverages,10,62.49,Card,3.3,624.9
INV5095,2026-05-26,B,Delhi,Member,Female,Eggs,Dairy,5,102.11,Cash,3.3,510.55
INV5096,2026-05-04,C,Mumbai,Member,Female,Cold Drink,Beverages,5,74.21,UPI,4.2,371.05
INV5097,2026-06-03,A,Jaipur,Normal,Female,Eggs,Dairy,8,82.85,Cash,4.1,662.8
INV5098,2026-01-27,D,Bengaluru,Member,Male,Bread,Bakery,3,45.67,UPI,3.9,137.01
INV5099,2026-04-13,D,Bengaluru,Normal,Male,Chips,Snacks,4,34.0,UPI,4.1,136.0
INV5100,2026-01-29,C,Mumbai,Normal,Female,Noodles,Grocery,8,58.21,UPI,4.1,465.68
INV5101,2026-05-18,D,Bengaluru,Normal,Male,Rice,Grocery,8,74.11,UPI,4.7,592.88
INV5102,2026-02-24,A,Jaipur,Normal,Female,Bananas,Fruits,8,50.77,Card,4.4,406.16
INV5103,2026-03-03,C,Mumbai,Member,Male,Potato,Vegetables,8,29.88,Card,3.9,239.04
INV5104,2026-06-02,C,Mumbai,Normal,Male,Cooking Oil,Grocery,5,173.89,UPI,3.5,869.45
INV5105,2026-03-11,D,Bengaluru,Normal,Male,Chocolate,Snacks,9,45.71,UPI,4.4,411.39
INV5106,2026-01-20,C,Mumbai,Normal,Male,Coffee,Beverages,4,207.93,Net Banking,4.0,831.72
INV5107,2026-05-18,C,Mumbai,Member,Female,Biscuits,Snacks,1,30.48,UPI,4.8,30.48
INV5108,2026-06-06,B,Delhi,Member,Male,Bananas,Fruits,1,62.91,Cash,4.8,62.91
INV5109,2026-03-15,A,Jaipur,Normal,Male,Eggs,Dairy,10,87.47,Card,3.6,874.7
INV5110,2026-05-25,C,Mumbai,Normal,Female,Soap,Personal Care,3,52.45,Cash,3.9,157.35
INV5111,2026-05-16,B,Delhi,Member,Female,Potato,Vegetables,3,33.28,Net Banking,4.9,99.84
INV5112,2026-01-09,B,Delhi,Normal,Male,Cheese,Dairy,10,194.33,Card,4.6,1943.3
INV5113,2026-05-26,D,Bengaluru,Member,Male,Cheese,Dairy,6,196.22,Net Banking,4.9,1177.32
INV5114,2026-01-12,D,Bengaluru,Normal,Female,Bananas,Fruits,2,61.02,Net Banking,4.9,122.04
INV5115,2026-03-28,B,Delhi,Normal,Male,Tomato,Vegetables,3,46.99,Cash,3.1,140.97
INV5116,2026-04-06,A,Jaipur,Member,Male,Face Wash,Personal Care,9,132.31,UPI,4.1,1190.79
INV5117,2026-03-14,C,Mumbai,Member,Female,Cheese,Dairy,10,196.48,Card,3.8,1964.8
INV5118,2026-05-08,C,Mumbai,Normal,Male,Noodles,Grocery,6,58.04,Card,3.9,348.24
INV5119,2026-04-12,B,Delhi,Member,Female,Cooking Oil,Grocery,5,127.16,UPI,3.5,635.8
INV5120,2026-04-22,D,Bengaluru,Normal,Female,Noodles,Grocery,9,64.01,Cash,4.2,576.09
INV5121,2026-01-12,C,Mumbai,Member,Male,Noodles,Grocery,10,54.41,Net Banking,3.5,544.1
INV5122,2026-03-11,D,Bengaluru,Member,Female,Chips,Snacks,4,39.78,Cash,3.1,159.12
INV5123,2026-01-03,A,Jaipur,Member,Male,Eggs,Dairy,4,99.21,Net Banking,4.4,396.84
INV5124,2026-03-05,A,Jaipur,Normal,Male,Milk,Dairy,10,48.04,Card,4.3,480.4
INV5125,2026-04-01,D,Bengaluru,Normal,Male,Biscuits,Snacks,9,28.52,UPI,3.5,256.68
INV5126,2026-01-01,A,Jaipur,Normal,Male,Potato,Vegetables,4,36.62,UPI,4.8,146.48
INV5127,2026-05-05,D,Bengaluru,Member,Male,Cold Drink,Beverages,1,55.42,Card,3.7,55.42
INV5128,2026-04-26,D,Bengaluru,Normal,Female,Tomato,Vegetables,2,51.43,Net Banking,3.5,102.86
INV5129,2026-02-11,B,Delhi,Member,Female,Noodles,Grocery,10,65.04,Cash,4.2,650.4
INV5130,2026-02-10,C,Mumbai,Member,Female,Apples,Fruits,4,131.45,Net Banking,3.8,525.8
INV5131,2026-04-06,B,Delhi,Member,Male,Coffee,Beverages,9,211.76,UPI,3.5,1905.84
INV5132,2026-05-12,C,Mumbai,Member,Female,Face Wash,Personal Care,10,105.24,Cash,4.3,1052.4
INV5133,2026-03-28,C,Mumbai,Normal,Male,Potato,Vegetables,6,30.62,Cash,5.0,183.72
INV5134,2026-01-24,A,Jaipur,Normal,Male,Apples,Fruits,8,151.45,Net Banking,3.7,1211.6
INV5135,2026-01-26,C,Mumbai,Normal,Female,Tea,Beverages,1,101.8,Net Banking,4.9,101.8
INV5136,2026-05-30,A,Jaipur,Member,Female,Eggs,Dairy,2,77.47,Net Banking,4.6,154.94
INV5137,2026-03-11,C,Mumbai,Normal,Female,Bananas,Fruits,1,50.61,Cash,3.7,50.61
INV5138,2026-06-05,C,Mumbai,Member,Male,Tomato,Vegetables,10,42.45,Card,4.3,424.5
INV5139,2026-04-07,B,Delhi,Normal,Male,Tea,Beverages,10,131.16,Cash,4.7,1311.6
INV5140,2026-05-30,D,Bengaluru,Normal,Female,Coffee,Beverages,8,164.07,UPI,5.0,1312.56
INV5141,2026-02-14,B,Delhi,Normal,Female,Cold Drink,Beverages,1,63.12,Card,4.7,63.12
INV5142,2026-03-23,B,Delhi,Normal,Male,Chocolate,Snacks,6,42.35,Card,3.8,254.1
INV5143,2026-04-11,A,Jaipur,Normal,Female,Coffee,Beverages,6,154.82,Net Banking,3.0,928.92
INV5144,2026-01-23,C,Mumbai,Normal,Male,Shampoo,Personal Care,9,154.97,Cash,4.4,1394.73
INV5145,2026-04-22,B,Delhi,Member,Male,Cooking Oil,Grocery,4,165.97,UPI,4.3,663.88
INV5146,2026-06-30,C,Mumbai,Member,Male,Face Wash,Personal Care,6,108.37,Cash,3.7,650.22
INV5147,2026-05-14,D,Bengaluru,Member,Male,Noodles,Grocery,5,46.86,Net Banking,3.7,234.3
INV5148,2026-03-04,D,Bengaluru,Normal,Male,Biscuits,Snacks,9,28.5,Cash,4.9,256.5
INV5149,2026-05-13,B,Delhi,Member,Female,Cheese,Dairy,2,244.37,UPI,3.2,488.74
INV5150,2026-04-14,A,Jaipur,Normal,Female,Chips,Snacks,8,35.76,Net Banking,4.1,286.08
INV5151,2026-03-10,B,Delhi,Member,Female,Cold Drink,Beverages,3,75.06,Cash,4.6,225.18
INV5152,2026-02-18,D,Bengaluru,Normal,Male,Biscuits,Snacks,8,30.99,UPI,4.3,247.92
INV5153,2026-02-03,B,Delhi,Normal,Female,Tomato,Vegetables,4,53.12,UPI,4.4,212.48
INV5154,2026-05-20,C,Mumbai,Member,Female,Cheese,Dairy,5,199.1,Net Banking,4.5,995.5
INV5155,2026-02-02,C,Mumbai,Normal,Female,Biscuits,Snacks,1,27.59,Net Banking,3.2,27.59
INV5156,2026-06-28,B,Delhi,Normal,Male,Tea,Beverages,9,138.58,Card,4.3,1247.22
INV5157,2026-02-10,A,Jaipur,Member,Female,Cooking Oil,Grocery,4,161.48,Card,3.0,645.92
INV5158,2026-02-27,B,Delhi,Member,Female,Tea,Beverages,3,126.9,UPI,3.4,380.7
INV5159,2026-02-26,D,Bengaluru,Member,Male,Tea,Beverages,7,106.22,Net Banking,3.9,743.54
INV5160,2026-03-03,C,Mumbai,Member,Female,Cooking Oil,Grocery,3,157.64,Net Banking,3.5,472.92
INV5161,2026-06-28,D,Bengaluru,Member,Female,Potato,Vegetables,8,36.88,Cash,3.9,295.04
INV5162,2026-06-03,D,Bengaluru,Normal,Male,Tea,Beverages,3,120.98,Cash,4.9,362.94
INV5163,2026-05-16,C,Mumbai,Normal,Female,Noodles,Grocery,4,63.39,Cash,3.6,253.56
INV5164,2026-06-20,C,Mumbai,Member,Male,Cooking Oil,Grocery,7,172.26,Cash,4.6,1205.82
INV5165,2026-06-11,B,Delhi,Normal,Female,Cooking Oil,Grocery,5,124.85,Card,4.9,624.25
INV5166,2026-04-18,D,Bengaluru,Member,Male,Soap,Personal Care,10,42.06,Cash,4.5,420.6
INV5167,2026-03-07,B,Delhi,Normal,Male,Eggs,Dairy,6,77.98,Net Banking,3.6,467.88
INV5168,2026-03-06,C,Mumbai,Normal,Male,Rice,Grocery,5,66.57,UPI,3.7,332.85
INV5169,2026-03-03,A,Jaipur,Normal,Male,Soap,Personal Care,8,47.28,UPI,4.5,378.24
INV5170,2026-02-21,D,Bengaluru,Member,Female,Bread,Bakery,7,47.18,UPI,3.7,330.26
INV5171,2026-05-10,A,Jaipur,Normal,Male,Coffee,Beverages,10,162.64,Card,3.2,1626.4
INV5172,2026-06-01,B,Delhi,Member,Male,Tea,Beverages,3,128.23,UPI,4.9,384.69
INV5173,2026-04-16,A,Jaipur,Member,Female,Chocolate,Snacks,4,47.08,Card,3.8,188.32
INV5174,2026-04-23,A,Jaipur,Member,Female,Bananas,Fruits,6,56.84,Card,4.6,341.04
INV5175,2026-02-15,D,Bengaluru,Normal,Female,Biscuits,Snacks,1,25.25,UPI,3.7,25.25
INV5176,2026-03-21,C,Mumbai,Normal,Male,Noodles,Grocery,5,64.08,Card,4.3,320.4
INV5177,2026-03-25,D,Bengaluru,Normal,Female,Chips,Snacks,4,34.52,Cash,3.0,138.08
INV5178,2026-03-02,B,Delhi,Member,Male,Bread,Bakery,10,43.92,Cash,4.9,439.2
INV5179,2026-02-10,A,Jaipur,Member,Female,Biscuits,Snacks,1,25.82,Cash,4.5,25.82
INV5180,2026-06-21,D,Bengaluru,Member,Female,Cheese,Dairy,2,224.51,Card,3.2,449.02
INV5181,2026-03-07,D,Bengaluru,Member,Female,Chocolate,Snacks,8,50.92,Cash,4.7,407.36
INV5182,2026-01-06,D,Bengaluru,Member,Male,Cheese,Dairy,4,226.35,UPI,3.7,905.4
INV5183,2026-02-02,C,Mumbai,Member,Male,Noodles,Grocery,6,50.53,UPI,4.2,303.18
INV5184,2026-04-04,A,Jaipur,Normal,Male,Chips,Snacks,6,31.17,Card,4.9,187.02
INV5185,2026-03-05,B,Delhi,Member,Male,Bread,Bakery,4,47.02,Card,3.8,188.08
INV5186,2026-03-01,B,Delhi,Normal,Male,Noodles,Grocery,4,56.97,Cash,3.0,227.88
INV5187,2026-01-18,C,Mumbai,Member,Male,Milk,Dairy,3,51.49,Net Banking,3.5,154.47
INV5188,2026-02-01,B,Delhi,Member,Male,Soap,Personal Care,1,41.6,UPI,4.8,41.6
INV5189,2026-01-11,B,Delhi,Normal,Male,Apples,Fruits,10,129.34,Net Banking,4.4,1293.4
INV5190,2026-01-01,A,Jaipur,Normal,Male,Cooking Oil,Grocery,2,144.18,Cash,3.8,288.36
INV5191,2026-06-18,C,Mumbai,Normal,Male,Noodles,Grocery,4,64.28,Card,4.5,257.12
INV5192,2026-06-29,C,Mumbai,Normal,Male,Apples,Fruits,6,153.88,Cash,4.0,923.28
INV5193,2026-04-07,C,Mumbai,Normal,Male,Cooking Oil,Grocery,4,162.17,Net Banking,4.4,648.68
INV5194,2026-01-09,D,Bengaluru,Normal,Female,Tea,Beverages,1,125.38,Cash,4.2,125.38
INV5195,2026-01-24,D,Bengaluru,Normal,Female,Rice,Grocery,2,76.98,Card,4.6,153.96
INV5196,2026-04-13,C,Mumbai,Member,Female,Potato,Vegetables,10,35.5,Net Banking,4.4,355.0
INV5197,2026-03-25,D,Bengaluru,Member,Female,Chocolate,Snacks,5,58.04,Cash,3.8,290.2
INV5198,2026-04-30,C,Mumbai,Member,Male,Shampoo,Personal Care,10,181.41,Card,4.4,1814.1
INV5199,2026-01-19,B,Delhi,Member,Female,Bread,Bakery,6,34.97,Cash,3.3,209.82
INV5200,2026-02-24,B,Delhi,Normal,Female,Shampoo,Personal Care,6,175.56,Cash,3.8,1053.36
INV5201,2026-02-12,D,Bengaluru,Normal,Male,Bread,Bakery,4,33.46,Card,4.4,133.84
INV5202,2026-03-15,B,Delhi,Member,Male,Soap,Personal Care,2,53.16,Card,4.3,106.32
INV5203,2026-01-03,A,Jaipur,Normal,Female,Tea,Beverages,3,110.33,Cash,3.3,330.99
INV5204,2026-04-11,B,Delhi,Member,Female,Shampoo,Personal Care,7,187.06,UPI,3.1,1309.42
INV5205,2026-02-15,C,Mumbai,Normal,Male,Face Wash,Personal Care,3,124.34,Cash,4.6,373.02
INV5206,2026-03-23,A,Jaipur,Member,Female,Cheese,Dairy,8,210.28,Card,3.2,1682.24
INV5207,2026-02-24,C,Mumbai,Member,Male,Noodles,Grocery,10,53.0,UPI,3.0,530.0
INV5208,2026-05-14,D,Bengaluru,Member,Female,Potato,Vegetables,6,30.13,Card,4.8,180.78
INV5209,2026-06-29,C,Mumbai,Normal,Male,Chips,Snacks,3,33.78,Cash,4.4,101.34
INV5210,2026-04-01,A,Jaipur,Member,Male,Noodles,Grocery,10,54.04,Net Banking,3.8,540.4
INV5211,2026-04-26,B,Delhi,Member,Female,Chocolate,Snacks,4,58.77,Card,4.0,235.08
INV5212,2026-05-02,B,Delhi,Member,Female,Tea,Beverages,5,112.74,Card,4.2,563.7
INV5213,2026-01-29,B,Delhi,Normal,Female,Bread,Bakery,9,38.77,Net Banking,3.2,348.93
INV5214,2026-01-14,B,Delhi,Member,Male,Coffee,Beverages,5,192.04,Card,3.2,960.2
INV5215,2026-04-12,A,Jaipur,Normal,Female,Potato,Vegetables,2,35.01,Card,3.9,70.02
INV5216,2026-03-25,C,Mumbai,Normal,Male,Face Wash,Personal Care,5,125.59,Card,3.5,627.95
INV5217,2026-05-26,B,Delhi,Member,Male,Rice,Grocery,2,71.25,Net Banking,4.1,142.5
INV5218,2026-04-10,D,Bengaluru,Normal,Female,Coffee,Beverages,1,158.85,Cash,4.2,158.85
INV5219,2026-06-24,A,Jaipur,Normal,Female,Face Wash,Personal Care,3,126.12,Card,4.2,378.36
INV5220,2026-01-13,B,Delhi,Normal,Male,Coffee,Beverages,8,187.77,UPI,4.4,1502.16
INV5221,2026-05-12,C,Mumbai,Normal,Female,Soap,Personal Care,5,40.19,Cash,3.6,200.95
INV5222,2026-05-14,C,Mumbai,Member,Male,Face Wash,Personal Care,6,122.88,Cash,3.9,737.28
INV5223,2026-06-18,B,Delhi,Normal,Male,Milk,Dairy,10,63.77,UPI,4.5,637.7
INV5224,2026-06-07,D,Bengaluru,Member,Female,Chocolate,Snacks,6,47.18,UPI,4.7,283.08
INV5225,2026-03-20,B,Delhi,Normal,Male,Coffee,Beverages,7,191.0,UPI,3.9,1337.0
INV5226,2026-02-11,A,Jaipur,Normal,Male,Face Wash,Personal Care,6,133.77,Net Banking,3.8,802.62
INV5227,2026-01-20,B,Delhi,Member,Female,Noodles,Grocery,6,60.42,Card,5.0,362.52
INV5228,2026-01-05,B,Delhi,Normal,Male,Biscuits,Snacks,10,30.27,Cash,3.1,302.7
INV5229,2026-06-14,B,Delhi,Normal,Male,Cold Drink,Beverages,7,61.61,UPI,3.8,431.27
INV5230,2026-01-11,A,Jaipur,Member,Male,Eggs,Dairy,3,100.12,Card,3.1,300.36
INV5231,2026-05-19,C,Mumbai,Normal,Female,Cheese,Dairy,6,246.33,Card,3.4,1477.98
INV5232,2026-06-15,C,Mumbai,Member,Female,Apples,Fruits,10,122.41,Net Banking,4.0,1224.1
INV5233,2026-01-22,C,Mumbai,Member,Male,Bananas,Fruits,2,52.96,Cash,4.0,105.92
INV5234,2026-02-07,D,Bengaluru,Normal,Female,Potato,Vegetables,2,41.0,Card,5.0,82.0
INV5235,2026-06-02,B,Delhi,Member,Female,Cold Drink,Beverages,10,76.11,UPI,4.5,761.1
INV5236,2026-02-26,D,Bengaluru,Normal,Female,Soap,Personal Care,5,53.05,UPI,4.7,265.25
INV5237,2026-02-08,D,Bengaluru,Normal,Female,Cheese,Dairy,6,224.13,Net Banking,4.7,1344.78
INV5238,2026-06-13,A,Jaipur,Member,Male,Chocolate,Snacks,6,53.42,UPI,4.2,320.52
INV5239,2026-03-22,B,Delhi,Normal,Female,Soap,Personal Care,7,44.32,UPI,3.1,310.24
INV5240,2026-06-18,B,Delhi,Member,Female,Tomato,Vegetables,4,47.85,Net Banking,4.3,191.4
INV5241,2026-04-09,C,Mumbai,Normal,Male,Cheese,Dairy,3,223.96,Net Banking,3.1,671.88
INV5242,2026-06-10,A,Jaipur,Member,Male,Biscuits,Snacks,9,35.16,UPI,3.6,316.44
INV5243,2026-03-21,B,Delhi,Member,Female,Face Wash,Personal Care,6,117.12,Cash,4.4,702.72
INV5244,2026-03-18,B,Delhi,Member,Male,Rice,Grocery,9,63.32,Cash,4.2,569.88
INV5245,2026-06-15,C,Mumbai,Member,Female,Bananas,Fruits,10,53.61,Net Banking,4.0,536.1
INV5246,2026-02-05,B,Delhi,Member,Male,Milk,Dairy,1,54.67,Cash,3.5,54.67
INV5247,2026-02-14,B,Delhi,Member,Male,Tea,Beverages,10,110.82,Cash,3.7,1108.2
INV5248,2026-06-02,C,Mumbai,Normal,Female,Cooking Oil,Grocery,10,154.64,Cash,4.3,1546.4
INV5249,2026-03-17,C,Mumbai,Normal,Female,Rice,Grocery,7,72.13,Net Banking,3.8,504.91
INV5250,2026-04-30,C,Mumbai,Normal,Female,Potato,Vegetables,6,33.31,Cash,3.3,199.86
INV5251,2026-06-21,B,Delhi,Normal,Male,Bananas,Fruits,4,64.54,UPI,3.6,258.16
INV5252,2026-01-10,C,Mumbai,Member,Female,Rice,Grocery,1,61.65,UPI,3.7,61.65
INV5253,2026-04-07,D,Bengaluru,Member,Male,Chocolate,Snacks,4,43.25,Net Banking,4.0,173.0
INV5254,2026-04-21,C,Mumbai,Member,Male,Bread,Bakery,4,35.18,Cash,3.7,140.72
INV5255,2026-05-30,B,Delhi,Member,Male,Coffee,Beverages,7,196.08,Card,3.3,1372.56
INV5256,2026-07-01,D,Bengaluru,Normal,Female,Chocolate,Snacks,1,50.33,Card,4.2,50.33
INV5257,2026-02-24,A,Jaipur,Member,Male,Cooking Oil,Grocery,5,174.42,UPI,3.5,872.1
INV5258,2026-03-07,A,Jaipur,Member,Female,Shampoo,Personal Care,8,209.69,UPI,4.9,1677.52
INV5259,2026-05-12,D,Bengaluru,Member,Male,Tomato,Vegetables,7,47.49,Card,4.1,332.43
INV5260,2026-06-20,D,Bengaluru,Normal,Male,Cooking Oil,Grocery,4,148.35,Net Banking,3.0,593.4
INV5261,2026-02-25,A,Jaipur,Normal,Male,Milk,Dairy,2,60.37,Cash,4.7,120.74
INV5262,2026-05-10,D,Bengaluru,Normal,Male,Cold Drink,Beverages,2,59.42,Card,4.3,118.84
INV5263,2026-01-17,D,Bengaluru,Normal,Male,Tea,Beverages,6,133.61,Cash,4.4,801.66
INV5264,2026-05-03,C,Mumbai,Member,Female,Tea,Beverages,1,129.79,Card,4.5,129.79
INV5265,2026-04-08,D,Bengaluru,Normal,Male,Cold Drink,Beverages,7,72.88,UPI,4.2,510.16
INV5266,2026-06-10,C,Mumbai,Normal,Female,Bananas,Fruits,8,64.93,Cash,3.8,519.44
INV5267,2026-04-23,A,Jaipur,Member,Female,Potato,Vegetables,4,35.71,Net Banking,4.4,142.84
INV5268,2026-06-23,C,Mumbai,Normal,Female,Face Wash,Personal Care,4,116.79,Cash,4.5,467.16
INV5269,2026-04-16,D,Bengaluru,Normal,Male,Eggs,Dairy,2,88.55,Cash,4.2,177.1
INV5270,2026-05-30,B,Delhi,Member,Female,Potato,Vegetables,3,31.94,Card,4.6,95.82
INV5271,2026-03-05,A,Jaipur,Normal,Male,Noodles,Grocery,8,48.55,Net Banking,4.0,388.4
INV5272,2026-04-15,B,Delhi,Normal,Male,Tomato,Vegetables,9,39.16,UPI,3.1,352.44
INV5273,2026-04-16,D,Bengaluru,Normal,Female,Coffee,Beverages,1,183.57,Cash,4.5,183.57
INV5274,2026-04-14,B,Delhi,Normal,Male,Cold Drink,Beverages,10,75.36,Cash,4.2,753.6
INV5275,2026-04-09,B,Delhi,Member,Male,Cold Drink,Beverages,2,58.64,Card,4.8,117.28
INV5276,2026-03-11,C,Mumbai,Member,Male,Cold Drink,Beverages,3,75.5,UPI,3.5,226.5
INV5277,2026-05-31,D,Bengaluru,Normal,Male,Cooking Oil,Grocery,6,146.02,Card,3.7,876.12
INV5278,2026-01-25,A,Jaipur,Member,Male,Bread,Bakery,5,41.99,Net Banking,4.6,209.95
INV5279,2026-03-25,D,Bengaluru,Member,Female,Tea,Beverages,6,133.94,UPI,3.8,803.64
INV5280,2026-05-13,A,Jaipur,Normal,Female,Milk,Dairy,6,46.69,Net Banking,4.7,280.14
INV5281,2026-01-18,C,Mumbai,Normal,Male,Shampoo,Personal Care,10,161.12,Card,4.7,1611.2
INV5282,2026-02-16,C,Mumbai,Member,Male,Milk,Dairy,7,53.92,UPI,4.8,377.44
INV5283,2026-01-12,B,Delhi,Member,Female,Coffee,Beverages,9,156.3,Net Banking,4.0,1406.7
INV5284,2026-02-12,A,Jaipur,Normal,Female,Face Wash,Personal Care,5,136.24,Net Banking,4.6,681.2
INV5285,2026-06-11,A,Jaipur,Member,Female,Cold Drink,Beverages,7,65.04,Card,3.5,455.28
INV5286,2026-06-09,C,Mumbai,Member,Male,Bread,Bakery,3,45.95,UPI,4.0,137.85
INV5287,2026-01-17,A,Jaipur,Normal,Female,Cold Drink,Beverages,8,71.39,Net Banking,3.4,571.12
INV5288,2026-06-05,C,Mumbai,Normal,Female,Tea,Beverages,9,114.94,Cash,3.4,1034.46
INV5289,2026-06-27,C,Mumbai,Normal,Female,Cold Drink,Beverages,10,72.29,UPI,4.5,722.9
INV5290,2026-06-18,B,Delhi,Normal,Male,Bananas,Fruits,4,57.23,UPI,4.4,228.92
INV5291,2026-05-06,A,Jaipur,Member,Female,Milk,Dairy,2,59.61,Cash,5.0,119.22
INV5292,2026-05-01,D,Bengaluru,Normal,Male,Cold Drink,Beverages,8,56.52,UPI,3.8,452.16
INV5293,2026-06-03,D,Bengaluru,Member,Male,Biscuits,Snacks,7,28.94,UPI,4.4,202.58
INV5294,2026-05-17,A,Jaipur,Member,Male,Milk,Dairy,6,55.25,Cash,3.7,331.5
INV5295,2026-03-04,C,Mumbai,Normal,Male,Face Wash,Personal Care,1,123.02,Card,4.9,123.02
INV5296,2026-01-30,D,Bengaluru,Member,Male,Noodles,Grocery,8,58.96,Net Banking,4.4,471.68
INV5297,2026-02-24,C,Mumbai,Normal,Female,Rice,Grocery,10,61.69,Cash,3.6,616.9
INV5298,2026-03-16,D,Bengaluru,Normal,Male,Soap,Personal Care,9,38.08,UPI,4.0,342.72
INV5299,2026-03-01,A,Jaipur,Member,Male,Potato,Vegetables,4,29.94,Net Banking,4.6,119.76
INV5300,2026-05-16,C,Mumbai,Member,Female,Face Wash,Personal Care,1,122.55,Net Banking,3.3,122.55
INV5301,2026-03-11,C,Mumbai,Member,Female,Rice,Grocery,4,59.85,Net Banking,4.4,239.4
INV5302,2026-03-24,B,Delhi,Normal,Male,Bananas,Fruits,9,65.01,Card,4.3,585.09
INV5303,2026-07-01,D,Bengaluru,Normal,Female,Tea,Beverages,3,114.01,UPI,4.6,342.03
INV5304,2026-05-16,B,Delhi,Normal,Female,Potato,Vegetables,8,30.34,UPI,3.2,242.72
INV5305,2026-01-10,B,Delhi,Member,Male,Potato,Vegetables,8,34.25,Net Banking,3.2,274.0
INV5306,2026-03-03,B,Delhi,Normal,Male,Cooking Oil,Grocery,4,130.13,Net Banking,4.8,520.52
INV5307,2026-04-09,A,Jaipur,Normal,Female,Apples,Fruits,6,155.12,Card,4.4,930.72
INV5308,2026-05-17,C,Mumbai,Member,Female,Shampoo,Personal Care,5,187.34,Card,3.4,936.7
INV5309,2026-06-25,B,Delhi,Member,Male,Tomato,Vegetables,10,51.19,Net Banking,3.0,511.9
INV5310,2026-06-17,C,Mumbai,Normal,Female,Noodles,Grocery,7,61.71,UPI,4.5,431.97
INV5311,2026-02-27,A,Jaipur,Normal,Female,Shampoo,Personal Care,1,206.08,Cash,3.8,206.08
INV5312,2026-01-14,B,Delhi,Normal,Male,Rice,Grocery,1,74.96,Card,4.7,74.96
INV5313,2026-05-03,A,Jaipur,Member,Male,Chips,Snacks,3,40.23,UPI,3.1,120.69
INV5314,2026-04-12,D,Bengaluru,Normal,Male,Soap,Personal Care,6,42.92,Card,3.9,257.52
INV5315,2026-03-04,D,Bengaluru,Normal,Female,Coffee,Beverages,2,206.32,UPI,3.8,412.64
INV5316,2026-03-26,C,Mumbai,Member,Female,Tea,Beverages,10,126.85,Net Banking,3.6,1268.5
INV5317,2026-04-18,D,Bengaluru,Normal,Male,Shampoo,Personal Care,7,192.11,Card,3.5,1344.77
INV5318,2026-03-25,A,Jaipur,Normal,Female,Chips,Snacks,2,29.35,Cash,4.0,58.7
INV5319,2026-05-24,A,Jaipur,Normal,Female,Cold Drink,Beverages,9,72.81,Net Banking,3.9,655.29
INV5320,2026-03-25,D,Bengaluru,Member,Male,Soap,Personal Care,7,48.04,Card,4.6,336.28
INV5321,2026-03-01,D,Bengaluru,Member,Female,Tomato,Vegetables,1,46.83,Net Banking,4.1,46.83
INV5322,2026-03-15,B,Delhi,Member,Male,Apples,Fruits,10,164.85,Cash,3.5,1648.5
INV5323,2026-01-17,D,Bengaluru,Member,Male,Potato,Vegetables,10,36.42,Card,4.2,364.2
INV5324,2026-02-18,B,Delhi,Normal,Female,Apples,Fruits,8,151.72,Card,3.1,1213.76
INV5325,2026-06-06,D,Bengaluru,Member,Female,Cheese,Dairy,5,231.37,Card,4.7,1156.85
INV5326,2026-06-26,D,Bengaluru,Member,Female,Tea,Beverages,2,115.51,UPI,5.0,231.02
INV5327,2026-01-21,A,Jaipur,Member,Male,Chocolate,Snacks,3,58.77,UPI,3.1,176.31
INV5328,2026-04-01,A,Jaipur,Member,Male,Apples,Fruits,4,157.42,Card,4.3,629.68
INV5329,2026-03-23,D,Bengaluru,Normal,Female,Biscuits,Snacks,10,25.31,Net Banking,4.0,253.1
INV5330,2026-02-04,B,Delhi,Member,Male,Tomato,Vegetables,5,51.69,Net Banking,4.9,258.45
INV5331,2026-04-08,B,Delhi,Normal,Female,Rice,Grocery,10,74.06,Card,4.8,740.6
INV5332,2026-05-16,C,Mumbai,Member,Female,Noodles,Grocery,10,59.81,Cash,4.0,598.1
INV5333,2026-05-11,C,Mumbai,Normal,Female,Chips,Snacks,3,31.22,Cash,3.5,93.66
INV5334,2026-02-05,D,Bengaluru,Member,Female,Chips,Snacks,3,33.4,Cash,3.6,100.2
INV5335,2026-05-04,C,Mumbai,Member,Male,Tea,Beverages,7,131.53,UPI,3.3,920.71
INV5336,2026-06-11,B,Delhi,Member,Female,Biscuits,Snacks,10,28.73,UPI,3.5,287.3
INV5337,2026-01-14,B,Delhi,Normal,Male,Chocolate,Snacks,7,50.72,UPI,4.9,355.04
INV5338,2026-04-25,B,Delhi,Member,Female,Rice,Grocery,10,66.93,UPI,3.4,669.3
INV5339,2026-03-12,D,Bengaluru,Normal,Male,Potato,Vegetables,9,36.49,Net Banking,4.9,328.41
INV5340,2026-01-15,A,Jaipur,Normal,Female,Shampoo,Personal Care,2,205.62,Card,4.9,411.24
INV5341,2026-05-13,D,Bengaluru,Normal,Male,Face Wash,Personal Care,3,119.88,Card,3.4,359.64
INV5342,2026-03-15,B,Delhi,Member,Male,Face Wash,Personal Care,7,125.42,Card,3.9,877.94
INV5343,2026-06-21,C,Mumbai,Member,Female,Shampoo,Personal Care,8,202.39,Net Banking,3.4,1619.12
INV5344,2026-01-03,B,Delhi,Member,Female,Biscuits,Snacks,3,32.63,Cash,4.9,97.89
INV5345,2026-02-28,C,Mumbai,Member,Male,Tea,Beverages,2,134.04,Cash,4.9,268.08
INV5346,2026-01-14,A,Jaipur,Member,Female,Cold Drink,Beverages,9,55.05,UPI,3.5,495.45
INV5347,2026-05-04,C,Mumbai,Normal,Male,Face Wash,Personal Care,10,104.82,UPI,3.4,1048.2
INV5348,2026-02-22,A,Jaipur,Member,Male,Cheese,Dairy,9,256.89,Net Banking,4.3,2312.01
INV5349,2026-06-22,D,Bengaluru,Member,Male,Milk,Dairy,10,45.82,Net Banking,3.3,458.2
INV5350,2026-02-04,C,Mumbai,Member,Female,Face Wash,Personal Care,1,136.86,Cash,3.5,136.86
INV5351,2026-06-05,B,Delhi,Normal,Male,Tomato,Vegetables,7,39.54,Card,3.2,276.78
INV5352,2026-06-25,B,Delhi,Member,Male,Bread,Bakery,8,45.19,Card,4.9,361.52
INV5353,2026-01-06,B,Delhi,Member,Male,Eggs,Dairy,7,94.31,Net Banking,4.1,660.17
INV5354,2026-04-26,A,Jaipur,Member,Female,Cheese,Dairy,7,251.93,Net Banking,4.8,1763.51
INV5355,2026-06-18,B,Delhi,Member,Male,Coffee,Beverages,10,192.87,Net Banking,3.8,1928.7
INV5356,2026-06-10,C,Mumbai,Normal,Female,Face Wash,Personal Care,9,112.96,UPI,3.9,1016.64
INV5357,2026-03-15,C,Mumbai,Normal,Male,Chips,Snacks,7,41.29,Card,3.6,289.03
INV5358,2026-04-30,C,Mumbai,Member,Female,Rice,Grocery,6,74.28,Net Banking,3.2,445.68
INV5359,2026-04-06,D,Bengaluru,Normal,Male,Soap,Personal Care,6,51.26,Net Banking,4.3,307.56
INV5360,2026-04-24,D,Bengaluru,Normal,Female,Tea,Beverages,6,100.78,UPI,3.2,604.68
INV5361,2026-02-16,D,Bengaluru,Normal,Female,Bread,Bakery,4,45.31,Net Banking,4.2,181.24
INV5362,2026-04-04,D,Bengaluru,Member,Female,Biscuits,Snacks,10,28.28,Card,4.7,282.8
INV5363,2026-01-18,C,Mumbai,Normal,Female,Soap,Personal Care,1,42.77,UPI,4.7,42.77
INV5364,2026-05-02,B,Delhi,Member,Female,Noodles,Grocery,6,56.21,Net Banking,5.0,337.26
INV5365,2026-06-24,D,Bengaluru,Member,Female,Potato,Vegetables,5,36.77,Card,4.0,183.85
INV5366,2026-04-19,A,Jaipur,Normal,Male,Cooking Oil,Grocery,4,162.38,Card,4.4,649.52
INV5367,2026-04-18,D,Bengaluru,Normal,Female,Soap,Personal Care,6,46.48,UPI,3.5,278.88
INV5368,2026-02-15,C,Mumbai,Normal,Male,Shampoo,Personal Care,8,190.85,Card,3.2,1526.8
INV5369,2026-03-02,A,Jaipur,Member,Male,Milk,Dairy,4,56.33,UPI,4.0,225.32
INV5370,2026-05-06,B,Delhi,Normal,Female,Bread,Bakery,9,39.83,Card,5.0,358.47
INV5371,2026-06-21,C,Mumbai,Member,Male,Eggs,Dairy,1,76.16,Net Banking,3.9,76.16
INV5372,2026-01-11,C,Mumbai,Normal,Female,Noodles,Grocery,9,46.26,UPI,4.1,416.34
INV5373,2026-02-03,B,Delhi,Normal,Male,Tea,Beverages,6,140.85,Card,4.7,845.1
INV5374,2026-02-26,D,Bengaluru,Normal,Female,Chocolate,Snacks,7,42.72,UPI,4.2,299.04
INV5375,2026-03-17,D,Bengaluru,Member,Male,Cooking Oil,Grocery,4,168.61,Card,3.7,674.44
INV5376,2026-05-24,D,Bengaluru,Normal,Female,Noodles,Grocery,4,52.92,UPI,3.6,211.68
INV5377,2026-02-17,D,Bengaluru,Member,Female,Chocolate,Snacks,10,42.71,Net Banking,3.2,427.1
INV5378,2026-04-23,A,Jaipur,Normal,Female,Coffee,Beverages,9,186.95,UPI,3.0,1682.55
INV5379,2026-06-25,B,Delhi,Member,Male,Apples,Fruits,9,143.17,UPI,3.2,1288.53
INV5380,2026-05-01,A,Jaipur,Normal,Male,Potato,Vegetables,3,34.19,Net Banking,3.6,102.57
INV5381,2026-06-28,C,Mumbai,Normal,Female,Chips,Snacks,2,40.75,Card,4.3,81.5
INV5382,2026-04-30,C,Mumbai,Normal,Female,Chips,Snacks,2,33.3,Cash,3.3,66.6
INV5383,2026-04-04,D,Bengaluru,Normal,Male,Cheese,Dairy,4,194.62,Net Banking,4.2,778.48
INV5384,2026-04-08,A,Jaipur,Normal,Male,Face Wash,Personal Care,3,130.23,UPI,3.1,390.69
INV5385,2026-01-24,B,Delhi,Normal,Male,Biscuits,Snacks,4,33.51,Net Banking,3.0,134.04
INV5386,2026-03-02,A,Jaipur,Member,Male,Coffee,Beverages,9,178.15,Net Banking,4.4,1603.35
INV5387,2026-02-04,B,Delhi,Normal,Male,Rice,Grocery,10,60.16,UPI,4.1,601.6
INV5388,2026-05-14,A,Jaipur,Normal,Female,Coffee,Beverages,8,159.07,UPI,4.1,1272.56
INV5389,2026-06-11,C,Mumbai,Member,Female,Noodles,Grocery,4,65.02,Cash,4.0,260.08
INV5390,2026-02-05,D,Bengaluru,Member,Male,Cold Drink,Beverages,7,70.39,Net Banking,3.6,492.73
INV5391,2026-06-07,A,Jaipur,Normal,Male,Tea,Beverages,5,123.88,UPI,3.4,619.4
INV5392,2026-05-30,B,Delhi,Member,Female,Bread,Bakery,5,38.48,Card,4.9,192.4
INV5393,2026-01-27,A,Jaipur,Member,Female,Shampoo,Personal Care,5,194.17,Card,4.4,970.85
INV5394,2026-03-11,C,Mumbai,Normal,Male,Cheese,Dairy,6,253.24,Card,4.2,1519.44
INV5395,2026-04-12,C,Mumbai,Member,Male,Cooking Oil,Grocery,5,173.62,Card,3.6,868.1
INV5396,2026-01-20,D,Bengaluru,Normal,Male,Cheese,Dairy,6,186.95,Net Banking,4.1,1121.7
INV5397,2026-04-01,A,Jaipur,Member,Female,Coffee,Beverages,2,213.59,Net Banking,4.4,427.18
INV5398,2026-05-20,B,Delhi,Member,Male,Bread,Bakery,6,37.9,Cash,3.2,227.4
INV5399,2026-03-25,B,Delhi,Member,Female,Chocolate,Snacks,7,53.96,Net Banking,3.1,377.72
INV5400,2026-06-02,A,Jaipur,Normal,Male,Bananas,Fruits,2,50.64,UPI,4.8,101.28
INV5401,2026-06-12,D,Bengaluru,Normal,Male,Coffee,Beverages,2,161.1,Cash,4.1,322.2
INV5402,2026-01-10,D,Bengaluru,Normal,Female,Coffee,Beverages,7,203.35,Net Banking,4.1,1423.45
INV5403,2026-01-06,C,Mumbai,Normal,Male,Rice,Grocery,7,63.88,Net Banking,3.8,447.16
INV5404,2026-05-27,A,Jaipur,Normal,Female,Cheese,Dairy,2,184.49,UPI,3.9,368.98
INV5405,2026-06-03,D,Bengaluru,Normal,Male,Cold Drink,Beverages,6,71.69,UPI,5.0,430.14
INV5406,2026-05-14,D,Bengaluru,Member,Female,Noodles,Grocery,7,58.89,UPI,3.6,412.23
INV5407,2026-06-27,D,Bengaluru,Member,Female,Shampoo,Personal Care,8,209.22,Card,3.4,1673.76
INV5408,2026-05-29,C,Mumbai,Normal,Male,Soap,Personal Care,3,37.36,Net Banking,3.9,112.08
INV5409,2026-02-27,B,Delhi,Member,Male,Shampoo,Personal Care,4,152.74,Net Banking,3.9,610.96
INV5410,2026-06-29,A,Jaipur,Normal,Female,Biscuits,Snacks,6,26.12,Net Banking,3.6,156.72
INV5411,2026-05-04,D,Bengaluru,Normal,Male,Noodles,Grocery,2,47.53,Cash,4.1,95.06
INV5412,2026-05-09,A,Jaipur,Member,Female,Cold Drink,Beverages,3,57.88,Cash,4.9,173.64
INV5413,2026-02-27,C,Mumbai,Member,Female,Noodles,Grocery,5,55.66,Cash,4.8,278.3
INV5414,2026-01-07,C,Mumbai,Normal,Male,Chocolate,Snacks,1,43.72,Cash,4.2,43.72
INV5415,2026-06-03,A,Jaipur,Normal,Female,Bread,Bakery,7,43.85,Cash,3.8,306.95
INV5416,2026-02-24,A,Jaipur,Member,Male,Potato,Vegetables,10,39.52,UPI,3.5,395.2
INV5417,2026-01-30,C,Mumbai,Member,Male,Cheese,Dairy,1,186.53,Cash,3.4,186.53
INV5418,2026-04-13,B,Delhi,Member,Female,Tomato,Vegetables,5,47.18,Net Banking,3.3,235.9
INV5419,2026-04-06,A,Jaipur,Normal,Female,Face Wash,Personal Care,2,139.27,Card,3.2,278.54
INV5420,2026-01-16,C,Mumbai,Normal,Male,Noodles,Grocery,1,61.44,Net Banking,4.5,61.44
INV5421,2026-02-05,C,Mumbai,Normal,Female,Cooking Oil,Grocery,7,159.47,Net Banking,3.2,1116.29
INV5422,2026-04-04,C,Mumbai,Normal,Female,Tea,Beverages,2,132.94,UPI,4.1,265.88
INV5423,2026-01-10,D,Bengaluru,Normal,Male,Cooking Oil,Grocery,9,152.73,Card,3.4,1374.57
INV5424,2026-05-11,C,Mumbai,Member,Male,Milk,Dairy,3,59.9,Net Banking,4.4,179.7
INV5425,2026-06-15,D,Bengaluru,Normal,Male,Bread,Bakery,7,45.76,UPI,3.4,320.32
INV5426,2026-02-12,D,Bengaluru,Normal,Female,Bananas,Fruits,7,58.39,Card,4.0,408.73
INV5427,2026-04-06,D,Bengaluru,Normal,Female,Tea,Beverages,9,108.3,Card,4.9,974.7
INV5428,2026-03-09,C,Mumbai,Member,Male,Potato,Vegetables,1,33.7,UPI,4.7,33.7
INV5429,2026-02-16,A,Jaipur,Normal,Male,Rice,Grocery,2,76.23,Cash,4.8,152.46
INV5430,2026-04-26,A,Jaipur,Member,Male,Apples,Fruits,7,148.5,UPI,4.1,1039.5
INV5431,2026-04-21,C,Mumbai,Normal,Male,Face Wash,Personal Care,8,140.88,UPI,4.7,1127.04
INV5432,2026-02-15,B,Delhi,Normal,Female,Biscuits,Snacks,2,30.99,Cash,3.5,61.98
INV5433,2026-02-11,B,Delhi,Member,Female,Shampoo,Personal Care,7,172.55,UPI,3.2,1207.85
INV5434,2026-03-17,C,Mumbai,Member,Male,Cooking Oil,Grocery,6,164.0,UPI,3.7,984.0
INV5435,2026-02-23,D,Bengaluru,Normal,Female,Cooking Oil,Grocery,4,138.56,UPI,3.6,554.24
INV5436,2026-06-17,D,Bengaluru,Member,Female,Tomato,Vegetables,4,45.08,Net Banking,3.5,180.32
INV5437,2026-05-18,B,Delhi,Member,Female,Noodles,Grocery,8,64.88,UPI,3.9,519.04
INV5438,2026-06-29,A,Jaipur,Member,Male,Milk,Dairy,2,50.28,UPI,4.8,100.56
INV5439,2026-02-11,B,Delhi,Normal,Male,Coffee,Beverages,4,189.47,Card,3.1,757.88
INV5440,2026-05-04,B,Delhi,Normal,Female,Noodles,Grocery,1,57.36,Card,3.9,57.36
INV5441,2026-04-17,D,Bengaluru,Normal,Male,Cheese,Dairy,10,188.91,Card,3.6,1889.1
INV5442,2026-04-07,A,Jaipur,Normal,Male,Bread,Bakery,10,35.56,UPI,3.0,355.6
INV5443,2026-02-13,B,Delhi,Member,Female,Bananas,Fruits,5,57.76,Cash,4.2,288.8
INV5444,2026-03-03,C,Mumbai,Normal,Female,Chocolate,Snacks,2,53.15,UPI,4.0,106.3
INV5445,2026-04-25,C,Mumbai,Member,Male,Potato,Vegetables,2,35.61,Net Banking,4.2,71.22
INV5446,2026-03-10,A,Jaipur,Normal,Female,Cheese,Dairy,10,237.41,Net Banking,3.0,2374.1
INV5447,2026-02-24,D,Bengaluru,Normal,Female,Soap,Personal Care,8,37.83,Net Banking,4.7,302.64
INV5448,2026-04-24,D,Bengaluru,Member,Female,Cheese,Dairy,8,226.09,Net Banking,4.0,1808.72
INV5449,2026-04-11,B,Delhi,Normal,Male,Soap,Personal Care,4,45.2,UPI,3.7,180.8
INV5450,2026-05-09,C,Mumbai,Normal,Female,Noodles,Grocery,6,63.28,Card,4.5,379.68
INV5451,2026-05-01,C,Mumbai,Normal,Female,Cheese,Dairy,9,202.92,UPI,3.0,1826.28
INV5452,2026-02-19,C,Mumbai,Member,Male,Chocolate,Snacks,6,52.55,UPI,4.6,315.3
INV5453,2026-01-09,A,Jaipur,Normal,Male,Shampoo,Personal Care,9,177.85,UPI,3.9,1600.65
INV5454,2026-02-15,D,Bengaluru,Member,Male,Noodles,Grocery,6,56.7,UPI,3.2,340.2
INV5455,2026-04-09,C,Mumbai,Member,Male,Shampoo,Personal Care,10,160.97,Cash,4.3,1609.7
INV5456,2026-05-08,A,Jaipur,Normal,Female,Face Wash,Personal Care,6,111.65,Card,3.6,669.9
INV5457,2026-04-27,B,Delhi,Normal,Male,Tea,Beverages,1,126.69,Card,3.1,126.69
INV5458,2026-06-04,A,Jaipur,Normal,Male,Noodles,Grocery,5,55.11,Net Banking,3.4,275.55
INV5459,2026-02-03,D,Bengaluru,Normal,Male,Potato,Vegetables,2,30.05,UPI,3.3,60.1
INV5460,2026-01-01,A,Jaipur,Member,Female,Cooking Oil,Grocery,1,163.12,Net Banking,3.4,163.12
INV5461,2026-04-20,C,Mumbai,Member,Male,Noodles,Grocery,4,61.67,Card,4.4,246.68
INV5462,2026-05-30,B,Delhi,Normal,Male,Shampoo,Personal Care,1,190.36,Card,3.7,190.36
INV5463,2026-02-11,D,Bengaluru,Normal,Female,Chips,Snacks,7,33.32,Net Banking,4.5,233.24
INV5464,2026-01-20,B,Delhi,Normal,Female,Eggs,Dairy,5,79.15,Card,4.5,395.75
INV5465,2026-01-09,C,Mumbai,Member,Female,Face Wash,Personal Care,7,133.13,Card,4.6,931.91
INV5466,2026-03-01,C,Mumbai,Normal,Female,Eggs,Dairy,2,91.04,Cash,4.8,182.08
INV5467,2026-05-25,C,Mumbai,Normal,Female,Noodles,Grocery,6,48.52,UPI,3.3,291.12
INV5468,2026-05-06,A,Jaipur,Normal,Female,Cheese,Dairy,8,232.85,UPI,3.4,1862.8
INV5469,2026-03-29,A,Jaipur,Member,Female,Biscuits,Snacks,2,32.73,Card,4.5,65.46
INV5470,2026-05-11,C,Mumbai,Member,Male,Potato,Vegetables,9,35.08,Card,3.6,315.72
INV5471,2026-01-08,B,Delhi,Normal,Male,Eggs,Dairy,10,99.19,Cash,4.2,991.9
INV5472,2026-04-29,A,Jaipur,Member,Male,Cold Drink,Beverages,10,62.18,Net Banking,3.8,621.8
INV5473,2026-06-30,A,Jaipur,Normal,Female,Bananas,Fruits,6,51.38,Cash,3.8,308.28
INV5474,2026-04-06,B,Delhi,Normal,Female,Tea,Beverages,4,116.77,Cash,3.3,467.08
INV5475,2026-02-15,A,Jaipur,Member,Male,Cheese,Dairy,3,206.7,Net Banking,4.5,620.1
INV5476,2026-04-18,A,Jaipur,Normal,Female,Rice,Grocery,2,58.69,Card,3.1,117.38
INV5477,2026-02-11,A,Jaipur,Member,Male,Cooking Oil,Grocery,3,128.21,UPI,4.8,384.63
INV5478,2026-04-17,A,Jaipur,Member,Male,Potato,Vegetables,10,32.47,Cash,3.1,324.7
INV5479,2026-05-27,B,Delhi,Normal,Male,Eggs,Dairy,6,82.11,Cash,3.8,492.66
INV5480,2026-04-30,C,Mumbai,Normal,Female,Soap,Personal Care,3,49.3,UPI,4.9,147.9
INV5481,2026-06-25,C,Mumbai,Normal,Male,Cold Drink,Beverages,9,74.8,Cash,4.0,673.2
INV5482,2026-06-16,C,Mumbai,Normal,Female,Cheese,Dairy,4,192.36,Net Banking,3.9,769.44
INV5483,2026-06-17,C,Mumbai,Normal,Male,Shampoo,Personal Care,7,176.49,UPI,3.3,1235.43
INV5484,2026-03-26,D,Bengaluru,Member,Male,Cold Drink,Beverages,8,72.48,UPI,4.1,579.84
INV5485,2026-04-20,B,Delhi,Member,Male,Coffee,Beverages,5,163.8,Net Banking,3.1,819.0
INV5486,2026-03-14,B,Delhi,Member,Female,Coffee,Beverages,3,191.54,Net Banking,3.5,574.62
INV5487,2026-01-07,D,Bengaluru,Member,Male,Biscuits,Snacks,4,25.6,UPI,4.4,102.4
INV5488,2026-05-23,A,Jaipur,Member,Male,Bananas,Fruits,6,58.3,Net Banking,3.7,349.8
INV5489,2026-06-23,B,Delhi,Normal,Female,Eggs,Dairy,8,80.78,Cash,3.7,646.24
INV5490,2026-04-02,C,Mumbai,Member,Male,Potato,Vegetables,9,39.68,Card,3.3,357.12
INV5491,2026-04-03,C,Mumbai,Normal,Male,Cheese,Dairy,5,211.62,Cash,4.2,1058.1
INV5492,2026-03-25,D,Bengaluru,Normal,Male,Tea,Beverages,3,106.05,Net Banking,4.8,318.15
INV5493,2026-01-03,B,Delhi,Member,Male,Bananas,Fruits,2,59.88,Cash,4.7,119.76
INV5494,2026-02-26,A,Jaipur,Member,Female,Shampoo,Personal Care,6,172.16,Card,4.6,1032.96
INV5495,2026-05-16,B,Delhi,Member,Male,Tomato,Vegetables,4,52.38,Card,3.2,209.52
INV5496,2026-04-12,A,Jaipur,Normal,Male,Cold Drink,Beverages,4,75.39,Card,3.5,301.56
INV5497,2026-05-11,B,Delhi,Normal,Female,Shampoo,Personal Care,1,201.23,Net Banking,4.2,201.23
INV5498,2026-02-27,B,Delhi,Normal,Female,Tea,Beverages,1,139.69,Net Banking,3.5,139.69
INV5499,2026-03-19,B,Delhi,Member,Male,Soap,Personal Care,9,50.34,Net Banking,4.2,453.06
INV5500,2026-06-11,C,Mumbai,Normal,Male,Bananas,Fruits,8,61.51,Card,3.2,492.08
INV5501,2026-05-13,B,Delhi,Normal,Male,Noodles,Grocery,8,48.35,Net Banking,4.3,386.8
INV5502,2026-01-05,C,Mumbai,Member,Female,Noodles,Grocery,5,56.26,UPI,4.9,281.3
INV5503,2026-02-19,D,Bengaluru,Normal,Female,Potato,Vegetables,3,34.4,Cash,4.9,103.2
INV5504,2026-03-25,B,Delhi,Normal,Female,Apples,Fruits,10,136.53,Cash,3.1,1365.3
INV5505,2026-05-19,D,Bengaluru,Member,Male,Cheese,Dairy,10,248.07,UPI,3.4,2480.7
INV5506,2026-05-12,C,Mumbai,Normal,Male,Cheese,Dairy,5,253.06,Net Banking,4.8,1265.3
INV5507,2026-03-25,A,Jaipur,Member,Female,Cold Drink,Beverages,1,70.55,Cash,4.3,70.55
INV5508,2026-01-19,A,Jaipur,Member,Female,Chips,Snacks,7,40.27,Card,4.4,281.89
INV5509,2026-03-01,D,Bengaluru,Normal,Male,Biscuits,Snacks,9,34.75,Cash,3.5,312.75
INV5510,2026-05-21,A,Jaipur,Normal,Female,Noodles,Grocery,6,60.82,Cash,5.0,364.92
INV5511,2026-05-05,A,Jaipur,Member,Male,Potato,Vegetables,4,34.98,Cash,4.6,139.92
INV5512,2026-06-25,B,Delhi,Normal,Female,Soap,Personal Care,5,40.66,Net Banking,3.7,203.3
INV5513,2026-02-11,C,Mumbai,Normal,Male,Cooking Oil,Grocery,6,130.19,UPI,3.8,781.14
INV5514,2026-06-17,B,Delhi,Member,Female,Rice,Grocery,10,58.46,Cash,3.1,584.6
INV5515,2026-02-26,D,Bengaluru,Member,Male,Cooking Oil,Grocery,3,160.91,Card,4.1,482.73
INV5516,2026-06-29,C,Mumbai,Member,Female,Soap,Personal Care,8,51.09,Cash,4.1,408.72
INV5517,2026-05-17,B,Delhi,Member,Female,Noodles,Grocery,9,57.37,Net Banking,4.6,516.33
INV5518,2026-05-17,B,Delhi,Member,Female,Face Wash,Personal Care,3,132.44,Net Banking,4.8,397.32
INV5519,2026-05-20,B,Delhi,Member,Female,Cold Drink,Beverages,4,67.53,Card,3.2,270.12
INV5520,2026-06-01,B,Delhi,Normal,Female,Biscuits,Snacks,10,29.56,Cash,3.1,295.6
INV5521,2026-05-24,A,Jaipur,Normal,Female,Potato,Vegetables,8,40.67,Cash,3.5,325.36
INV5522,2026-02-21,C,Mumbai,Member,Male,Rice,Grocery,5,75.76,Card,3.5,378.8
INV5523,2026-04-22,B,Delhi,Member,Female,Cheese,Dairy,7,196.63,UPI,3.7,1376.41
INV5524,2026-03-14,B,Delhi,Member,Male,Coffee,Beverages,9,168.47,Net Banking,4.7,1516.23
INV5525,2026-06-03,C,Mumbai,Member,Female,Rice,Grocery,1,72.46,UPI,4.4,72.46
INV5526,2026-04-12,D,Bengaluru,Member,Female,Tea,Beverages,5,115.33,UPI,4.7,576.65
INV5527,2026-03-22,C,Mumbai,Normal,Male,Chips,Snacks,3,39.69,Cash,4.3,119.07
INV5528,2026-03-17,A,Jaipur,Member,Male,Cold Drink,Beverages,2,57.5,Card,3.0,115.0
INV5529,2026-01-12,C,Mumbai,Normal,Male,Shampoo,Personal Care,1,196.66,Net Banking,4.0,196.66
INV5530,2026-04-14,C,Mumbai,Member,Female,Biscuits,Snacks,3,30.93,UPI,3.1,92.79
INV5531,2026-03-22,B,Delhi,Normal,Female,Bread,Bakery,9,43.61,UPI,3.7,392.49
INV5532,2026-04-01,C,Mumbai,Normal,Male,Tomato,Vegetables,6,47.37,Cash,3.5,284.22
INV5533,2026-01-06,D,Bengaluru,Member,Male,Biscuits,Snacks,2,34.78,Cash,3.1,69.56
INV5534,2026-04-04,B,Delhi,Member,Male,Bananas,Fruits,9,59.55,Cash,4.3,535.95
INV5535,2026-03-11,A,Jaipur,Member,Female,Soap,Personal Care,10,48.7,Card,4.7,487.0
INV5536,2026-05-24,D,Bengaluru,Normal,Male,Noodles,Grocery,9,57.46,Net Banking,4.3,517.14
INV5537,2026-02-15,A,Jaipur,Member,Male,Shampoo,Personal Care,2,178.71,Net Banking,3.3,357.42
INV5538,2026-04-22,B,Delhi,Member,Female,Eggs,Dairy,6,97.55,Cash,4.2,585.3
INV5539,2026-02-13,D,Bengaluru,Normal,Male,Biscuits,Snacks,5,27.63,UPI,4.9,138.15
INV5540,2026-04-22,D,Bengaluru,Normal,Female,Bread,Bakery,7,33.8,Cash,4.6,236.6
INV5541,2026-06-10,D,Bengaluru,Member,Male,Milk,Dairy,6,59.56,Cash,4.7,357.36
INV5542,2026-06-15,C,Mumbai,Member,Male,Rice,Grocery,9,71.93,Card,3.1,647.37
INV5543,2026-04-09,C,Mumbai,Member,Male,Bananas,Fruits,2,57.87,Cash,3.4,115.74
INV5544,2026-03-23,C,Mumbai,Member,Male,Apples,Fruits,7,139.21,Net Banking,4.7,974.47
INV5545,2026-05-28,B,Delhi,Member,Male,Face Wash,Personal Care,5,127.14,Cash,4.0,635.7
INV5546,2026-01-31,A,Jaipur,Member,Female,Potato,Vegetables,10,37.24,Net Banking,4.4,372.4
INV5547,2026-04-02,C,Mumbai,Member,Male,Cheese,Dairy,4,233.58,UPI,4.1,934.32
INV5548,2026-06-20,B,Delhi,Normal,Male,Cold Drink,Beverages,3,67.73,Net Banking,3.4,203.19
INV5549,2026-02-14,D,Bengaluru,Normal,Male,Coffee,Beverages,10,169.06,Net Banking,3.9,1690.6
INV5550,2026-02-21,C,Mumbai,Normal,Male,Face Wash,Personal Care,2,129.39,Cash,4.9,258.78
INV5551,2026-06-17,A,Jaipur,Normal,Female,Shampoo,Personal Care,7,159.41,Net Banking,4.0,1115.87
INV5552,2026-01-29,C,Mumbai,Member,Male,Noodles,Grocery,10,60.72,Net Banking,3.1,607.2
INV5553,2026-06-03,C,Mumbai,Member,Female,Tomato,Vegetables,6,51.55,UPI,3.1,309.3
INV5554,2026-06-30,B,Delhi,Normal,Female,Tomato,Vegetables,6,53.42,Net Banking,4.6,320.52
INV5555,2026-06-13,B,Delhi,Normal,Female,Cheese,Dairy,8,219.58,Net Banking,4.6,1756.64
INV5556,2026-04-01,D,Bengaluru,Member,Female,Bananas,Fruits,7,57.48,Cash,4.9,402.36
INV5557,2026-01-01,A,Jaipur,Member,Male,Apples,Fruits,8,164.84,Card,4.2,1318.72
INV5558,2026-01-15,D,Bengaluru,Normal,Female,Chips,Snacks,2,31.56,Cash,3.3,63.12
INV5559,2026-02-05,C,Mumbai,Normal,Male,Bananas,Fruits,10,67.18,UPI,3.6,671.8
INV5560,2026-03-07,B,Delhi,Normal,Female,Shampoo,Personal Care,9,171.34,Cash,4.8,1542.06
INV5561,2026-02-19,D,Bengaluru,Normal,Female,Potato,Vegetables,9,39.86,Net Banking,4.6,358.74
INV5562,2026-02-07,B,Delhi,Member,Female,Tea,Beverages,7,135.6,Card,4.0,949.2
INV5563,2026-06-10,C,Mumbai,Member,Female,Face Wash,Personal Care,1,106.63,Cash,3.8,106.63
INV5564,2026-05-31,C,Mumbai,Member,Female,Chocolate,Snacks,9,44.75,Cash,4.3,402.75
INV5565,2026-02-05,C,Mumbai,Normal,Male,Tea,Beverages,8,121.56,UPI,3.9,972.48
INV5566,2026-06-05,D,Bengaluru,Member,Male,Cheese,Dairy,4,245.32,Net Banking,3.8,981.28
INV5567,2026-07-01,C,Mumbai,Normal,Male,Face Wash,Personal Care,1,129.03,Cash,4.8,129.03
INV5568,2026-06-25,B,Delhi,Member,Female,Apples,Fruits,1,165.54,Cash,3.3,165.54
INV5569,2026-05-15,C,Mumbai,Normal,Female,Noodles,Grocery,5,56.2,Card,4.1,281.0
INV5570,2026-05-30,B,Delhi,Normal,Male,Cheese,Dairy,1,193.16,UPI,3.8,193.16
INV5571,2026-01-13,A,Jaipur,Member,Female,Face Wash,Personal Care,4,126.2,Net Banking,4.3,504.8
INV5572,2026-04-02,B,Delhi,Member,Female,Cooking Oil,Grocery,4,168.27,Cash,4.2,673.08
INV5573,2026-06-07,D,Bengaluru,Member,Female,Chips,Snacks,8,38.84,Card,3.0,310.72
INV5574,2026-03-02,B,Delhi,Normal,Male,Soap,Personal Care,5,40.4,Cash,3.2,202.0
INV5575,2026-02-24,D,Bengaluru,Normal,Male,Coffee,Beverages,4,169.37,Cash,4.9,677.48
INV5576,2026-02-19,D,Bengaluru,Normal,Female,Potato,Vegetables,6,38.76,UPI,3.0,232.56
INV5577,2026-05-09,B,Delhi,Member,Male,Cold Drink,Beverages,9,61.95,Card,3.2,557.55
INV5578,2026-02-22,C,Mumbai,Normal,Female,Cheese,Dairy,3,210.89,Card,3.0,632.67
INV5579,2026-02-12,C,Mumbai,Member,Male,Rice,Grocery,8,77.98,Net Banking,4.7,623.84
INV5580,2026-02-05,C,Mumbai,Normal,Male,Noodles,Grocery,7,50.35,Cash,3.4,352.45
INV5581,2026-03-08,A,Jaipur,Member,Male,Chocolate,Snacks,6,54.44,Card,3.4,326.64
INV5582,2026-02-17,D,Bengaluru,Normal,Male,Cooking Oil,Grocery,5,148.13,Cash,4.8,740.65
INV5583,2026-05-07,D,Bengaluru,Member,Female,Tea,Beverages,10,123.43,Cash,4.3,1234.3
INV5584,2026-02-27,C,Mumbai,Member,Male,Face Wash,Personal Care,10,109.96,Net Banking,4.3,1099.6
INV5585,2026-03-03,D,Bengaluru,Normal,Male,Bananas,Fruits,10,54.02,Net Banking,3.3,540.2
INV5586,2026-01-05,C,Mumbai,Normal,Female,Noodles,Grocery,1,61.4,Card,3.1,61.4
INV5587,2026-02-15,A,Jaipur,Normal,Female,Tomato,Vegetables,1,44.26,Cash,3.9,44.26
INV5588,2026-01-13,B,Delhi,Normal,Male,Bread,Bakery,9,45.23,Card,4.6,407.07
INV5589,2026-04-23,D,Bengaluru,Member,Female,Chocolate,Snacks,4,53.34,Cash,3.9,213.36
INV5590,2026-04-13,A,Jaipur,Normal,Male,Tea,Beverages,6,130.3,Card,4.8,781.8
INV5591,2026-04-01,B,Delhi,Member,Male,Shampoo,Personal Care,5,172.33,Card,3.8,861.65
INV5592,2026-05-19,A,Jaipur,Normal,Male,Soap,Personal Care,10,44.65,Cash,4.8,446.5
INV5593,2026-04-21,B,Delhi,Normal,Male,Tea,Beverages,7,109.82,UPI,4.1,768.74
INV5594,2026-05-10,C,Mumbai,Member,Female,Cold Drink,Beverages,2,58.88,Net Banking,3.8,117.76
INV5595,2026-03-13,D,Bengaluru,Normal,Female,Chips,Snacks,3,41.53,Cash,5.0,124.59
INV5596,2026-04-23,C,Mumbai,Normal,Male,Cooking Oil,Grocery,4,127.17,Card,4.3,508.68
INV5597,2026-03-27,D,Bengaluru,Normal,Female,Chips,Snacks,1,39.61,UPI,3.5,39.61
INV5598,2026-02-25,B,Delhi,Normal,Female,Rice,Grocery,4,77.61,Card,3.5,310.44
INV5599,2026-06-29,C,Mumbai,Normal,Male,Tea,Beverages,9,123.37,UPI,3.8,1110.33
INV5600,2026-03-24,C,Mumbai,Normal,Male,Face Wash,Personal Care,7,138.95,Cash,3.3,972.65
INV5601,2026-03-02,B,Delhi,Member,Male,Coffee,Beverages,2,194.75,Net Banking,3.2,389.5
INV5602,2026-01-07,D,Bengaluru,Member,Male,Chocolate,Snacks,10,52.94,Card,3.8,529.4
INV5603,2026-02-13,A,Jaipur,Normal,Female,Chips,Snacks,9,41.04,UPI,3.2,369.36
INV5604,2026-01-20,B,Delhi,Member,Male,Cold Drink,Beverages,3,71.0,UPI,3.4,213.0
INV5605,2026-04-30,C,Mumbai,Normal,Male,Face Wash,Personal Care,5,120.69,Net Banking,4.6,603.45
INV5606,2026-03-21,B,Delhi,Normal,Female,Coffee,Beverages,1,200.69,Card,3.2,200.69
INV5607,2026-01-09,A,Jaipur,Normal,Male,Milk,Dairy,10,52.08,Cash,3.6,520.8
INV5608,2026-04-24,D,Bengaluru,Member,Male,Cheese,Dairy,8,211.18,Cash,4.1,1689.44
INV5609,2026-06-06,A,Jaipur,Member,Female,Cooking Oil,Grocery,2,132.33,Card,4.8,264.66
INV5610,2026-02-20,D,Bengaluru,Normal,Female,Apples,Fruits,4,159.94,Net Banking,4.8,639.76
INV5611,2026-06-11,A,Jaipur,Normal,Male,Bread,Bakery,8,33.96,Net Banking,3.0,271.68
INV5612,2026-05-02,C,Mumbai,Normal,Male,Eggs,Dairy,6,84.35,Net Banking,4.8,506.1
INV5613,2026-03-27,C,Mumbai,Member,Female,Noodles,Grocery,10,56.91,UPI,3.2,569.1
INV5614,2026-01-06,C,Mumbai,Member,Male,Cold Drink,Beverages,4,54.55,UPI,4.8,218.2
INV5615,2026-01-28,C,Mumbai,Normal,Female,Soap,Personal Care,8,41.76,Net Banking,3.7,334.08
INV5616,2026-04-15,D,Bengaluru,Normal,Female,Tea,Beverages,8,121.89,Card,3.1,975.12
INV5617,2026-05-27,B,Delhi,Normal,Male,Rice,Grocery,9,78.64,Cash,4.3,707.76
INV5618,2026-03-28,C,Mumbai,Normal,Female,Coffee,Beverages,1,171.76,UPI,3.3,171.76
INV5619,2026-05-18,B,Delhi,Member,Male,Cheese,Dairy,1,188.85,Net Banking,4.7,188.85
INV5620,2026-03-13,C,Mumbai,Member,Female,Tea,Beverages,10,134.8,UPI,4.1,1348.0
INV5621,2026-03-25,B,Delhi,Member,Female,Tea,Beverages,9,102.34,UPI,4.5,921.06
INV5622,2026-05-25,B,Delhi,Member,Male,Tomato,Vegetables,5,52.89,Net Banking,3.2,264.45
INV5623,2026-05-27,C,Mumbai,Normal,Male,Chocolate,Snacks,5,48.16,Card,3.2,240.8
INV5624,2026-01-13,B,Delhi,Member,Female,Bread,Bakery,1,37.51,Cash,4.6,37.51
INV5625,2026-04-19,A,Jaipur,Normal,Male,Noodles,Grocery,2,53.97,Card,4.9,107.94
INV5626,2026-01-04,B,Delhi,Member,Female,Apples,Fruits,2,143.29,UPI,4.3,286.58
INV5627,2026-05-04,C,Mumbai,Member,Male,Cold Drink,Beverages,1,74.53,Card,3.6,74.53
INV5628,2026-05-05,D,Bengaluru,Member,Male,Shampoo,Personal Care,3,156.75,Card,4.9,470.25
INV5629,2026-04-23,B,Delhi,Normal,Male,Bread,Bakery,4,37.01,Cash,3.9,148.04
INV5630,2026-06-02,C,Mumbai,Member,Male,Shampoo,Personal Care,4,180.89,Net Banking,4.6,723.56
INV5631,2026-02-20,C,Mumbai,Member,Female,Soap,Personal Care,5,41.54,Net Banking,3.6,207.7
INV5632,2026-03-21,A,Jaipur,Member,Male,Bread,Bakery,6,42.28,Net Banking,4.4,253.68
INV5633,2026-02-19,C,Mumbai,Member,Male,Potato,Vegetables,9,31.51,Card,3.4,283.59
INV5634,2026-02-08,A,Jaipur,Member,Male,Shampoo,Personal Care,2,152.25,Card,3.3,304.5
INV5635,2026-06-02,B,Delhi,Member,Male,Tomato,Vegetables,4,40.03,Cash,4.5,160.12
INV5636,2026-05-27,B,Delhi,Normal,Male,Tomato,Vegetables,5,44.96,Net Banking,4.4,224.8
INV5637,2026-01-11,B,Delhi,Normal,Male,Rice,Grocery,9,67.63,Cash,4.7,608.67
INV5638,2026-01-25,A,Jaipur,Normal,Male,Apples,Fruits,2,151.77,Cash,4.5,303.54
INV5639,2026-01-21,B,Delhi,Normal,Female,Biscuits,Snacks,2,27.37,Card,4.2,54.74
INV5640,2026-05-31,D,Bengaluru,Member,Female,Cold Drink,Beverages,3,54.23,Net Banking,4.4,162.69
INV5641,2026-02-10,A,Jaipur,Normal,Male,Chips,Snacks,10,33.31,UPI,3.7,333.1
INV5642,2026-06-23,C,Mumbai,Normal,Female,Cheese,Dairy,8,228.27,UPI,4.3,1826.16
INV5643,2026-04-04,B,Delhi,Normal,Male,Coffee,Beverages,5,182.99,Card,3.0,914.95
INV5644,2026-07-01,C,Mumbai,Member,Female,Potato,Vegetables,10,39.57,Card,5.0,395.7
INV5645,2026-06-04,D,Bengaluru,Member,Male,Soap,Personal Care,9,51.69,Card,4.0,465.21
INV5646,2026-01-19,B,Delhi,Member,Male,Cold Drink,Beverages,5,70.62,Card,4.4,353.1
INV5647,2026-01-11,D,Bengaluru,Normal,Male,Coffee,Beverages,5,209.52,UPI,4.5,1047.6
INV5648,2026-02-10,B,Delhi,Normal,Female,Tomato,Vegetables,4,48.95,Net Banking,4.3,195.8
INV5649,2026-05-06,B,Delhi,Member,Male,Potato,Vegetables,4,34.0,Cash,4.9,136.0
INV5650,2026-02-27,D,Bengaluru,Member,Male,Tomato,Vegetables,8,51.26,UPI,4.5,410.08
INV5651,2026-03-17,C,Mumbai,Normal,Male,Cooking Oil,Grocery,8,135.15,Net Banking,4.8,1081.2
INV5652,2026-04-14,C,Mumbai,Normal,Male,Soap,Personal Care,5,52.64,Card,4.7,263.2
INV5653,2026-06-21,B,Delhi,Member,Male,Rice,Grocery,4,60.19,Cash,3.3,240.76
INV5654,2026-01-10,B,Delhi,Member,Female,Tomato,Vegetables,7,50.41,Net Banking,3.3,352.87
INV5655,2026-06-29,A,Jaipur,Normal,Female,Shampoo,Personal Care,7,180.16,Net Banking,4.7,1261.12
INV5656,2026-01-08,D,Bengaluru,Member,Female,Cooking Oil,Grocery,6,159.68,Cash,3.4,958.08
INV5657,2026-06-26,B,Delhi,Member,Male,Bread,Bakery,10,39.04,Net Banking,3.3,390.4
INV5658,2026-05-20,B,Delhi,Member,Male,Chocolate,Snacks,2,44.98,Net Banking,5.0,89.96
INV5659,2026-04-01,C,Mumbai,Member,Male,Eggs,Dairy,5,95.61,Cash,4.3,478.05
INV5660,2026-05-23,C,Mumbai,Member,Female,Tea,Beverages,1,132.56,Cash,4.7,132.56
INV5661,2026-01-19,B,Delhi,Normal,Male,Tea,Beverages,3,117.62,UPI,4.7,352.86
INV5662,2026-06-14,A,Jaipur,Normal,Female,Eggs,Dairy,4,78.7,Card,4.2,314.8
INV5663,2026-04-27,C,Mumbai,Member,Male,Face Wash,Personal Care,1,139.14,Card,3.7,139.14
INV5664,2026-04-26,D,Bengaluru,Normal,Male,Potato,Vegetables,9,34.71,Net Banking,4.8,312.39
INV5665,2026-04-26,D,Bengaluru,Normal,Female,Chips,Snacks,8,34.36,Card,3.8,274.88
INV5666,2026-03-26,B,Delhi,Member,Male,Face Wash,Personal Care,5,131.92,UPI,3.2,659.6
INV5667,2026-05-12,B,Delhi,Member,Male,Apples,Fruits,8,145.36,Net Banking,4.7,1162.88
INV5668,2026-04-11,D,Bengaluru,Normal,Female,Biscuits,Snacks,1,30.58,Card,3.1,30.58
INV5669,2026-06-17,C,Mumbai,Normal,Female,Milk,Dairy,3,51.5,Card,3.0,154.5
INV5670,2026-03-01,C,Mumbai,Normal,Female,Rice,Grocery,4,72.11,Net Banking,3.1,288.44
INV5671,2026-06-17,A,Jaipur,Member,Male,Shampoo,Personal Care,5,201.32,Cash,3.2,1006.6
INV5672,2026-01-29,D,Bengaluru,Member,Male,Bread,Bakery,7,43.84,UPI,3.3,306.88
INV5673,2026-02-17,B,Delhi,Normal,Female,Cold Drink,Beverages,2,73.78,Net Banking,3.1,147.56
INV5674,2026-01-06,C,Mumbai,Member,Female,Bread,Bakery,2,46.16,Net Banking,3.2,92.32
INV5675,2026-04-04,B,Delhi,Normal,Male,Cold Drink,Beverages,6,62.5,Card,4.6,375.0
INV5676,2026-01-18,D,Bengaluru,Member,Male,Tea,Beverages,5,124.69,Cash,4.5,623.45
INV5677,2026-01-25,C,Mumbai,Member,Male,Face Wash,Personal Care,7,140.5,Card,3.4,983.5
INV5678,2026-04-16,C,Mumbai,Member,Male,Soap,Personal Care,4,40.46,Net Banking,4.6,161.84
INV5679,2026-03-06,C,Mumbai,Normal,Male,Tea,Beverages,3,120.96,Net Banking,3.8,362.88
INV5680,2026-06-27,D,Bengaluru,Member,Female,Chocolate,Snacks,8,49.31,Card,4.5,394.48
INV5681,2026-02-07,C,Mumbai,Member,Male,Eggs,Dairy,8,76.92,Cash,3.5,615.36
INV5682,2026-02-06,B,Delhi,Member,Male,Shampoo,Personal Care,8,155.45,Net Banking,3.2,1243.6
INV5683,2026-02-10,A,Jaipur,Member,Female,Chips,Snacks,9,32.93,UPI,4.2,296.37
INV5684,2026-06-07,A,Jaipur,Member,Female,Cooking Oil,Grocery,2,162.53,Cash,3.3,325.06
INV5685,2026-06-08,B,Delhi,Normal,Male,Apples,Fruits,5,153.17,Net Banking,3.9,765.85
INV5686,2026-06-26,D,Bengaluru,Member,Male,Coffee,Beverages,1,209.17,Cash,4.4,209.17
INV5687,2026-06-06,B,Delhi,Member,Male,Cold Drink,Beverages,6,74.41,Cash,4.3,446.46
INV5688,2026-03-23,C,Mumbai,Normal,Female,Bananas,Fruits,7,64.7,UPI,4.6,452.9
INV5689,2026-02-04,D,Bengaluru,Member,Male,Cooking Oil,Grocery,7,158.28,Net Banking,5.0,1107.96
INV5690,2026-04-21,A,Jaipur,Member,Male,Cold Drink,Beverages,8,60.88,Cash,3.1,487.04
INV5691,2026-03-11,A,Jaipur,Member,Male,Chips,Snacks,8,31.37,Net Banking,4.1,250.96
INV5692,2026-06-23,B,Delhi,Member,Female,Coffee,Beverages,9,202.46,Net Banking,3.8,1822.14
INV5693,2026-02-23,A,Jaipur,Normal,Male,Eggs,Dairy,1,77.3,Cash,4.8,77.3
INV5694,2026-01-21,B,Delhi,Member,Male,Eggs,Dairy,1,76.82,Card,5.0,76.82
INV5695,2026-06-05,D,Bengaluru,Member,Male,Bananas,Fruits,3,51.16,Cash,4.1,153.48
INV5696,2026-04-14,D,Bengaluru,Member,Male,Tea,Beverages,10,138.81,Card,3.5,1388.1
INV5697,2026-02-20,D,Bengaluru,Member,Female,Cooking Oil,Grocery,9,149.25,Card,3.9,1343.25
INV5698,2026-01-28,B,Delhi,Normal,Male,Cold Drink,Beverages,3,69.59,Card,3.3,208.77
INV5699,2026-04-17,C,Mumbai,Member,Female,Milk,Dairy,10,57.64,Card,4.3,576.4
INV5700,2026-03-17,B,Delhi,Member,Female,Bread,Bakery,3,33.78,Cash,4.6,101.34
INV5701,2026-02-19,A,Jaipur,Normal,Female,Cold Drink,Beverages,1,58.61,Card,4.6,58.61
INV5702,2026-04-25,D,Bengaluru,Member,Male,Coffee,Beverages,2,193.15,Net Banking,4.1,386.3
INV5703,2026-03-12,D,Bengaluru,Normal,Male,Chocolate,Snacks,9,47.35,Cash,3.5,426.15
INV5704,2026-06-28,D,Bengaluru,Member,Male,Potato,Vegetables,6,30.33,UPI,3.3,181.98
INV5705,2026-01-21,B,Delhi,Normal,Female,Bread,Bakery,9,42.71,Card,3.2,384.39
INV5706,2026-02-26,A,Jaipur,Normal,Male,Rice,Grocery,2,62.29,Cash,3.7,124.58
INV5707,2026-02-17,A,Jaipur,Normal,Female,Chips,Snacks,5,38.9,Card,3.4,194.5
INV5708,2026-05-11,C,Mumbai,Normal,Female,Noodles,Grocery,7,57.13,Net Banking,4.4,399.91
INV5709,2026-05-21,C,Mumbai,Member,Female,Cooking Oil,Grocery,4,162.28,Card,3.3,649.12
INV5710,2026-05-21,D,Bengaluru,Member,Male,Cold Drink,Beverages,9,62.28,Cash,3.4,560.52
INV5711,2026-05-26,B,Delhi,Normal,Male,Cold Drink,Beverages,1,56.36,Net Banking,4.6,56.36
INV5712,2026-01-30,A,Jaipur,Normal,Female,Milk,Dairy,7,47.57,Card,3.1,332.99
INV5713,2026-05-19,C,Mumbai,Normal,Female,Potato,Vegetables,4,34.46,UPI,4.4,137.84
INV5714,2026-01-22,D,Bengaluru,Member,Female,Chips,Snacks,7,34.91,Card,4.4,244.37
INV5715,2026-03-31,A,Jaipur,Normal,Male,Shampoo,Personal Care,9,158.64,Card,4.4,1427.76
INV5716,2026-04-05,B,Delhi,Member,Female,Cheese,Dairy,1,215.3,Net Banking,3.9,215.3
INV5717,2026-06-09,B,Delhi,Member,Male,Cheese,Dairy,6,255.77,Card,3.5,1534.62
INV5718,2026-02-11,A,Jaipur,Normal,Male,Chips,Snacks,4,37.33,Cash,4.9,149.32
INV5719,2026-03-11,D,Bengaluru,Normal,Female,Noodles,Grocery,5,58.16,Cash,3.3,290.8
INV5720,2026-06-20,A,Jaipur,Member,Male,Rice,Grocery,6,73.28,Net Banking,3.4,439.68
INV5721,2026-06-20,A,Jaipur,Normal,Male,Potato,Vegetables,9,37.14,Cash,4.4,334.26
INV5722,2026-05-28,C,Mumbai,Normal,Female,Tea,Beverages,7,101.68,UPI,4.9,711.76
INV5723,2026-03-07,C,Mumbai,Member,Male,Tea,Beverages,5,111.11,Card,3.1,555.55
INV5724,2026-02-04,A,Jaipur,Normal,Male,Potato,Vegetables,3,39.34,Net Banking,3.8,118.02
INV5725,2026-01-17,C,Mumbai,Normal,Male,Tomato,Vegetables,6,53.04,Cash,3.4,318.24
INV5726,2026-04-05,C,Mumbai,Member,Male,Chips,Snacks,9,36.02,UPI,3.7,324.18
INV5727,2026-01-07,A,Jaipur,Normal,Male,Shampoo,Personal Care,8,182.07,UPI,4.3,1456.56
INV5728,2026-05-27,B,Delhi,Normal,Male,Bananas,Fruits,7,63.24,Net Banking,3.3,442.68
INV5729,2026-01-06,D,Bengaluru,Member,Male,Milk,Dairy,2,56.27,Net Banking,3.4,112.54
INV5730,2026-01-26,B,Delhi,Normal,Female,Coffee,Beverages,9,166.7,Cash,4.1,1500.3
INV5731,2026-03-12,D,Bengaluru,Member,Female,Bread,Bakery,4,40.48,Card,3.6,161.92
INV5732,2026-05-04,B,Delhi,Normal,Male,Apples,Fruits,5,139.21,UPI,3.2,696.05
INV5733,2026-03-17,C,Mumbai,Member,Male,Chips,Snacks,1,38.64,UPI,3.1,38.64
INV5734,2026-04-20,D,Bengaluru,Member,Female,Cold Drink,Beverages,6,61.57,Net Banking,3.7,369.42
INV5735,2026-05-23,A,Jaipur,Normal,Male,Biscuits,Snacks,1,33.0,UPI,4.5,33.0
INV5736,2026-05-01,A,Jaipur,Member,Male,Rice,Grocery,2,72.53,Net Banking,3.2,145.06
INV5737,2026-05-25,D,Bengaluru,Normal,Male,Cooking Oil,Grocery,3,159.18,Card,3.7,477.54
INV5738,2026-04-25,B,Delhi,Member,Male,Tomato,Vegetables,7,43.95,Net Banking,3.4,307.65
INV5739,2026-06-08,D,Bengaluru,Normal,Female,Cold Drink,Beverages,8,56.68,Card,3.9,453.44
INV5740,2026-04-15,A,Jaipur,Member,Female,Cold Drink,Beverages,9,62.05,Cash,4.0,558.45
INV5741,2026-05-30,D,Bengaluru,Member,Male,Milk,Dairy,9,46.26,Net Banking,4.6,416.34
INV5742,2026-06-22,B,Delhi,Normal,Female,Biscuits,Snacks,8,27.67,Cash,4.8,221.36
INV5743,2026-01-06,D,Bengaluru,Normal,Male,Rice,Grocery,10,66.27,Card,3.1,662.7
INV5744,2026-02-09,B,Delhi,Member,Female,Coffee,Beverages,9,191.76,UPI,3.3,1725.84
INV5745,2026-04-19,B,Delhi,Member,Male,Chips,Snacks,4,36.98,Cash,4.8,147.92
INV5746,2026-01-25,B,Delhi,Member,Female,Rice,Grocery,5,65.91,Net Banking,4.9,329.55
INV5747,2026-04-23,D,Bengaluru,Member,Male,Shampoo,Personal Care,9,195.25,Net Banking,3.1,1757.25
INV5748,2026-06-21,A,Jaipur,Member,Male,Cheese,Dairy,10,238.3,Cash,3.3,2383.0
INV5749,2026-05-09,B,Delhi,Member,Female,Tomato,Vegetables,10,41.14,Cash,3.4,411.4
INV5750,2026-06-15,A,Jaipur,Member,Female,Cheese,Dairy,5,234.66,Cash,3.0,1173.3
INV5751,2026-06-09,D,Bengaluru,Member,Male,Tea,Beverages,10,140.84,Net Banking,4.1,1408.4
INV5752,2026-02-28,C,Mumbai,Normal,Female,Potato,Vegetables,3,38.38,Cash,4.5,115.14
INV5753,2026-01-28,D,Bengaluru,Normal,Female,Coffee,Beverages,1,171.0,Cash,4.9,171.0
INV5754,2026-05-09,D,Bengaluru,Normal,Male,Rice,Grocery,6,74.89,Card,4.2,449.34
INV5755,2026-03-11,C,Mumbai,Normal,Female,Cooking Oil,Grocery,4,140.8,Cash,4.7,563.2
INV5756,2026-06-28,D,Bengaluru,Member,Male,Coffee,Beverages,1,192.27,Cash,4.2,192.27
INV5757,2026-06-20,C,Mumbai,Member,Female,Bananas,Fruits,3,61.14,Net Banking,3.6,183.42
INV5758,2026-04-01,B,Delhi,Normal,Male,Tea,Beverages,4,114.6,Net Banking,4.2,458.4
INV5759,2026-05-25,B,Delhi,Member,Male,Soap,Personal Care,4,52.54,UPI,3.9,210.16
INV5760,2026-06-09,B,Delhi,Member,Female,Bread,Bakery,5,46.1,Net Banking,4.7,230.5
INV5761,2026-04-19,D,Bengaluru,Normal,Male,Biscuits,Snacks,1,34.9,Net Banking,4.4,34.9
INV5762,2026-05-08,D,Bengaluru,Normal,Male,Noodles,Grocery,8,57.28,Net Banking,3.5,458.24
INV5763,2026-05-25,C,Mumbai,Normal,Female,Shampoo,Personal Care,5,174.63,Net Banking,3.7,873.15
INV5764,2026-03-16,C,Mumbai,Member,Male,Coffee,Beverages,2,159.89,Cash,4.6,319.78
INV5765,2026-04-13,C,Mumbai,Member,Female,Cold Drink,Beverages,1,54.15,UPI,4.0,54.15
INV5766,2026-05-04,B,Delhi,Normal,Female,Eggs,Dairy,9,85.07,Net Banking,4.2,765.63
INV5767,2026-03-30,C,Mumbai,Normal,Male,Cheese,Dairy,6,248.41,Cash,4.5,1490.46
INV5768,2026-05-23,B,Delhi,Normal,Female,Biscuits,Snacks,9,35.04,Net Banking,3.6,315.36
INV5769,2026-04-02,B,Delhi,Normal,Female,Coffee,Beverages,5,172.06,UPI,3.6,860.3
INV5770,2026-05-13,B,Delhi,Member,Male,Bread,Bakery,6,39.55,Card,3.1,237.3
INV5771,2026-06-05,C,Mumbai,Normal,Female,Cooking Oil,Grocery,8,166.5,Card,4.7,1332.0
INV5772,2026-02-19,D,Bengaluru,Member,Male,Cooking Oil,Grocery,8,174.59,UPI,4.3,1396.72
INV5773,2026-04-02,B,Delhi,Normal,Female,Coffee,Beverages,4,182.65,Cash,4.6,730.6
INV5774,2026-05-03,D,Bengaluru,Member,Male,Tea,Beverages,3,140.99,Cash,3.7,422.97
INV5775,2026-01-25,C,Mumbai,Member,Female,Bananas,Fruits,9,68.29,UPI,3.2,614.61
INV5776,2026-05-21,B,Delhi,Normal,Male,Tea,Beverages,9,105.67,Card,4.0,951.03
INV5777,2026-01-15,A,Jaipur,Member,Male,Bananas,Fruits,4,58.59,Net Banking,4.8,234.36
INV5778,2026-01-07,B,Delhi,Normal,Female,Milk,Dairy,4,64.38,Card,4.2,257.52
INV5779,2026-01-03,A,Jaipur,Normal,Male,Potato,Vegetables,10,40.93,Net Banking,4.5,409.3
INV5780,2026-02-14,C,Mumbai,Normal,Male,Chips,Snacks,2,29.49,UPI,3.6,58.98
INV5781,2026-01-18,C,Mumbai,Member,Male,Cheese,Dairy,5,243.16,UPI,5.0,1215.8
INV5782,2026-03-10,C,Mumbai,Normal,Female,Chips,Snacks,7,35.46,UPI,3.4,248.22
INV5783,2026-04-05,C,Mumbai,Member,Male,Cooking Oil,Grocery,2,176.66,Card,4.9,353.32
INV5784,2026-05-17,A,Jaipur,Normal,Female,Rice,Grocery,4,62.97,UPI,4.5,251.88
INV5785,2026-03-19,B,Delhi,Member,Female,Cheese,Dairy,1,200.55,Card,4.1,200.55
INV5786,2026-02-14,A,Jaipur,Normal,Female,Biscuits,Snacks,9,26.54,Cash,3.8,238.86
INV5787,2026-05-04,D,Bengaluru,Normal,Male,Chips,Snacks,2,35.36,Net Banking,4.8,70.72
INV5788,2026-01-28,C,Mumbai,Member,Female,Soap,Personal Care,10,44.17,Net Banking,4.4,441.7
INV5789,2026-04-28,B,Delhi,Member,Male,Bread,Bakery,1,38.87,Net Banking,4.7,38.87
INV5790,2026-01-19,C,Mumbai,Member,Female,Milk,Dairy,4,54.53,UPI,4.7,218.12
INV5791,2026-03-08,A,Jaipur,Normal,Female,Chips,Snacks,10,31.99,Net Banking,4.2,319.9
INV5792,2026-04-05,B,Delhi,Member,Female,Bananas,Fruits,1,63.32,UPI,5.0,63.32
INV5793,2026-07-01,B,Delhi,Member,Male,Eggs,Dairy,5,86.19,Card,4.4,430.95
INV5794,2026-05-26,B,Delhi,Member,Female,Biscuits,Snacks,8,26.57,UPI,3.6,212.56
INV5795,2026-04-18,A,Jaipur,Member,Male,Cheese,Dairy,1,243.61,Net Banking,4.0,243.61
INV5796,2026-05-14,A,Jaipur,Normal,Male,Cold Drink,Beverages,1,70.44,UPI,4.9,70.44
INV5797,2026-06-03,A,Jaipur,Member,Female,Milk,Dairy,8,54.08,UPI,3.3,432.64
INV5798,2026-02-15,C,Mumbai,Member,Female,Chocolate,Snacks,9,57.26,Card,4.5,515.34
INV5799,2026-03-03,D,Bengaluru,Normal,Female,Biscuits,Snacks,1,28.54,UPI,5.0,28.54
INV5800,2026-05-24,B,Delhi,Normal,Male,Bananas,Fruits,8,61.67,Net Banking,4.8,493.36
INV5801,2026-02-10,D,Bengaluru,Normal,Male,Bananas,Fruits,7,62.75,UPI,4.5,439.25
INV5802,2026-04-06,A,Jaipur,Member,Male,Face Wash,Personal Care,7,133.8,Cash,4.5,936.6
INV5803,2026-03-29,B,Delhi,Member,Female,Cheese,Dairy,2,214.69,UPI,4.0,429.38
INV5804,2026-06-02,A,Jaipur,Member,Male,Noodles,Grocery,6,52.05,Cash,3.6,312.3
INV5805,2026-01-13,A,Jaipur,Member,Male,Soap,Personal Care,9,48.42,Net Banking,4.3,435.78
INV5806,2026-02-24,A,Jaipur,Member,Male,Cheese,Dairy,5,208.17,Cash,4.7,1040.85
INV5807,2026-04-24,C,Mumbai,Normal,Male,Rice,Grocery,4,73.58,Cash,4.5,294.32
INV5808,2026-04-02,B,Delhi,Member,Female,Tomato,Vegetables,8,42.08,Cash,4.3,336.64
INV5809,2026-05-24,C,Mumbai,Member,Female,Bananas,Fruits,5,51.05,Cash,3.3,255.25
INV5810,2026-01-08,D,Bengaluru,Member,Female,Noodles,Grocery,3,59.98,Cash,3.7,179.94
INV5811,2026-01-14,C,Mumbai,Member,Male,Tomato,Vegetables,2,38.84,UPI,4.4,77.68
INV5812,2026-03-10,B,Delhi,Member,Male,Tea,Beverages,1,129.84,Card,3.7,129.84
INV5813,2026-03-22,C,Mumbai,Member,Female,Rice,Grocery,7,69.09,Cash,3.3,483.63
INV5814,2026-05-07,A,Jaipur,Normal,Female,Soap,Personal Care,3,45.84,Net Banking,4.5,137.52
INV5815,2026-03-03,D,Bengaluru,Normal,Male,Tea,Beverages,2,125.63,Net Banking,3.5,251.26
INV5816,2026-04-16,C,Mumbai,Normal,Male,Shampoo,Personal Care,4,188.2,UPI,4.8,752.8
INV5817,2026-06-25,C,Mumbai,Normal,Male,Bananas,Fruits,2,60.73,Card,4.2,121.46
INV5818,2026-03-17,C,Mumbai,Normal,Female,Tomato,Vegetables,7,44.74,Card,4.0,313.18
INV5819,2026-03-28,A,Jaipur,Normal,Male,Face Wash,Personal Care,9,130.48,Cash,4.6,1174.32
INV5820,2026-05-01,B,Delhi,Member,Male,Cold Drink,Beverages,10,76.62,Net Banking,4.8,766.2
INV5821,2026-03-19,B,Delhi,Member,Female,Cheese,Dairy,10,208.82,Net Banking,3.6,2088.2
INV5822,2026-06-08,D,Bengaluru,Normal,Male,Chocolate,Snacks,10,52.72,UPI,4.0,527.2
INV5823,2026-02-15,C,Mumbai,Normal,Male,Tea,Beverages,8,135.36,Cash,3.1,1082.88
INV5824,2026-06-13,C,Mumbai,Member,Female,Shampoo,Personal Care,10,180.65,Net Banking,4.5,1806.5
INV5825,2026-01-07,A,Jaipur,Member,Male,Tomato,Vegetables,8,45.53,Cash,4.0,364.24
INV5826,2026-01-03,D,Bengaluru,Normal,Male,Noodles,Grocery,6,61.53,Card,4.4,369.18
INV5827,2026-06-05,A,Jaipur,Normal,Male,Eggs,Dairy,5,96.31,Cash,4.2,481.55
INV5828,2026-03-08,C,Mumbai,Normal,Female,Bananas,Fruits,3,50.36,Cash,4.9,151.08
INV5829,2026-01-25,A,Jaipur,Member,Female,Rice,Grocery,4,80.84,UPI,3.1,323.36
INV5830,2026-03-22,C,Mumbai,Normal,Male,Biscuits,Snacks,1,26.18,UPI,4.2,26.18
INV5831,2026-06-30,C,Mumbai,Normal,Male,Cheese,Dairy,2,196.65,Card,4.9,393.3
INV5832,2026-05-21,B,Delhi,Normal,Male,Bread,Bakery,1,45.81,Card,4.5,45.81
INV5833,2026-03-06,C,Mumbai,Normal,Female,Shampoo,Personal Care,7,198.26,Cash,4.6,1387.82
INV5834,2026-02-15,B,Delhi,Member,Male,Bananas,Fruits,3,64.3,Net Banking,3.6,192.9
INV5835,2026-03-06,D,Bengaluru,Normal,Female,Noodles,Grocery,5,47.83,Cash,4.4,239.15
INV5836,2026-01-22,A,Jaipur,Member,Male,Eggs,Dairy,8,95.34,Card,3.1,762.72
INV5837,2026-04-10,B,Delhi,Member,Female,Bread,Bakery,1,39.76,UPI,3.7,39.76
INV5838,2026-04-20,C,Mumbai,Normal,Female,Cooking Oil,Grocery,2,141.94,UPI,4.5,283.88
INV5839,2026-06-12,D,Bengaluru,Normal,Male,Cooking Oil,Grocery,5,160.27,Card,4.1,801.35
INV5840,2026-04-15,B,Delhi,Member,Female,Biscuits,Snacks,7,28.91,Cash,3.5,202.37
INV5841,2026-02-27,B,Delhi,Member,Male,Tomato,Vegetables,3,39.03,Net Banking,4.6,117.09
INV5842,2026-03-05,A,Jaipur,Member,Female,Tomato,Vegetables,5,38.8,UPI,4.6,194.0
INV5843,2026-03-19,D,Bengaluru,Member,Male,Coffee,Beverages,5,212.74,Cash,3.3,1063.7
INV5844,2026-04-14,C,Mumbai,Member,Female,Chocolate,Snacks,7,46.02,Net Banking,4.5,322.14
INV5845,2026-01-19,D,Bengaluru,Normal,Female,Milk,Dairy,7,61.02,Card,4.5,427.14
INV5846,2026-06-18,B,Delhi,Normal,Female,Cooking Oil,Grocery,1,125.04,Cash,3.4,125.04
INV5847,2026-04-13,C,Mumbai,Normal,Female,Potato,Vegetables,9,30.27,Net Banking,3.5,272.43
INV5848,2026-02-18,D,Bengaluru,Member,Male,Tomato,Vegetables,2,52.07,Cash,3.9,104.14
INV5849,2026-04-29,D,Bengaluru,Member,Female,Shampoo,Personal Care,6,181.42,UPI,3.6,1088.52
INV5850,2026-05-28,C,Mumbai,Member,Female,Coffee,Beverages,2,199.92,Card,4.0,399.84
INV5851,2026-03-04,B,Delhi,Member,Female,Shampoo,Personal Care,5,197.06,UPI,4.1,985.3
INV5852,2026-01-03,D,Bengaluru,Normal,Female,Shampoo,Personal Care,5,149.62,UPI,4.4,748.1
INV5853,2026-04-25,B,Delhi,Normal,Female,Eggs,Dairy,8,95.77,Cash,3.1,766.16
INV5854,2026-02-07,C,Mumbai,Member,Male,Cheese,Dairy,4,230.86,Card,4.5,923.44
INV5855,2026-06-28,A,Jaipur,Member,Male,Soap,Personal Care,7,45.71,Cash,3.6,319.97
INV5856,2026-04-24,B,Delhi,Normal,Male,Cooking Oil,Grocery,8,172.3,Net Banking,4.5,1378.4
INV5857,2026-03-02,C,Mumbai,Normal,Female,Rice,Grocery,1,66.13,Card,4.9,66.13
INV5858,2026-05-25,C,Mumbai,Normal,Male,Noodles,Grocery,5,57.83,UPI,3.1,289.15
INV5859,2026-06-25,A,Jaipur,Member,Male,Bread,Bakery,7,45.16,UPI,4.6,316.12
INV5860,2026-03-18,C,Mumbai,Normal,Female,Bananas,Fruits,4,64.85,UPI,4.8,259.4
INV5861,2026-06-29,B,Delhi,Member,Male,Shampoo,Personal Care,8,202.56,Cash,4.7,1620.48
INV5862,2026-02-26,B,Delhi,Normal,Female,Chips,Snacks,7,39.36,Cash,3.3,275.52
INV5863,2026-01-27,C,Mumbai,Normal,Male,Cooking Oil,Grocery,10,129.76,Cash,3.9,1297.6
INV5864,2026-04-08,B,Delhi,Normal,Male,Cheese,Dairy,1,195.17,Card,3.5,195.17
INV5865,2026-02-25,B,Delhi,Member,Male,Bread,Bakery,2,39.32,Card,4.8,78.64
INV5866,2026-03-25,A,Jaipur,Member,Male,Shampoo,Personal Care,5,196.57,Card,3.2,982.85
INV5867,2026-05-05,D,Bengaluru,Normal,Female,Milk,Dairy,9,56.83,Card,3.2,511.47
INV5868,2026-05-18,B,Delhi,Member,Male,Eggs,Dairy,10,98.95,Net Banking,4.0,989.5
INV5869,2026-02-25,C,Mumbai,Normal,Female,Noodles,Grocery,10,46.69,UPI,3.8,466.9
INV5870,2026-06-01,C,Mumbai,Member,Female,Potato,Vegetables,4,39.52,Cash,5.0,158.08
INV5871,2026-05-10,C,Mumbai,Normal,Male,Noodles,Grocery,3,52.85,Cash,4.6,158.55
INV5872,2026-03-09,D,Bengaluru,Member,Female,Soap,Personal Care,5,45.16,Net Banking,3.5,225.8
INV5873,2026-05-03,B,Delhi,Member,Female,Rice,Grocery,6,79.37,UPI,3.2,476.22
INV5874,2026-05-09,C,Mumbai,Normal,Female,Rice,Grocery,9,62.02,UPI,3.2,558.18
INV5875,2026-05-22,D,Bengaluru,Normal,Female,Tomato,Vegetables,4,42.25,Net Banking,4.8,169.0
INV5876,2026-06-26,D,Bengaluru,Member,Male,Bread,Bakery,9,42.57,Card,3.7,383.13
INV5877,2026-04-20,D,Bengaluru,Normal,Female,Tea,Beverages,1,137.27,UPI,4.0,137.27
INV5878,2026-02-23,B,Delhi,Normal,Female,Soap,Personal Care,9,41.78,Card,3.7,376.02
INV5879,2026-06-25,D,Bengaluru,Normal,Male,Bread,Bakery,1,46.05,Net Banking,4.5,46.05
INV5880,2026-06-23,A,Jaipur,Normal,Female,Apples,Fruits,8,163.64,Cash,4.9,1309.12
INV5881,2026-03-02,D,Bengaluru,Member,Female,Soap,Personal Care,9,51.45,Cash,3.0,463.05
INV5882,2026-01-31,C,Mumbai,Normal,Female,Shampoo,Personal Care,5,199.1,Cash,3.1,995.5
INV5883,2026-05-23,B,Delhi,Member,Female,Apples,Fruits,7,164.99,Cash,3.3,1154.93
INV5884,2026-02-03,B,Delhi,Member,Male,Shampoo,Personal Care,5,187.55,UPI,4.4,937.75
INV5885,2026-04-06,C,Mumbai,Member,Male,Chocolate,Snacks,4,58.44,Card,3.1,233.76
INV5886,2026-06-01,D,Bengaluru,Member,Male,Noodles,Grocery,9,64.47,Cash,4.5,580.23
INV5887,2026-01-17,B,Delhi,Normal,Female,Potato,Vegetables,4,35.99,Cash,4.6,143.96
INV5888,2026-06-11,C,Mumbai,Member,Male,Shampoo,Personal Care,8,160.83,Cash,3.0,1286.64
INV5889,2026-03-18,A,Jaipur,Normal,Male,Potato,Vegetables,6,31.41,Net Banking,3.2,188.46
INV5890,2026-05-26,C,Mumbai,Normal,Female,Face Wash,Personal Care,3,137.65,UPI,4.2,412.95
INV5891,2026-02-15,C,Mumbai,Member,Female,Shampoo,Personal Care,7,192.29,Net Banking,3.8,1346.03
INV5892,2026-03-29,B,Delhi,Normal,Female,Biscuits,Snacks,7,28.57,Card,4.7,199.99
INV5893,2026-03-27,B,Delhi,Member,Female,Milk,Dairy,5,49.07,Cash,4.5,245.35
INV5894,2026-06-15,A,Jaipur,Normal,Female,Rice,Grocery,10,60.39,UPI,3.1,603.9
INV5895,2026-03-19,B,Delhi,Normal,Male,Coffee,Beverages,7,182.56,UPI,4.2,1277.92
INV5896,2026-03-03,D,Bengaluru,Normal,Female,Noodles,Grocery,2,58.64,UPI,4.2,117.28
INV5897,2026-03-20,C,Mumbai,Member,Female,Chips,Snacks,3,35.07,Net Banking,4.0,105.21
INV5898,2026-06-12,C,Mumbai,Member,Female,Chips,Snacks,1,35.29,Net Banking,3.0,35.29
INV5899,2026-06-22,A,Jaipur,Member,Male,Tomato,Vegetables,4,52.64,Net Banking,4.6,210.56
INV5900,2026-05-19,C,Mumbai,Normal,Female,Noodles,Grocery,6,54.03,Net Banking,3.3,324.18
INV5901,2026-06-28,B,Delhi,Member,Male,Potato,Vegetables,5,36.81,Card,4.1,184.05
INV5902,2026-02-20,A,Jaipur,Normal,Male,Bread,Bakery,7,38.2,Cash,4.0,267.4
INV5903,2026-01-09,B,Delhi,Normal,Female,Bread,Bakery,10,37.53,Cash,3.1,375.3
INV5904,2026-06-27,D,Bengaluru,Normal,Male,Bread,Bakery,7,33.81,Net Banking,4.2,236.67
INV5905,2026-01-16,B,Delhi,Normal,Female,Tomato,Vegetables,9,38.37,Net Banking,4.1,345.33
INV5906,2026-05-14,D,Bengaluru,Member,Male,Bread,Bakery,1,43.24,Net Banking,4.5,43.24
INV5907,2026-01-03,C,Mumbai,Member,Female,Rice,Grocery,4,79.9,Card,4.8,319.6
INV5908,2026-02-18,C,Mumbai,Normal,Female,Bread,Bakery,9,42.82,Card,3.9,385.38
INV5909,2026-04-13,D,Bengaluru,Normal,Female,Bananas,Fruits,3,68.72,UPI,3.4,206.16
INV5910,2026-03-07,C,Mumbai,Normal,Male,Cooking Oil,Grocery,6,162.34,Cash,3.3,974.04
INV5911,2026-04-03,C,Mumbai,Member,Male,Milk,Dairy,8,64.33,Net Banking,3.4,514.64
INV5912,2026-02-02,B,Delhi,Normal,Male,Apples,Fruits,6,151.1,UPI,4.0,906.6
INV5913,2026-01-10,B,Delhi,Member,Male,Soap,Personal Care,8,44.21,Cash,3.1,353.68
INV5914,2026-03-04,C,Mumbai,Member,Female,Chips,Snacks,8,39.72,UPI,3.3,317.76
INV5915,2026-02-06,B,Delhi,Member,Male,Potato,Vegetables,6,38.26,Card,3.5,229.56
INV5916,2026-03-25,D,Bengaluru,Normal,Male,Chocolate,Snacks,4,41.93,Card,4.1,167.72
INV5917,2026-04-21,C,Mumbai,Member,Male,Coffee,Beverages,8,213.05,UPI,3.5,1704.4
INV5918,2026-03-27,C,Mumbai,Member,Male,Potato,Vegetables,3,37.0,UPI,3.7,111.0
INV5919,2026-05-26,D,Bengaluru,Member,Male,Face Wash,Personal Care,3,126.89,Cash,4.0,380.67
INV5920,2026-06-14,B,Delhi,Member,Male,Potato,Vegetables,7,32.49,Net Banking,3.6,227.43
INV5921,2026-04-21,A,Jaipur,Member,Male,Chocolate,Snacks,9,53.33,Cash,4.3,479.97
INV5922,2026-06-26,B,Delhi,Normal,Male,Bananas,Fruits,7,52.65,Cash,3.2,368.55
INV5923,2026-01-29,B,Delhi,Normal,Male,Bananas,Fruits,5,51.55,Card,4.1,257.75
INV5924,2026-02-13,D,Bengaluru,Member,Female,Rice,Grocery,6,74.85,Card,3.5,449.1
INV5925,2026-04-16,B,Delhi,Normal,Female,Soap,Personal Care,8,47.7,UPI,4.6,381.6
INV5926,2026-04-16,B,Delhi,Member,Female,Biscuits,Snacks,1,32.96,Card,4.7,32.96
INV5927,2026-03-12,A,Jaipur,Normal,Male,Bread,Bakery,4,39.48,Cash,4.4,157.92
INV5928,2026-03-22,B,Delhi,Normal,Female,Tea,Beverages,5,103.01,UPI,3.3,515.05
INV5929,2026-04-20,D,Bengaluru,Member,Female,Coffee,Beverages,7,175.11,UPI,3.6,1225.77
INV5930,2026-05-26,C,Mumbai,Member,Female,Tea,Beverages,8,102.59,Card,4.0,820.72
INV5931,2026-02-11,A,Jaipur,Normal,Female,Bread,Bakery,5,35.48,Net Banking,4.8,177.4
INV5932,2026-01-20,B,Delhi,Normal,Female,Soap,Personal Care,3,53.12,Card,3.4,159.36
INV5933,2026-02-27,C,Mumbai,Normal,Female,Rice,Grocery,9,70.56,UPI,3.0,635.04
INV5934,2026-06-17,C,Mumbai,Member,Female,Eggs,Dairy,4,100.87,UPI,3.7,403.48
INV5935,2026-06-19,A,Jaipur,Member,Male,Milk,Dairy,4,54.76,Net Banking,4.4,219.04
INV5936,2026-02-11,D,Bengaluru,Normal,Male,Noodles,Grocery,1,52.71,Cash,3.1,52.71
INV5937,2026-06-09,B,Delhi,Member,Male,Tomato,Vegetables,3,49.92,UPI,3.4,149.76
INV5938,2026-06-22,B,Delhi,Normal,Female,Shampoo,Personal Care,5,202.94,Net Banking,5.0,1014.7
INV5939,2026-01-23,B,Delhi,Member,Male,Coffee,Beverages,5,212.08,Cash,3.6,1060.4
INV5940,2026-02-21,A,Jaipur,Member,Male,Tomato,Vegetables,2,49.42,Card,5.0,98.84
INV5941,2026-03-12,B,Delhi,Member,Female,Bread,Bakery,1,41.22,Net Banking,3.5,41.22
INV5942,2026-06-30,B,Delhi,Normal,Female,Cheese,Dairy,6,253.99,Cash,4.7,1523.94
INV5943,2026-04-04,C,Mumbai,Normal,Female,Cold Drink,Beverages,6,64.46,UPI,4.9,386.76
INV5944,2026-02-05,A,Jaipur,Normal,Female,Eggs,Dairy,2,77.01,UPI,3.5,154.02
INV5945,2026-05-16,B,Delhi,Member,Male,Tomato,Vegetables,7,39.76,Net Banking,4.4,278.32
INV5946,2026-01-07,B,Delhi,Member,Male,Cold Drink,Beverages,1,61.97,Card,4.0,61.97
INV5947,2026-03-20,C,Mumbai,Normal,Female,Milk,Dairy,1,63.68,Net Banking,3.2,63.68
INV5948,2026-04-24,B,Delhi,Normal,Female,Cheese,Dairy,3,234.1,UPI,3.4,702.3
INV5949,2026-04-12,D,Bengaluru,Member,Female,Chocolate,Snacks,5,48.57,Cash,4.1,242.85
INV5950,2026-05-09,B,Delhi,Member,Male,Eggs,Dairy,4,99.52,Card,3.5,398.08
INV5951,2026-01-25,A,Jaipur,Member,Female,Shampoo,Personal Care,3,151.72,Cash,4.8,455.16
INV5952,2026-04-18,A,Jaipur,Member,Male,Apples,Fruits,5,128.18,Net Banking,3.6,640.9
INV5953,2026-03-21,D,Bengaluru,Member,Female,Potato,Vegetables,3,37.01,Net Banking,3.2,111.03
INV5954,2026-04-22,A,Jaipur,Member,Male,Tomato,Vegetables,2,44.25,Cash,3.3,88.5
INV5955,2026-04-20,C,Mumbai,Normal,Male,Noodles,Grocery,4,63.69,Cash,3.9,254.76
INV5956,2026-02-05,D,Bengaluru,Member,Female,Face Wash,Personal Care,6,115.14,Cash,5.0,690.84
INV5957,2026-04-14,B,Delhi,Normal,Female,Chocolate,Snacks,7,59.28,Net Banking,3.8,414.96
INV5958,2026-03-31,A,Jaipur,Member,Female,Chocolate,Snacks,2,56.27,Cash,3.6,112.54
INV5959,2026-03-24,B,Delhi,Member,Male,Tomato,Vegetables,6,42.21,UPI,3.1,253.26
INV5960,2026-06-27,A,Jaipur,Normal,Male,Face Wash,Personal Care,2,132.75,Cash,4.4,265.5
INV5961,2026-03-09,C,Mumbai,Member,Female,Tea,Beverages,5,135.18,UPI,4.8,675.9
INV5962,2026-05-11,D,Bengaluru,Normal,Female,Cold Drink,Beverages,10,64.39,UPI,3.6,643.9
INV5963,2026-06-20,D,Bengaluru,Normal,Male,Chips,Snacks,2,37.07,Cash,4.3,74.14
INV5964,2026-01-25,C,Mumbai,Normal,Female,Biscuits,Snacks,5,30.27,Card,3.1,151.35
INV5965,2026-02-28,C,Mumbai,Member,Female,Soap,Personal Care,2,43.48,Card,4.9,86.96
INV5966,2026-04-26,C,Mumbai,Normal,Male,Chocolate,Snacks,2,53.71,Card,5.0,107.42
INV5967,2026-03-03,D,Bengaluru,Normal,Male,Tea,Beverages,4,112.19,UPI,4.8,448.76
INV5968,2026-03-28,C,Mumbai,Member,Male,Milk,Dairy,10,51.84,Card,3.2,518.4
INV5969,2026-03-14,C,Mumbai,Normal,Male,Soap,Personal Care,2,52.68,Card,4.3,105.36
INV5970,2026-05-16,B,Delhi,Normal,Male,Potato,Vegetables,1,34.57,Cash,3.4,34.57
INV5971,2026-01-24,D,Bengaluru,Member,Female,Cheese,Dairy,4,243.93,Net Banking,4.6,975.72
INV5972,2026-02-05,D,Bengaluru,Normal,Male,Milk,Dairy,2,47.0,UPI,3.1,94.0
INV5973,2026-06-25,B,Delhi,Member,Male,Potato,Vegetables,7,39.88,Net Banking,3.9,279.16
INV5974,2026-04-06,B,Delhi,Normal,Female,Apples,Fruits,4,139.76,UPI,3.1,559.04
INV5975,2026-02-27,B,Delhi,Member,Female,Biscuits,Snacks,7,28.39,UPI,4.7,198.73
INV5976,2026-01-22,B,Delhi,Normal,Male,Bananas,Fruits,2,57.55,Card,4.2,115.1
INV5977,2026-04-12,C,Mumbai,Normal,Male,Noodles,Grocery,5,59.95,Cash,4.1,299.75
INV5978,2026-03-24,C,Mumbai,Member,Male,Potato,Vegetables,3,34.51,Net Banking,4.4,103.53
INV5979,2026-05-18,C,Mumbai,Normal,Male,Cooking Oil,Grocery,6,163.07,Net Banking,4.1,978.42
INV5980,2026-06-13,D,Bengaluru,Normal,Female,Biscuits,Snacks,3,26.74,Card,4.9,80.22
INV5981,2026-05-06,D,Bengaluru,Normal,Female,Chips,Snacks,4,36.18,Net Banking,3.7,144.72
INV5982,2026-06-04,D,Bengaluru,Member,Male,Chips,Snacks,7,29.69,Net Banking,4.5,207.83
INV5983,2026-02-13,B,Delhi,Member,Female,Coffee,Beverages,7,210.85,UPI,3.1,1475.95
INV5984,2026-01-29,D,Bengaluru,Member,Female,Soap,Personal Care,6,52.55,Cash,4.5,315.3
INV5985,2026-01-28,D,Bengaluru,Normal,Male,Tea,Beverages,10,119.02,Cash,4.0,1190.2
INV5986,2026-03-21,D,Bengaluru,Member,Female,Bread,Bakery,8,37.93,Net Banking,3.7,303.44
INV5987,2026-01-10,A,Jaipur,Normal,Male,Cooking Oil,Grocery,9,148.37,Net Banking,5.0,1335.33
INV5988,2026-02-03,C,Mumbai,Member,Female,Chips,Snacks,9,39.7,UPI,3.6,357.3
INV5989,2026-01-31,A,Jaipur,Member,Male,Bread,Bakery,4,40.31,Card,4.9,161.24
INV5990,2026-01-02,C,Mumbai,Member,Male,Tea,Beverages,1,132.01,UPI,3.4,132.01
INV5991,2026-06-24,C,Mumbai,Member,Male,Tea,Beverages,7,140.32,Card,4.0,982.24
INV5992,2026-04-17,D,Bengaluru,Normal,Female,Tea,Beverages,5,116.18,Card,4.8,580.9
INV5993,2026-02-27,C,Mumbai,Member,Female,Tomato,Vegetables,1,50.23,UPI,3.0,50.23
INV5994,2026-05-23,B,Delhi,Normal,Female,Face Wash,Personal Care,9,101.83,Cash,4.9,916.47
INV5995,2026-03-18,B,Delhi,Member,Male,Tomato,Vegetables,5,38.92,UPI,3.7,194.6
INV5996,2026-03-01,A,Jaipur,Normal,Female,Chocolate,Snacks,7,55.82,Card,3.3,390.74
INV5997,2026-05-23,B,Delhi,Normal,Female,Tea,Beverages,6,119.6,Cash,3.9,717.6
INV5998,2026-05-11,B,Delhi,Member,Male,Milk,Dairy,7,62.15,Cash,3.1,435.05
INV5999,2026-05-05,D,Bengaluru,Normal,Male,Cooking Oil,Grocery,4,131.1,UPI,4.1,524.4
INV6000,2026-01-20,A,Jaipur,Normal,Male,Cheese,Dairy,7,197.39,Cash,4.8,1381.73
INV6001,2026-06-14,A,Jaipur,Member,Female,Bread,Bakery,4,38.39,Cash,4.5,153.56
INV6002,2026-05-27,B,Delhi,Member,Male,Eggs,Dairy,9,96.06,UPI,5.0,864.54
INV6003,2026-01-31,B,Delhi,Member,Male,Biscuits,Snacks,8,27.34,Net Banking,3.8,218.72
INV6004,2026-05-19,A,Jaipur,Normal,Female,Milk,Dairy,2,56.43,Cash,3.8,112.86
INV6005,2026-03-01,B,Delhi,Member,Female,Cooking Oil,Grocery,7,170.99,UPI,3.4,1196.93
INV6006,2026-04-29,C,Mumbai,Member,Female,Cheese,Dairy,4,210.37,UPI,4.6,841.48
INV6007,2026-06-25,C,Mumbai,Normal,Male,Cheese,Dairy,6,250.78,Net Banking,3.5,1504.68
INV6008,2026-05-21,A,Jaipur,Member,Male,Soap,Personal Care,7,43.16,Cash,4.5,302.12
INV6009,2026-06-14,C,Mumbai,Member,Female,Potato,Vegetables,10,35.07,Card,3.5,350.7
INV6010,2026-03-12,D,Bengaluru,Normal,Male,Soap,Personal Care,1,43.74,Card,5.0,43.74
INV6011,2026-01-07,C,Mumbai,Member,Male,Cooking Oil,Grocery,6,157.41,Cash,4.1,944.46
INV6012,2026-02-22,B,Delhi,Normal,Female,Tomato,Vegetables,9,52.86,Cash,4.2,475.74
INV6013,2026-04-01,C,Mumbai,Member,Female,Chips,Snacks,1,34.6,UPI,3.4,34.6
INV6014,2026-04-12,A,Jaipur,Normal,Male,Tea,Beverages,8,133.25,UPI,3.1,1066.0
INV6015,2026-01-06,D,Bengaluru,Normal,Female,Coffee,Beverages,10,212.87,Card,4.7,2128.7
INV6016,2026-01-29,C,Mumbai,Member,Male,Bananas,Fruits,4,69.16,Cash,3.8,276.64
INV6017,2026-03-26,A,Jaipur,Member,Female,Apples,Fruits,1,128.27,UPI,3.6,128.27
INV6018,2026-03-14,D,Bengaluru,Normal,Female,Cheese,Dairy,1,225.79,Card,3.2,225.79
INV6019,2026-03-12,A,Jaipur,Normal,Male,Cold Drink,Beverages,4,69.73,Card,4.8,278.92
INV6020,2026-04-14,D,Bengaluru,Normal,Male,Biscuits,Snacks,6,30.14,Net Banking,4.0,180.84
INV6021,2026-06-12,A,Jaipur,Member,Male,Cheese,Dairy,1,194.38,Cash,4.2,194.38
INV6022,2026-03-26,A,Jaipur,Normal,Female,Face Wash,Personal Care,8,126.91,Net Banking,4.6,1015.28
INV6023,2026-01-27,C,Mumbai,Normal,Male,Noodles,Grocery,2,58.31,UPI,4.1,116.62
INV6024,2026-03-09,C,Mumbai,Member,Female,Chocolate,Snacks,5,53.62,UPI,3.1,268.1
INV6025,2026-04-07,C,Mumbai,Member,Male,Soap,Personal Care,1,50.7,Card,3.8,50.7
INV6026,2026-01-30,C,Mumbai,Normal,Male,Chips,Snacks,9,32.01,UPI,4.8,288.09
INV6027,2026-04-27,A,Jaipur,Normal,Male,Noodles,Grocery,2,48.91,Net Banking,3.1,97.82
INV6028,2026-05-04,D,Bengaluru,Normal,Male,Tea,Beverages,4,137.24,Cash,3.7,548.96
INV6029,2026-02-06,D,Bengaluru,Member,Male,Potato,Vegetables,9,32.38,Card,4.6,291.42
INV6030,2026-02-05,D,Bengaluru,Member,Male,Biscuits,Snacks,3,27.2,Card,4.5,81.6
INV6031,2026-06-27,B,Delhi,Normal,Male,Tomato,Vegetables,3,45.12,UPI,4.4,135.36
INV6032,2026-04-19,C,Mumbai,Member,Male,Chips,Snacks,5,38.8,Card,4.5,194.0
INV6033,2026-02-24,A,Jaipur,Member,Female,Apples,Fruits,8,153.19,Card,4.1,1225.52
INV6034,2026-05-20,B,Delhi,Member,Female,Soap,Personal Care,2,37.43,Cash,4.7,74.86
INV6035,2026-02-19,D,Bengaluru,Member,Female,Cold Drink,Beverages,10,76.04,Card,4.0,760.4
INV6036,2026-03-14,B,Delhi,Member,Male,Bread,Bakery,4,37.7,Cash,4.8,150.8
INV6037,2026-04-20,A,Jaipur,Member,Female,Apples,Fruits,7,160.89,Net Banking,4.2,1126.23
INV6038,2026-01-27,D,Bengaluru,Normal,Female,Coffee,Beverages,9,200.46,Card,3.7,1804.14
INV6039,2026-06-30,C,Mumbai,Normal,Male,Potato,Vegetables,10,35.9,Net Banking,4.3,359.0
INV6040,2026-04-05,D,Bengaluru,Member,Male,Cooking Oil,Grocery,1,162.08,Cash,4.0,162.08
INV6041,2026-06-11,D,Bengaluru,Normal,Female,Biscuits,Snacks,3,26.43,Card,4.1,79.29
INV6042,2026-04-17,C,Mumbai,Normal,Female,Potato,Vegetables,4,33.22,UPI,3.8,132.88
INV6043,2026-05-07,D,Bengaluru,Normal,Female,Cooking Oil,Grocery,9,172.54,UPI,3.4,1552.86
INV6044,2026-02-22,D,Bengaluru,Member,Female,Soap,Personal Care,2,45.21,Card,3.3,90.42
INV6045,2026-05-25,D,Bengaluru,Member,Male,Coffee,Beverages,10,199.64,Cash,4.6,1996.4
INV6046,2026-02-04,D,Bengaluru,Normal,Male,Chips,Snacks,10,34.66,UPI,3.9,346.6
INV6047,2026-01-15,B,Delhi,Normal,Female,Biscuits,Snacks,1,34.65,Net Banking,3.7,34.65
INV6048,2026-06-10,B,Delhi,Normal,Female,Cold Drink,Beverages,10,57.31,Cash,3.7,573.1
INV6049,2026-04-29,A,Jaipur,Normal,Female,Cold Drink,Beverages,10,54.75,Cash,3.4,547.5
INV6050,2026-06-17,B,Delhi,Normal,Female,Apples,Fruits,9,142.43,Card,4.0,1281.87
INV6051,2026-04-26,D,Bengaluru,Normal,Male,Coffee,Beverages,4,175.68,Net Banking,3.9,702.72
INV6052,2026-04-29,B,Delhi,Member,Male,Bread,Bakery,2,40.58,Cash,3.8,81.16
INV6053,2026-06-14,C,Mumbai,Normal,Female,Cheese,Dairy,3,235.47,Card,3.8,706.41
INV6054,2026-02-22,D,Bengaluru,Member,Male,Soap,Personal Care,7,48.26,Net Banking,3.2,337.82
INV6055,2026-05-24,D,Bengaluru,Normal,Female,Soap,Personal Care,3,51.2,Cash,3.2,153.6
INV6056,2026-06-13,A,Jaipur,Normal,Female,Bread,Bakery,10,37.94,UPI,4.4,379.4
INV6057,2026-06-22,B,Delhi,Normal,Female,Bananas,Fruits,1,66.94,Net Banking,4.8,66.94
INV6058,2026-03-04,B,Delhi,Member,Male,Chocolate,Snacks,7,48.76,Cash,4.9,341.32
INV6059,2026-01-08,B,Delhi,Member,Male,Soap,Personal Care,4,39.56,Net Banking,3.9,158.24
INV6060,2026-05-03,A,Jaipur,Normal,Female,Cold Drink,Beverages,1,70.93,UPI,3.6,70.93
INV6061,2026-04-24,D,Bengaluru,Member,Female,Potato,Vegetables,9,32.7,Cash,3.2,294.3
INV6062,2026-02-03,D,Bengaluru,Member,Male,Chocolate,Snacks,4,59.33,UPI,3.5,237.32
INV6063,2026-01-08,A,Jaipur,Member,Male,Apples,Fruits,5,124.91,Card,3.4,624.55
INV6064,2026-06-25,B,Delhi,Normal,Female,Apples,Fruits,2,129.02,Card,5.0,258.04
INV6065,2026-04-11,D,Bengaluru,Normal,Female,Cooking Oil,Grocery,5,172.61,Cash,3.4,863.05
INV6066,2026-01-03,C,Mumbai,Normal,Female,Potato,Vegetables,10,39.74,Cash,3.8,397.4
INV6067,2026-02-07,D,Bengaluru,Member,Female,Coffee,Beverages,10,213.72,Net Banking,3.7,2137.2
INV6068,2026-05-05,C,Mumbai,Member,Male,Chips,Snacks,1,33.59,Cash,3.9,33.59
INV6069,2026-02-09,B,Delhi,Normal,Male,Chocolate,Snacks,7,57.39,Card,3.6,401.73
INV6070,2026-01-31,A,Jaipur,Normal,Male,Shampoo,Personal Care,1,169.25,Cash,5.0,169.25
INV6071,2026-06-30,C,Mumbai,Member,Male,Chocolate,Snacks,9,45.4,Net Banking,4.4,408.6
INV6072,2026-04-09,D,Bengaluru,Normal,Male,Tea,Beverages,4,100.27,Card,4.3,401.08
INV6073,2026-05-23,B,Delhi,Normal,Male,Cooking Oil,Grocery,4,125.85,Cash,4.4,503.4
INV6074,2026-03-18,B,Delhi,Normal,Female,Rice,Grocery,8,75.9,UPI,4.2,607.2
INV6075,2026-01-27,C,Mumbai,Normal,Male,Cooking Oil,Grocery,1,139.87,UPI,4.5,139.87
INV6076,2026-05-05,C,Mumbai,Member,Female,Tea,Beverages,4,133.55,UPI,3.7,534.2
INV6077,2026-05-17,A,Jaipur,Normal,Male,Chips,Snacks,3,37.16,UPI,3.2,111.48
INV6078,2026-05-18,C,Mumbai,Normal,Male,Noodles,Grocery,3,60.28,Net Banking,3.9,180.84
INV6079,2026-03-24,D,Bengaluru,Member,Male,Biscuits,Snacks,8,34.52,UPI,4.1,276.16
INV6080,2026-05-02,C,Mumbai,Member,Male,Rice,Grocery,8,62.79,UPI,3.8,502.32
INV6081,2026-06-16,C,Mumbai,Normal,Female,Cheese,Dairy,10,230.7,Cash,3.5,2307.0
INV6082,2026-03-12,C,Mumbai,Normal,Female,Face Wash,Personal Care,10,131.39,UPI,3.3,1313.9
INV6083,2026-01-13,C,Mumbai,Member,Female,Cold Drink,Beverages,8,74.41,UPI,4.9,595.28
INV6084,2026-02-12,C,Mumbai,Normal,Male,Biscuits,Snacks,6,29.48,Cash,3.1,176.88
INV6085,2026-06-11,A,Jaipur,Member,Male,Milk,Dairy,2,63.96,Card,3.7,127.92
INV6086,2026-02-20,D,Bengaluru,Normal,Male,Potato,Vegetables,5,39.74,Net Banking,4.0,198.7
INV6087,2026-04-29,D,Bengaluru,Normal,Female,Biscuits,Snacks,4,34.17,Net Banking,4.0,136.68
INV6088,2026-05-26,C,Mumbai,Normal,Female,Cold Drink,Beverages,8,56.03,Card,4.7,448.24
INV6089,2026-03-11,D,Bengaluru,Normal,Male,Tea,Beverages,1,141.54,Cash,3.6,141.54
INV6090,2026-03-23,B,Delhi,Normal,Male,Chocolate,Snacks,10,55.36,Card,3.5,553.6
INV6091,2026-04-27,B,Delhi,Normal,Female,Biscuits,Snacks,10,28.52,Net Banking,4.4,285.2
INV6092,2026-03-19,C,Mumbai,Member,Male,Bananas,Fruits,9,51.62,Net Banking,4.8,464.58
INV6093,2026-02-07,C,Mumbai,Member,Female,Potato,Vegetables,8,37.89,Card,4.4,303.12
INV6094,2026-03-13,C,Mumbai,Normal,Male,Chocolate,Snacks,5,51.73,UPI,4.5,258.65
INV6095,2026-03-04,C,Mumbai,Member,Female,Tea,Beverages,5,138.08,Net Banking,3.1,690.4
INV6096,2026-01-07,A,Jaipur,Member,Female,Apples,Fruits,9,130.25,Card,3.9,1172.25
INV6097,2026-02-14,D,Bengaluru,Member,Female,Potato,Vegetables,7,37.4,UPI,3.1,261.8
INV6098,2026-05-19,C,Mumbai,Normal,Female,Bananas,Fruits,5,63.14,UPI,3.7,315.7
INV6099,2026-03-08,A,Jaipur,Member,Female,Rice,Grocery,4,67.34,Cash,3.3,269.36
INV6100,2026-06-08,A,Jaipur,Member,Male,Bread,Bakery,5,33.9,Card,3.0,169.5
INV6101,2026-01-02,D,Bengaluru,Member,Male,Potato,Vegetables,8,32.71,Net Banking,3.3,261.68
INV6102,2026-06-18,C,Mumbai,Normal,Female,Bananas,Fruits,5,68.25,Cash,4.6,341.25
INV6103,2026-02-25,A,Jaipur,Normal,Female,Face Wash,Personal Care,1,107.39,Net Banking,4.0,107.39
INV6104,2026-04-21,D,Bengaluru,Member,Male,Milk,Dairy,3,51.27,UPI,3.4,153.81
INV6105,2026-01-16,D,Bengaluru,Normal,Female,Soap,Personal Care,5,44.55,Card,4.3,222.75
INV6106,2026-02-08,B,Delhi,Normal,Female,Coffee,Beverages,7,186.76,UPI,4.3,1307.32
INV6107,2026-05-02,D,Bengaluru,Normal,Female,Bread,Bakery,5,46.12,UPI,3.7,230.6
INV6108,2026-04-30,B,Delhi,Normal,Female,Apples,Fruits,1,123.79,UPI,4.7,123.79
INV6109,2026-03-28,C,Mumbai,Member,Male,Bananas,Fruits,8,54.74,Card,4.1,437.92
INV6110,2026-06-29,D,Bengaluru,Normal,Male,Biscuits,Snacks,1,32.06,Cash,4.8,32.06
INV6111,2026-05-19,B,Delhi,Member,Male,Noodles,Grocery,8,61.88,Net Banking,3.9,495.04
INV6112,2026-06-06,B,Delhi,Member,Male,Chocolate,Snacks,3,46.83,UPI,5.0,140.49
INV6113,2026-01-10,B,Delhi,Normal,Female,Shampoo,Personal Care,6,183.65,Net Banking,3.5,1101.9
INV6114,2026-02-21,B,Delhi,Normal,Male,Rice,Grocery,7,79.06,Net Banking,4.6,553.42
INV6115,2026-03-17,C,Mumbai,Normal,Male,Eggs,Dairy,6,99.24,Cash,4.0,595.44
INV6116,2026-03-23,C,Mumbai,Member,Male,Tea,Beverages,2,124.08,Card,4.7,248.16
INV6117,2026-04-12,C,Mumbai,Normal,Female,Chips,Snacks,5,37.27,Net Banking,4.2,186.35
INV6118,2026-04-28,C,Mumbai,Normal,Female,Bananas,Fruits,5,56.48,Cash,4.4,282.4
INV6119,2026-05-04,C,Mumbai,Normal,Male,Cooking Oil,Grocery,4,140.9,Net Banking,4.9,563.6
INV6120,2026-05-25,B,Delhi,Member,Male,Bread,Bakery,1,35.34,UPI,4.2,35.34
INV6121,2026-04-09,A,Jaipur,Normal,Female,Bread,Bakery,6,40.04,Cash,4.0,240.24
INV6122,2026-01-04,D,Bengaluru,Member,Female,Tea,Beverages,4,135.47,Card,3.1,541.88
INV6123,2026-03-19,C,Mumbai,Normal,Male,Milk,Dairy,5,48.94,Card,3.8,244.7
INV6124,2026-06-22,A,Jaipur,Normal,Male,Cold Drink,Beverages,9,62.74,UPI,4.3,564.66
INV6125,2026-01-14,D,Bengaluru,Normal,Male,Tea,Beverages,7,128.02,UPI,4.2,896.14
INV6126,2026-04-02,A,Jaipur,Normal,Female,Milk,Dairy,6,56.77,Net Banking,3.7,340.62
INV6127,2026-03-19,C,Mumbai,Member,Male,Tomato,Vegetables,4,46.3,Cash,3.9,185.2
INV6128,2026-01-22,C,Mumbai,Member,Male,Cooking Oil,Grocery,7,156.19,Cash,3.2,1093.33
INV6129,2026-05-04,B,Delhi,Member,Male,Coffee,Beverages,2,183.42,Cash,3.9,366.84
INV6130,2026-01-07,B,Delhi,Member,Male,Eggs,Dairy,7,78.08,Cash,3.9,546.56
INV6131,2026-04-06,C,Mumbai,Normal,Male,Bananas,Fruits,5,68.2,Net Banking,3.9,341.0
INV6132,2026-06-24,C,Mumbai,Member,Female,Milk,Dairy,6,51.02,Cash,3.8,306.12
INV6133,2026-06-09,D,Bengaluru,Normal,Female,Cheese,Dairy,10,209.25,Cash,3.3,2092.5
INV6134,2026-04-17,C,Mumbai,Member,Female,Noodles,Grocery,8,50.34,Card,4.3,402.72
INV6135,2026-03-27,A,Jaipur,Member,Female,Soap,Personal Care,9,49.05,Card,4.0,441.45
INV6136,2026-05-25,B,Delhi,Normal,Female,Chips,Snacks,3,36.29,Net Banking,3.8,108.87
INV6137,2026-04-23,B,Delhi,Normal,Female,Rice,Grocery,5,74.79,UPI,3.5,373.95
INV6138,2026-03-13,B,Delhi,Normal,Female,Rice,Grocery,5,68.1,Card,4.7,340.5
INV6139,2026-01-25,B,Delhi,Member,Female,Tomato,Vegetables,7,48.73,UPI,3.2,341.11
INV6140,2026-04-22,C,Mumbai,Member,Female,Shampoo,Personal Care,4,154.54,Net Banking,3.7,618.16
INV6141,2026-04-20,D,Bengaluru,Normal,Male,Cold Drink,Beverages,5,56.24,Card,5.0,281.2
INV6142,2026-06-12,B,Delhi,Member,Male,Tea,Beverages,4,120.9,Card,4.0,483.6
INV6143,2026-06-30,B,Delhi,Normal,Female,Cooking Oil,Grocery,5,141.4,Net Banking,4.4,707.0
INV6144,2026-05-08,B,Delhi,Normal,Female,Chocolate,Snacks,10,53.58,Cash,3.7,535.8
INV6145,2026-02-22,B,Delhi,Normal,Male,Cheese,Dairy,7,184.49,Net Banking,3.2,1291.43
INV6146,2026-02-01,C,Mumbai,Member,Male,Cheese,Dairy,7,188.46,UPI,4.8,1319.22
INV6147,2026-01-02,C,Mumbai,Normal,Male,Chocolate,Snacks,9,49.13,UPI,4.4,442.17
INV6148,2026-02-01,B,Delhi,Normal,Female,Apples,Fruits,10,136.35,Cash,4.2,1363.5
INV6149,2026-06-07,A,Jaipur,Normal,Male,Face Wash,Personal Care,3,123.98,Net Banking,4.1,371.94
INV6150,2026-06-16,D,Bengaluru,Member,Female,Chocolate,Snacks,4,49.14,Net Banking,4.8,196.56
INV6151,2026-01-25,C,Mumbai,Member,Female,Potato,Vegetables,1,38.37,Cash,4.0,38.37
INV6152,2026-05-11,A,Jaipur,Normal,Male,Bread,Bakery,2,40.62,Net Banking,4.2,81.24
INV6153,2026-01-27,D,Bengaluru,Member,Female,Milk,Dairy,5,60.0,Card,3.4,300.0
INV6154,2026-01-25,C,Mumbai,Member,Male,Cheese,Dairy,5,198.52,Net Banking,4.9,992.6
INV6155,2026-02-10,B,Delhi,Member,Male,Biscuits,Snacks,1,32.66,Card,4.2,32.66
INV6156,2026-01-31,A,Jaipur,Member,Male,Bread,Bakery,2,41.07,Net Banking,4.3,82.14
INV6157,2026-06-01,B,Delhi,Member,Male,Cheese,Dairy,4,230.54,Card,5.0,922.16
INV6158,2026-06-14,D,Bengaluru,Member,Male,Soap,Personal Care,2,53.27,UPI,3.9,106.54
INV6159,2026-03-04,C,Mumbai,Member,Male,Potato,Vegetables,3,35.58,Cash,3.3,106.74
INV6160,2026-01-30,D,Bengaluru,Normal,Male,Noodles,Grocery,6,63.77,UPI,3.7,382.62
INV6161,2026-06-10,A,Jaipur,Member,Male,Cold Drink,Beverages,8,54.15,Card,4.9,433.2
INV6162,2026-05-19,A,Jaipur,Normal,Female,Eggs,Dairy,6,93.69,Cash,4.3,562.14
INV6163,2026-03-08,B,Delhi,Normal,Male,Cheese,Dairy,4,255.55,UPI,4.4,1022.2
INV6164,2026-05-19,A,Jaipur,Member,Female,Rice,Grocery,4,64.67,UPI,4.6,258.68
INV6165,2026-05-15,A,Jaipur,Normal,Male,Rice,Grocery,3,65.82,Card,3.1,197.46
INV6166,2026-01-03,B,Delhi,Normal,Female,Tea,Beverages,7,116.39,Net Banking,4.8,814.73
INV6167,2026-06-13,C,Mumbai,Normal,Male,Tea,Beverages,1,114.77,Net Banking,4.6,114.77
INV6168,2026-06-23,A,Jaipur,Normal,Female,Potato,Vegetables,2,37.49,Card,3.9,74.98
INV6169,2026-02-24,C,Mumbai,Member,Female,Cold Drink,Beverages,6,54.35,UPI,4.5,326.1
INV6170,2026-06-18,D,Bengaluru,Member,Female,Bananas,Fruits,3,51.53,Net Banking,3.3,154.59
INV6171,2026-01-12,C,Mumbai,Normal,Female,Noodles,Grocery,2,45.78,Net Banking,4.2,91.56
INV6172,2026-01-28,C,Mumbai,Normal,Male,Milk,Dairy,4,59.43,UPI,4.2,237.72
INV6173,2026-06-19,A,Jaipur,Normal,Female,Cooking Oil,Grocery,5,135.52,Card,4.5,677.6
INV6174,2026-04-17,C,Mumbai,Member,Female,Soap,Personal Care,1,48.59,Card,4.1,48.59
INV6175,2026-06-02,A,Jaipur,Normal,Male,Cooking Oil,Grocery,7,157.2,Net Banking,3.2,1100.4
INV6176,2026-02-25,C,Mumbai,Member,Female,Tea,Beverages,1,126.35,Card,3.4,126.35
INV6177,2026-03-16,A,Jaipur,Member,Male,Chips,Snacks,3,30.88,UPI,4.0,92.64
INV6178,2026-03-30,A,Jaipur,Normal,Male,Chocolate,Snacks,3,54.27,Card,3.3,162.81
INV6179,2026-01-17,B,Delhi,Normal,Female,Cheese,Dairy,3,254.66,Cash,4.1,763.98
INV6180,2026-04-09,C,Mumbai,Member,Male,Bread,Bakery,2,37.59,Card,4.2,75.18
INV6181,2026-01-14,D,Bengaluru,Normal,Male,Tea,Beverages,4,106.47,Card,4.6,425.88
INV6182,2026-04-14,A,Jaipur,Normal,Male,Milk,Dairy,9,47.89,Card,3.4,431.01
INV6183,2026-06-12,C,Mumbai,Normal,Female,Eggs,Dairy,5,92.28,Cash,3.5,461.4
INV6184,2026-05-17,A,Jaipur,Member,Female,Bread,Bakery,3,36.24,UPI,3.3,108.72
INV6185,2026-02-24,C,Mumbai,Normal,Female,Chips,Snacks,8,39.13,Card,3.9,313.04
INV6186,2026-03-27,C,Mumbai,Member,Female,Bread,Bakery,3,37.96,Net Banking,3.4,113.88
INV6187,2026-02-20,D,Bengaluru,Normal,Female,Cooking Oil,Grocery,3,152.47,Card,3.5,457.41
INV6188,2026-06-13,A,Jaipur,Member,Male,Eggs,Dairy,1,77.53,Cash,3.2,77.53
INV6189,2026-03-05,C,Mumbai,Member,Male,Face Wash,Personal Care,2,109.63,Cash,4.8,219.26
INV6190,2026-01-02,C,Mumbai,Normal,Female,Face Wash,Personal Care,10,115.16,Net Banking,3.1,1151.6
INV6191,2026-05-12,D,Bengaluru,Member,Female,Potato,Vegetables,8,29.9,Cash,4.2,239.2
INV6192,2026-01-05,A,Jaipur,Normal,Male,Eggs,Dairy,5,82.32,Cash,4.9,411.6
INV6193,2026-01-26,D,Bengaluru,Normal,Male,Tomato,Vegetables,1,49.63,Cash,3.2,49.63
INV6194,2026-02-15,C,Mumbai,Normal,Male,Eggs,Dairy,6,97.16,UPI,4.4,582.96
INV6195,2026-04-25,C,Mumbai,Normal,Female,Face Wash,Personal Care,2,121.98,Cash,3.6,243.96
INV6196,2026-05-01,A,Jaipur,Normal,Male,Milk,Dairy,3,52.12,Card,3.2,156.36
INV6197,2026-05-29,D,Bengaluru,Normal,Female,Chips,Snacks,4,32.62,Net Banking,3.5,130.48
INV6198,2026-01-09,C,Mumbai,Member,Female,Tomato,Vegetables,7,45.12,Card,4.9,315.84
INV6199,2026-04-23,D,Bengaluru,Member,Male,Cheese,Dairy,1,230.34,Card,4.6,230.34
INV6200,2026-06-08,B,Delhi,Normal,Male,Tea,Beverages,8,132.8,Net Banking,5.0,1062.4
INV6201,2026-01-22,D,Bengaluru,Member,Female,Tomato,Vegetables,10,46.02,UPI,3.2,460.2
INV6202,2026-06-12,D,Bengaluru,Normal,Female,Soap,Personal Care,5,51.79,UPI,4.9,258.95
INV6203,2026-06-21,A,Jaipur,Normal,Male,Shampoo,Personal Care,5,196.69,Cash,3.3,983.45
INV6204,2026-04-27,A,Jaipur,Member,Male,Cheese,Dairy,3,237.2,UPI,3.6,711.6
INV6205,2026-01-26,D,Bengaluru,Member,Female,Chips,Snacks,3,38.63,UPI,4.9,115.89
INV6206,2026-02-27,C,Mumbai,Normal,Male,Soap,Personal Care,4,41.24,Cash,3.9,164.96
INV6207,2026-05-08,D,Bengaluru,Normal,Female,Coffee,Beverages,10,184.79,UPI,4.7,1847.9
INV6208,2026-06-14,C,Mumbai,Normal,Male,Soap,Personal Care,4,48.04,UPI,4.9,192.16
INV6209,2026-01-17,A,Jaipur,Normal,Male,Chips,Snacks,1,40.93,Cash,4.6,40.93
INV6210,2026-03-22,D,Bengaluru,Member,Female,Potato,Vegetables,7,30.22,Card,3.1,211.54
INV6211,2026-04-20,A,Jaipur,Member,Male,Soap,Personal Care,3,51.37,Card,5.0,154.11
INV6212,2026-01-02,B,Delhi,Normal,Male,Soap,Personal Care,6,44.44,Net Banking,5.0,266.64
INV6213,2026-01-22,B,Delhi,Member,Female,Soap,Personal Care,7,40.3,UPI,4.3,282.1
INV6214,2026-06-28,B,Delhi,Member,Female,Tomato,Vegetables,7,45.92,Cash,4.9,321.44
INV6215,2026-01-19,A,Jaipur,Member,Male,Coffee,Beverages,1,195.71,Cash,3.8,195.71
INV6216,2026-03-04,B,Delhi,Member,Female,Milk,Dairy,3,53.21,UPI,3.6,159.63
INV6217,2026-05-14,D,Bengaluru,Normal,Male,Bread,Bakery,8,45.96,UPI,3.6,367.68
INV6218,2026-03-28,C,Mumbai,Normal,Female,Biscuits,Snacks,3,31.12,Cash,4.9,93.36
INV6219,2026-03-24,A,Jaipur,Normal,Female,Tea,Beverages,1,140.65,Cash,4.3,140.65
INV6220,2026-05-16,B,Delhi,Member,Female,Coffee,Beverages,6,158.62,Cash,3.3,951.72
INV6221,2026-06-01,D,Bengaluru,Member,Male,Cooking Oil,Grocery,8,132.41,Net Banking,4.6,1059.28
INV6222,2026-04-15,D,Bengaluru,Normal,Male,Milk,Dairy,9,51.49,Card,3.3,463.41
INV6223,2026-05-30,C,Mumbai,Normal,Male,Apples,Fruits,3,157.03,Cash,4.2,471.09
INV6224,2026-02-23,D,Bengaluru,Normal,Female,Biscuits,Snacks,8,25.37,Card,3.6,202.96
INV6225,2026-04-15,C,Mumbai,Normal,Female,Cold Drink,Beverages,1,70.48,UPI,4.7,70.48
INV6226,2026-03-09,A,Jaipur,Member,Male,Bananas,Fruits,7,56.13,Card,4.8,392.91
INV6227,2026-04-01,D,Bengaluru,Normal,Male,Biscuits,Snacks,7,31.67,Card,4.5,221.69
INV6228,2026-06-03,C,Mumbai,Normal,Female,Rice,Grocery,4,68.38,Card,4.3,273.52
INV6229,2026-04-22,D,Bengaluru,Normal,Male,Cold Drink,Beverages,9,59.41,UPI,4.9,534.69
INV6230,2026-01-16,A,Jaipur,Member,Male,Bread,Bakery,5,42.67,Card,4.4,213.35
INV6231,2026-03-19,D,Bengaluru,Member,Male,Noodles,Grocery,8,60.17,Card,3.2,481.36
INV6232,2026-03-01,C,Mumbai,Normal,Female,Biscuits,Snacks,5,29.34,Net Banking,4.4,146.7
INV6233,2026-05-27,A,Jaipur,Member,Male,Cold Drink,Beverages,2,67.84,UPI,4.8,135.68
INV6234,2026-04-04,A,Jaipur,Member,Female,Potato,Vegetables,3,32.67,Card,4.0,98.01
INV6235,2026-04-07,A,Jaipur,Normal,Male,Potato,Vegetables,9,34.08,UPI,4.4,306.72
INV6236,2026-03-20,A,Jaipur,Normal,Male,Bread,Bakery,7,46.89,Cash,4.6,328.23
INV6237,2026-05-24,A,Jaipur,Member,Female,Eggs,Dairy,2,88.04,Card,3.4,176.08
INV6238,2026-01-04,D,Bengaluru,Normal,Female,Milk,Dairy,10,51.24,UPI,4.0,512.4
INV6239,2026-04-02,B,Delhi,Member,Female,Soap,Personal Care,2,52.44,Card,4.5,104.88
INV6240,2026-03-06,C,Mumbai,Member,Male,Cooking Oil,Grocery,7,156.9,Card,4.3,1098.3
INV6241,2026-01-18,A,Jaipur,Member,Male,Shampoo,Personal Care,1,210.03,Cash,3.4,210.03
INV6242,2026-01-26,A,Jaipur,Member,Male,Noodles,Grocery,7,60.88,Net Banking,3.6,426.16
INV6243,2026-05-06,A,Jaipur,Normal,Male,Potato,Vegetables,4,36.32,UPI,3.3,145.28
INV6244,2026-05-15,D,Bengaluru,Normal,Male,Cooking Oil,Grocery,4,164.95,Card,4.3,659.8
INV6245,2026-05-06,D,Bengaluru,Normal,Male,Chips,Snacks,5,40.74,Cash,3.2,203.7
INV6246,2026-01-15,C,Mumbai,Normal,Female,Rice,Grocery,4,75.03,Cash,4.2,300.12
INV6247,2026-02-12,B,Delhi,Member,Female,Tomato,Vegetables,7,38.89,Net Banking,3.2,272.23
INV6248,2026-06-29,D,Bengaluru,Member,Male,Tea,Beverages,9,121.13,Net Banking,4.9,1090.17
INV6249,2026-04-11,C,Mumbai,Member,Female,Chocolate,Snacks,5,43.91,Cash,4.2,219.55
INV6250,2026-03-01,D,Bengaluru,Member,Female,Noodles,Grocery,1,56.54,Cash,3.6,56.54
INV6251,2026-05-18,C,Mumbai,Normal,Male,Milk,Dairy,3,63.95,UPI,3.1,191.85
INV6252,2026-02-26,C,Mumbai,Member,Female,Cheese,Dairy,6,209.6,UPI,3.1,1257.6
INV6253,2026-03-28,D,Bengaluru,Member,Male,Milk,Dairy,4,55.68,Cash,3.4,222.72
INV6254,2026-05-09,D,Bengaluru,Normal,Female,Tomato,Vegetables,5,47.21,Cash,4.6,236.05
INV6255,2026-03-23,A,Jaipur,Normal,Male,Bread,Bakery,3,40.17,Net Banking,4.3,120.51
INV6256,2026-04-19,A,Jaipur,Member,Female,Milk,Dairy,10,63.44,UPI,4.0,634.4
INV6257,2026-06-23,C,Mumbai,Member,Female,Noodles,Grocery,8,47.14,Cash,3.8,377.12
INV6258,2026-03-23,A,Jaipur,Normal,Male,Cheese,Dairy,6,249.88,UPI,4.2,1499.28
INV6259,2026-03-04,D,Bengaluru,Normal,Male,Tea,Beverages,8,130.23,UPI,4.8,1041.84
INV6260,2026-05-03,C,Mumbai,Normal,Female,Biscuits,Snacks,1,31.91,Cash,4.1,31.91
INV6261,2026-02-14,A,Jaipur,Member,Male,Biscuits,Snacks,2,29.62,Cash,3.9,59.24
INV6262,2026-01-29,B,Delhi,Member,Female,Cheese,Dairy,7,248.7,Card,4.5,1740.9
INV6263,2026-04-13,D,Bengaluru,Member,Male,Chips,Snacks,10,29.71,UPI,3.8,297.1
INV6264,2026-06-08,C,Mumbai,Normal,Female,Milk,Dairy,2,56.89,UPI,3.0,113.78
INV6265,2026-05-13,C,Mumbai,Normal,Female,Cooking Oil,Grocery,2,172.23,Net Banking,3.9,344.46
INV6266,2026-01-03,A,Jaipur,Normal,Male,Bread,Bakery,2,46.14,Net Banking,4.7,92.28
INV6267,2026-06-22,B,Delhi,Member,Male,Chips,Snacks,8,31.56,Net Banking,3.3,252.48
INV6268,2026-05-08,D,Bengaluru,Member,Female,Tomato,Vegetables,7,49.34,UPI,4.2,345.38
INV6269,2026-05-03,D,Bengaluru,Normal,Male,Cheese,Dairy,5,220.85,Cash,3.7,1104.25
INV6270,2026-02-02,C,Mumbai,Normal,Female,Tea,Beverages,8,136.36,Cash,3.2,1090.88
INV6271,2026-05-11,B,Delhi,Normal,Male,Rice,Grocery,3,81.84,Cash,3.8,245.52
INV6272,2026-04-23,D,Bengaluru,Member,Male,Coffee,Beverages,8,191.15,UPI,3.6,1529.2
INV6273,2026-04-26,C,Mumbai,Member,Male,Shampoo,Personal Care,3,164.43,Cash,3.4,493.29
INV6274,2026-06-21,C,Mumbai,Normal,Male,Soap,Personal Care,3,42.3,Net Banking,3.7,126.9
INV6275,2026-02-27,C,Mumbai,Normal,Female,Milk,Dairy,2,60.63,Cash,3.9,121.26
INV6276,2026-04-11,C,Mumbai,Member,Male,Chips,Snacks,5,36.79,Cash,3.5,183.95
INV6277,2026-04-14,A,Jaipur,Normal,Female,Coffee,Beverages,6,208.64,Net Banking,4.6,1251.84
INV6278,2026-01-22,B,Delhi,Normal,Female,Cheese,Dairy,8,214.6,Card,3.5,1716.8
INV6279,2026-03-22,C,Mumbai,Normal,Female,Cold Drink,Beverages,9,73.13,Card,5.0,658.17
INV6280,2026-05-08,B,Delhi,Member,Male,Shampoo,Personal Care,3,202.39,Card,3.6,607.17
INV6281,2026-02-16,B,Delhi,Member,Female,Bread,Bakery,6,34.83,UPI,4.2,208.98
INV6282,2026-01-22,C,Mumbai,Member,Female,Bananas,Fruits,8,57.52,UPI,4.6,460.16
INV6283,2026-01-07,A,Jaipur,Member,Male,Cold Drink,Beverages,2,69.57,Net Banking,4.2,139.14
INV6284,2026-05-29,C,Mumbai,Member,Male,Rice,Grocery,3,70.8,Card,3.2,212.4
INV6285,2026-02-23,C,Mumbai,Member,Female,Cooking Oil,Grocery,9,144.9,UPI,3.6,1304.1
INV6286,2026-04-30,C,Mumbai,Member,Male,Chips,Snacks,4,39.39,Cash,4.7,157.56
INV6287,2026-02-06,C,Mumbai,Normal,Female,Bananas,Fruits,6,62.18,Card,4.9,373.08
INV6288,2026-05-17,B,Delhi,Normal,Female,Bananas,Fruits,2,57.48,Card,4.7,114.96
INV6289,2026-05-10,C,Mumbai,Member,Female,Milk,Dairy,7,63.36,UPI,3.1,443.52
INV6290,2026-03-10,B,Delhi,Normal,Female,Cold Drink,Beverages,9,67.66,Card,4.1,608.94
INV6291,2026-02-25,C,Mumbai,Member,Male,Biscuits,Snacks,4,28.31,Net Banking,4.5,113.24
INV6292,2026-01-15,B,Delhi,Member,Female,Biscuits,Snacks,10,31.07,Net Banking,3.9,310.7
INV6293,2026-02-04,A,Jaipur,Member,Male,Cheese,Dairy,3,204.33,UPI,4.3,612.99
INV6294,2026-01-18,A,Jaipur,Normal,Male,Chips,Snacks,5,29.49,Card,3.8,147.45
INV6295,2026-01-14,B,Delhi,Member,Female,Tea,Beverages,9,109.53,Net Banking,3.5,985.77
INV6296,2026-03-28,D,Bengaluru,Normal,Female,Cheese,Dairy,4,249.83,Card,4.5,999.32
INV6297,2026-04-29,B,Delhi,Member,Female,Shampoo,Personal Care,2,188.2,Net Banking,4.8,376.4
INV6298,2026-06-01,C,Mumbai,Normal,Male,Milk,Dairy,6,58.5,Net Banking,4.4,351.0
INV6299,2026-03-25,B,Delhi,Member,Male,Chips,Snacks,5,32.92,Card,5.0,164.6
INV6300,2026-03-04,A,Jaipur,Normal,Male,Bananas,Fruits,3,50.65,UPI,4.4,151.95
INV6301,2026-05-26,A,Jaipur,Member,Female,Rice,Grocery,7,63.33,UPI,4.8,443.31
INV6302,2026-03-08,B,Delhi,Normal,Female,Tomato,Vegetables,7,41.84,UPI,3.8,292.88
INV6303,2026-04-05,A,Jaipur,Normal,Female,Eggs,Dairy,6,84.96,Card,4.6,509.76
INV6304,2026-03-28,D,Bengaluru,Normal,Male,Bananas,Fruits,1,55.41,Card,5.0,55.41
INV6305,2026-01-19,D,Bengaluru,Member,Male,Rice,Grocery,10,68.16,Card,4.8,681.6
INV6306,2026-02-18,B,Delhi,Normal,Female,Coffee,Beverages,4,163.48,UPI,4.5,653.92
INV6307,2026-05-10,D,Bengaluru,Member,Female,Cheese,Dairy,7,230.59,Card,4.5,1614.13
INV6308,2026-05-11,C,Mumbai,Member,Male,Soap,Personal Care,2,43.07,UPI,3.7,86.14
INV6309,2026-01-30,D,Bengaluru,Normal,Female,Rice,Grocery,7,58.96,Net Banking,4.1,412.72
INV6310,2026-04-15,B,Delhi,Normal,Female,Eggs,Dairy,10,101.86,UPI,4.8,1018.6
INV6311,2026-06-27,D,Bengaluru,Normal,Female,Coffee,Beverages,8,155.53,UPI,3.2,1244.24
INV6312,2026-01-19,B,Delhi,Normal,Male,Tea,Beverages,1,116.27,Cash,3.3,116.27
INV6313,2026-02-22,B,Delhi,Member,Male,Shampoo,Personal Care,10,183.35,Cash,4.7,1833.5
INV6314,2026-03-14,A,Jaipur,Normal,Female,Tomato,Vegetables,8,42.13,UPI,3.5,337.04
INV6315,2026-04-19,A,Jaipur,Normal,Male,Tea,Beverages,4,119.48,Cash,3.8,477.92
INV6316,2026-03-07,D,Bengaluru,Member,Male,Coffee,Beverages,8,163.47,Card,3.6,1307.76
INV6317,2026-02-27,B,Delhi,Normal,Female,Chocolate,Snacks,4,55.47,Cash,3.3,221.88
INV6318,2026-01-06,A,Jaipur,Member,Female,Rice,Grocery,6,80.66,Cash,3.7,483.96
INV6319,2026-01-18,B,Delhi,Normal,Female,Shampoo,Personal Care,10,192.51,Cash,3.9,1925.1
INV6320,2026-03-11,B,Delhi,Normal,Female,Cooking Oil,Grocery,7,148.39,UPI,4.4,1038.73
INV6321,2026-02-13,C,Mumbai,Normal,Female,Chips,Snacks,6,32.98,Net Banking,4.1,197.88
INV6322,2026-03-15,B,Delhi,Normal,Male,Eggs,Dairy,4,84.98,Net Banking,3.1,339.92
INV6323,2026-04-23,C,Mumbai,Member,Male,Chocolate,Snacks,7,44.72,Net Banking,4.1,313.04
INV6324,2026-01-22,A,Jaipur,Normal,Male,Tomato,Vegetables,3,42.77,Net Banking,3.7,128.31
INV6325,2026-01-16,A,Jaipur,Member,Male,Rice,Grocery,4,67.73,Net Banking,3.5,270.92
INV6326,2026-05-20,A,Jaipur,Member,Male,Shampoo,Personal Care,4,202.21,Net Banking,4.5,808.84
INV6327,2026-04-21,B,Delhi,Normal,Female,Bananas,Fruits,10,64.61,UPI,3.4,646.1
INV6328,2026-01-16,B,Delhi,Normal,Female,Shampoo,Personal Care,8,194.83,Card,3.4,1558.64
INV6329,2026-05-01,B,Delhi,Normal,Female,Bread,Bakery,10,38.29,Card,3.8,382.9
INV6330,2026-01-24,A,Jaipur,Normal,Female,Cold Drink,Beverages,4,70.81,Net Banking,4.0,283.24
INV6331,2026-03-03,B,Delhi,Normal,Male,Rice,Grocery,8,77.16,Cash,4.6,617.28
INV6332,2026-05-20,C,Mumbai,Member,Female,Noodles,Grocery,7,54.67,Cash,3.6,382.69
INV6333,2026-01-12,A,Jaipur,Member,Female,Biscuits,Snacks,2,29.52,UPI,4.2,59.04
INV6334,2026-02-02,D,Bengaluru,Normal,Female,Tomato,Vegetables,6,52.3,Net Banking,3.8,313.8
INV6335,2026-02-22,C,Mumbai,Normal,Female,Milk,Dairy,2,46.48,Net Banking,3.0,92.96
INV6336,2026-02-27,C,Mumbai,Member,Female,Shampoo,Personal Care,8,191.23,Cash,4.7,1529.84
INV6337,2026-01-23,B,Delhi,Member,Male,Tomato,Vegetables,2,43.85,Net Banking,4.2,87.7
INV6338,2026-02-27,B,Delhi,Normal,Female,Eggs,Dairy,8,80.41,Net Banking,3.4,643.28
INV6339,2026-01-01,D,Bengaluru,Member,Male,Rice,Grocery,4,74.28,Cash,3.4,297.12
INV6340,2026-01-16,A,Jaipur,Normal,Male,Chips,Snacks,4,30.28,Card,4.0,121.12
INV6341,2026-05-10,D,Bengaluru,Member,Female,Chocolate,Snacks,2,42.86,Card,4.9,85.72
INV6342,2026-06-28,A,Jaipur,Normal,Male,Bread,Bakery,9,42.77,UPI,4.2,384.93
INV6343,2026-03-07,A,Jaipur,Normal,Male,Rice,Grocery,10,71.23,Cash,3.9,712.3
INV6344,2026-03-13,D,Bengaluru,Normal,Female,Bread,Bakery,5,39.74,UPI,3.1,198.7
INV6345,2026-02-06,D,Bengaluru,Member,Male,Coffee,Beverages,1,197.14,Net Banking,4.8,197.14
INV6346,2026-02-02,B,Delhi,Member,Male,Chocolate,Snacks,1,43.95,Cash,4.7,43.95
INV6347,2026-04-20,B,Delhi,Member,Female,Cheese,Dairy,4,199.44,Card,3.9,797.76
INV6348,2026-03-15,D,Bengaluru,Member,Female,Chocolate,Snacks,3,51.89,Net Banking,3.6,155.67
INV6349,2026-04-21,A,Jaipur,Normal,Female,Coffee,Beverages,7,171.16,Card,3.2,1198.12
INV6350,2026-06-05,C,Mumbai,Normal,Male,Cooking Oil,Grocery,4,150.0,Card,3.5,600.0
INV6351,2026-04-28,D,Bengaluru,Member,Male,Chips,Snacks,5,33.36,UPI,4.9,166.8
INV6352,2026-02-15,A,Jaipur,Member,Male,Cooking Oil,Grocery,7,128.96,Cash,3.1,902.72
INV6353,2026-05-05,D,Bengaluru,Normal,Male,Cold Drink,Beverages,6,70.79,Cash,3.3,424.74
INV6354,2026-03-15,C,Mumbai,Normal,Female,Bananas,Fruits,6,58.91,Cash,3.6,353.46
INV6355,2026-03-24,B,Delhi,Member,Female,Chocolate,Snacks,1,58.49,UPI,3.1,58.49
INV6356,2026-01-26,B,Delhi,Member,Male,Soap,Personal Care,2,52.92,Card,4.3,105.84
INV6357,2026-01-09,A,Jaipur,Member,Male,Cooking Oil,Grocery,9,170.89,UPI,3.1,1538.01
INV6358,2026-05-08,C,Mumbai,Normal,Male,Soap,Personal Care,10,47.86,Cash,4.7,478.6
INV6359,2026-05-27,D,Bengaluru,Normal,Male,Bread,Bakery,9,45.37,Net Banking,5.0,408.33
INV6360,2026-04-04,B,Delhi,Normal,Female,Face Wash,Personal Care,9,112.55,Cash,4.5,1012.95
INV6361,2026-01-30,A,Jaipur,Normal,Male,Cold Drink,Beverages,8,57.01,Cash,4.8,456.08
INV6362,2026-02-05,A,Jaipur,Member,Female,Coffee,Beverages,5,169.55,Card,3.7,847.75
INV6363,2026-03-16,B,Delhi,Normal,Female,Cold Drink,Beverages,2,58.88,Cash,3.2,117.76
INV6364,2026-02-06,D,Bengaluru,Member,Female,Coffee,Beverages,8,156.02,Cash,3.0,1248.16
INV6365,2026-01-01,C,Mumbai,Normal,Male,Potato,Vegetables,5,36.77,Card,4.1,183.85
INV6366,2026-06-20,D,Bengaluru,Member,Female,Chips,Snacks,7,29.43,Cash,4.2,206.01
INV6367,2026-01-08,A,Jaipur,Member,Female,Biscuits,Snacks,8,25.28,Cash,4.8,202.24
INV6368,2026-01-18,A,Jaipur,Normal,Male,Potato,Vegetables,1,37.28,Card,4.0,37.28
INV6369,2026-01-07,B,Delhi,Member,Male,Bananas,Fruits,2,68.95,Net Banking,3.8,137.9
INV6370,2026-03-15,C,Mumbai,Member,Female,Chocolate,Snacks,4,44.86,Card,3.7,179.44
INV6371,2026-02-25,B,Delhi,Normal,Male,Eggs,Dairy,10,78.82,Cash,3.3,788.2
INV6372,2026-06-21,D,Bengaluru,Member,Male,Tomato,Vegetables,3,50.24,UPI,4.8,150.72
INV6373,2026-04-22,B,Delhi,Normal,Male,Rice,Grocery,4,66.32,Net Banking,4.1,265.28
INV6374,2026-04-05,A,Jaipur,Normal,Male,Tomato,Vegetables,3,40.43,Card,4.2,121.29
INV6375,2026-02-10,D,Bengaluru,Normal,Female,Chocolate,Snacks,2,42.33,Net Banking,4.3,84.66
INV6376,2026-04-03,A,Jaipur,Member,Female,Apples,Fruits,8,139.78,Net Banking,4.6,1118.24
INV6377,2026-04-06,C,Mumbai,Member,Male,Noodles,Grocery,9,59.09,UPI,3.4,531.81
INV6378,2026-06-22,C,Mumbai,Normal,Female,Bananas,Fruits,10,65.12,UPI,4.5,651.2
INV6379,2026-03-12,C,Mumbai,Normal,Female,Apples,Fruits,5,159.36,UPI,4.5,796.8
INV6380,2026-03-30,C,Mumbai,Member,Female,Potato,Vegetables,4,39.39,Cash,3.3,157.56
INV6381,2026-01-15,A,Jaipur,Normal,Female,Chips,Snacks,7,30.21,Card,3.8,211.47
INV6382,2026-04-23,D,Bengaluru,Normal,Male,Bread,Bakery,4,46.9,Cash,4.7,187.6
INV6383,2026-04-17,B,Delhi,Normal,Male,Tomato,Vegetables,10,42.82,Card,4.4,428.2
INV6384,2026-06-28,C,Mumbai,Member,Male,Chips,Snacks,8,31.58,Cash,3.0,252.64
INV6385,2026-02-06,B,Delhi,Member,Female,Biscuits,Snacks,6,28.97,Cash,4.3,173.82
INV6386,2026-03-07,B,Delhi,Member,Male,Soap,Personal Care,6,43.06,UPI,4.8,258.36
INV6387,2026-04-11,B,Delhi,Normal,Male,Shampoo,Personal Care,1,207.62,Cash,4.1,207.62
INV6388,2026-06-05,C,Mumbai,Normal,Male,Rice,Grocery,7,64.33,UPI,4.6,450.31
INV6389,2026-03-31,C,Mumbai,Normal,Female,Milk,Dairy,9,62.66,Card,3.4,563.94
INV6390,2026-01-23,C,Mumbai,Normal,Female,Rice,Grocery,1,67.52,UPI,4.9,67.52
INV6391,2026-06-14,C,Mumbai,Member,Female,Cheese,Dairy,9,253.87,Net Banking,4.4,2284.83
INV6392,2026-01-27,D,Bengaluru,Member,Female,Tomato,Vegetables,9,48.55,Net Banking,4.2,436.95
INV6393,2026-03-18,D,Bengaluru,Normal,Female,Tea,Beverages,9,112.17,Cash,3.7,1009.53
INV6394,2026-01-29,B,Delhi,Member,Male,Apples,Fruits,10,160.13,Net Banking,3.7,1601.3
INV6395,2026-02-07,D,Bengaluru,Normal,Male,Soap,Personal Care,8,38.87,Card,3.4,310.96
INV6396,2026-02-23,C,Mumbai,Normal,Female,Biscuits,Snacks,7,25.75,Cash,3.6,180.25
INV6397,2026-02-04,A,Jaipur,Member,Male,Chips,Snacks,9,38.22,UPI,3.4,343.98
INV6398,2026-01-19,D,Bengaluru,Member,Male,Bananas,Fruits,2,66.1,Cash,3.5,132.2
INV6399,2026-01-26,D,Bengaluru,Normal,Male,Cheese,Dairy,9,258.27,Cash,4.1,2324.43
INV6400,2026-03-10,D,Bengaluru,Normal,Male,Soap,Personal Care,9,39.57,Net Banking,4.9,356.13
INV6401,2026-03-05,B,Delhi,Member,Female,Coffee,Beverages,9,212.22,Cash,3.9,1909.98
INV6402,2026-05-03,B,Delhi,Member,Male,Tea,Beverages,10,128.56,Card,3.2,1285.6
INV6403,2026-01-04,A,Jaipur,Member,Female,Face Wash,Personal Care,4,127.0,Cash,3.6,508.0
INV6404,2026-02-11,C,Mumbai,Normal,Female,Noodles,Grocery,1,46.89,UPI,3.2,46.89
INV6405,2026-04-15,D,Bengaluru,Member,Female,Milk,Dairy,9,50.38,UPI,4.1,453.42
INV6406,2026-04-11,C,Mumbai,Member,Female,Noodles,Grocery,10,54.95,Net Banking,4.9,549.5
INV6407,2026-01-22,B,Delhi,Member,Male,Biscuits,Snacks,5,30.33,Cash,4.7,151.65
INV6408,2026-06-29,A,Jaipur,Normal,Female,Cheese,Dairy,4,247.44,UPI,3.6,989.76
INV6409,2026-04-15,A,Jaipur,Member,Male,Chips,Snacks,4,39.65,Cash,4.3,158.6
INV6410,2026-06-02,B,Delhi,Member,Male,Chips,Snacks,6,29.83,Cash,4.8,178.98
INV6411,2026-05-10,C,Mumbai,Member,Female,Chocolate,Snacks,7,52.71,UPI,3.7,368.97
INV6412,2026-04-22,A,Jaipur,Member,Female,Apples,Fruits,6,121.45,Cash,4.5,728.7
INV6413,2026-06-12,D,Bengaluru,Normal,Female,Shampoo,Personal Care,3,211.29,Net Banking,3.1,633.87
INV6414,2026-05-02,B,Delhi,Member,Female,Coffee,Beverages,6,185.9,Net Banking,4.1,1115.4
INV6415,2026-03-24,C,Mumbai,Normal,Female,Face Wash,Personal Care,8,104.7,UPI,3.6,837.6
INV6416,2026-02-01,B,Delhi,Member,Male,Bread,Bakery,7,38.91,Card,3.0,272.37
INV6417,2026-04-16,D,Bengaluru,Member,Male,Bread,Bakery,4,45.14,Card,3.6,180.56
INV6418,2026-05-30,B,Delhi,Member,Female,Apples,Fruits,3,127.55,Cash,4.2,382.65
INV6419,2026-02-11,C,Mumbai,Member,Female,Noodles,Grocery,2,60.3,Net Banking,4.1,120.6
INV6420,2026-04-06,B,Delhi,Member,Female,Noodles,Grocery,7,55.42,UPI,4.0,387.94
INV6421,2026-06-05,C,Mumbai,Member,Female,Tea,Beverages,4,100.4,Net Banking,3.8,401.6
INV6422,2026-05-06,B,Delhi,Normal,Female,Potato,Vegetables,7,29.59,Card,3.6,207.13
INV6423,2026-02-20,A,Jaipur,Normal,Female,Soap,Personal Care,8,49.02,Card,4.3,392.16
INV6424,2026-06-23,D,Bengaluru,Normal,Male,Bread,Bakery,7,42.32,Cash,4.1,296.24
INV6425,2026-03-18,B,Delhi,Normal,Male,Biscuits,Snacks,10,26.84,UPI,4.7,268.4
INV6426,2026-03-06,C,Mumbai,Normal,Female,Cheese,Dairy,3,252.41,Cash,4.1,757.23
INV6427,2026-01-31,B,Delhi,Member,Female,Soap,Personal Care,8,49.22,Net Banking,3.7,393.76
INV6428,2026-01-09,A,Jaipur,Member,Female,Cold Drink,Beverages,1,67.43,Net Banking,3.1,67.43
INV6429,2026-02-25,B,Delhi,Member,Female,Bread,Bakery,10,38.52,Card,3.9,385.2
INV6430,2026-06-08,C,Mumbai,Member,Male,Bananas,Fruits,2,57.47,Cash,3.5,114.94
INV6431,2026-04-22,B,Delhi,Normal,Male,Biscuits,Snacks,10,33.43,Net Banking,4.3,334.3
INV6432,2026-06-30,A,Jaipur,Normal,Female,Bread,Bakery,4,33.86,Net Banking,5.0,135.44
INV6433,2026-01-15,C,Mumbai,Member,Male,Chips,Snacks,1,41.48,Net Banking,3.0,41.48
INV6434,2026-03-15,D,Bengaluru,Member,Female,Soap,Personal Care,9,48.73,UPI,3.6,438.57
INV6435,2026-04-15,B,Delhi,Normal,Male,Bananas,Fruits,2,51.0,Card,4.5,102.0
INV6436,2026-06-21,B,Delhi,Normal,Male,Bread,Bakery,9,44.47,Cash,4.0,400.23
INV6437,2026-06-16,C,Mumbai,Member,Female,Noodles,Grocery,7,60.71,Net Banking,4.7,424.97
INV6438,2026-04-01,B,Delhi,Normal,Female,Chocolate,Snacks,9,55.48,UPI,4.2,499.32
INV6439,2026-01-25,A,Jaipur,Member,Male,Cooking Oil,Grocery,4,162.5,Net Banking,4.0,650.0
INV6440,2026-05-24,D,Bengaluru,Member,Male,Apples,Fruits,5,161.91,Net Banking,4.1,809.55
INV6441,2026-01-24,C,Mumbai,Normal,Male,Noodles,Grocery,2,48.25,Card,4.6,96.5
INV6442,2026-02-17,D,Bengaluru,Normal,Male,Tea,Beverages,4,107.46,UPI,4.3,429.84
INV6443,2026-01-14,D,Bengaluru,Member,Male,Cold Drink,Beverages,6,72.33,Net Banking,3.4,433.98
INV6444,2026-03-07,C,Mumbai,Normal,Female,Potato,Vegetables,4,29.18,Card,3.6,116.72
INV6445,2026-04-30,D,Bengaluru,Normal,Female,Tea,Beverages,10,129.26,UPI,3.2,1292.6
INV6446,2026-04-10,B,Delhi,Member,Male,Cheese,Dairy,10,219.83,Net Banking,3.0,2198.3
INV6447,2026-06-27,D,Bengaluru,Member,Male,Noodles,Grocery,10,62.51,Cash,3.6,625.1
INV6448,2026-01-17,B,Delhi,Member,Male,Bread,Bakery,9,44.39,Card,4.7,399.51
INV6449,2026-06-14,A,Jaipur,Normal,Female,Rice,Grocery,8,59.02,Net Banking,5.0,472.16
INV6450,2026-01-30,B,Delhi,Member,Female,Cold Drink,Beverages,1,61.72,Net Banking,3.8,61.72
INV6451,2026-04-08,B,Delhi,Member,Female,Coffee,Beverages,6,172.99,UPI,4.1,1037.94
INV6452,2026-05-14,C,Mumbai,Member,Male,Tomato,Vegetables,5,38.52,Cash,3.6,192.6
INV6453,2026-06-18,C,Mumbai,Normal,Male,Eggs,Dairy,4,92.18,Card,4.8,368.72
INV6454,2026-02-21,D,Bengaluru,Normal,Female,Coffee,Beverages,1,165.32,UPI,4.9,165.32
INV6455,2026-03-12,D,Bengaluru,Member,Female,Potato,Vegetables,2,29.64,Net Banking,4.8,59.28
INV6456,2026-02-13,D,Bengaluru,Normal,Female,Biscuits,Snacks,1,29.74,Card,4.9,29.74
INV6457,2026-04-06,C,Mumbai,Normal,Female,Cold Drink,Beverages,8,60.54,Net Banking,4.9,484.32
INV6458,2026-03-20,B,Delhi,Member,Male,Soap,Personal Care,4,52.69,Net Banking,3.2,210.76
INV6459,2026-01-27,A,Jaipur,Normal,Female,Cooking Oil,Grocery,3,171.24,Cash,4.7,513.72
INV6460,2026-02-24,A,Jaipur,Normal,Male,Soap,Personal Care,5,48.15,Net Banking,4.1,240.75
INV6461,2026-02-06,C,Mumbai,Member,Male,Noodles,Grocery,8,53.96,Card,3.0,431.68
INV6462,2026-06-22,D,Bengaluru,Normal,Male,Rice,Grocery,5,80.57,Net Banking,3.6,402.85
INV6463,2026-01-14,B,Delhi,Normal,Male,Rice,Grocery,9,64.17,Card,3.5,577.53
INV6464,2026-02-27,B,Delhi,Normal,Male,Bread,Bakery,1,43.99,Cash,4.8,43.99
INV6465,2026-05-07,B,Delhi,Normal,Male,Chocolate,Snacks,4,58.7,Net Banking,3.4,234.8
INV6466,2026-01-30,C,Mumbai,Normal,Male,Noodles,Grocery,6,52.93,UPI,4.7,317.58
INV6467,2026-05-22,B,Delhi,Member,Female,Eggs,Dairy,4,77.12,Card,3.1,308.48
INV6468,2026-04-19,D,Bengaluru,Member,Female,Face Wash,Personal Care,6,102.6,Net Banking,4.6,615.6
INV6469,2026-03-30,B,Delhi,Normal,Female,Biscuits,Snacks,7,30.61,UPI,3.3,214.27
INV6470,2026-05-02,D,Bengaluru,Member,Female,Soap,Personal Care,7,39.49,Card,4.7,276.43
INV6471,2026-03-08,A,Jaipur,Member,Male,Cold Drink,Beverages,8,74.54,UPI,3.9,596.32
INV6472,2026-02-14,C,Mumbai,Member,Male,Cooking Oil,Grocery,3,134.04,Net Banking,5.0,402.12
INV6473,2026-02-01,C,Mumbai,Member,Male,Cheese,Dairy,7,185.46,Cash,4.5,1298.22
INV6474,2026-01-06,B,Delhi,Normal,Male,Shampoo,Personal Care,4,193.57,Cash,3.4,774.28
INV6475,2026-03-25,A,Jaipur,Normal,Female,Shampoo,Personal Care,4,156.0,UPI,3.0,624.0
INV6476,2026-04-30,B,Delhi,Normal,Male,Tea,Beverages,7,137.69,Net Banking,3.9,963.83
INV6477,2026-06-27,B,Delhi,Member,Female,Milk,Dairy,9,63.83,Net Banking,4.2,574.47
INV6478,2026-06-23,D,Bengaluru,Normal,Male,Cold Drink,Beverages,9,65.82,Card,3.0,592.38
INV6479,2026-02-24,C,Mumbai,Member,Female,Bananas,Fruits,1,66.47,Net Banking,3.1,66.47
INV6480,2026-04-29,C,Mumbai,Normal,Female,Tea,Beverages,3,127.18,Cash,4.1,381.54
INV6481,2026-04-20,B,Delhi,Normal,Female,Eggs,Dairy,3,97.4,Net Banking,4.0,292.2
INV6482,2026-01-05,C,Mumbai,Member,Male,Potato,Vegetables,2,32.38,Card,4.0,64.76
INV6483,2026-04-26,D,Bengaluru,Normal,Female,Tomato,Vegetables,1,45.53,Card,4.6,45.53
INV6484,2026-05-20,D,Bengaluru,Member,Female,Coffee,Beverages,1,201.02,Net Banking,4.3,201.02
INV6485,2026-02-02,B,Delhi,Normal,Male,Biscuits,Snacks,1,31.73,Net Banking,4.9,31.73
INV6486,2026-03-25,D,Bengaluru,Member,Male,Noodles,Grocery,7,47.62,Card,4.7,333.34
INV6487,2026-03-31,A,Jaipur,Member,Female,Cold Drink,Beverages,1,76.51,Card,4.9,76.51
INV6488,2026-04-28,D,Bengaluru,Member,Male,Cooking Oil,Grocery,7,172.44,UPI,4.0,1207.08
INV6489,2026-04-09,A,Jaipur,Normal,Female,Tea,Beverages,8,121.36,Cash,4.8,970.88
INV6490,2026-03-11,B,Delhi,Normal,Male,Cold Drink,Beverages,10,59.92,Cash,4.3,599.2
INV6491,2026-02-11,B,Delhi,Member,Female,Tomato,Vegetables,8,43.69,UPI,4.8,349.52
INV6492,2026-03-02,D,Bengaluru,Member,Male,Bread,Bakery,5,43.27,UPI,4.8,216.35
INV6493,2026-06-06,B,Delhi,Member,Male,Tea,Beverages,9,113.28,Cash,4.5,1019.52
INV6494,2026-05-06,A,Jaipur,Normal,Female,Chips,Snacks,6,29.27,Card,4.5,175.62
INV6495,2026-02-02,C,Mumbai,Member,Female,Cooking Oil,Grocery,1,159.78,Cash,4.2,159.78
INV6496,2026-03-28,A,Jaipur,Normal,Male,Cooking Oil,Grocery,4,152.05,Card,3.7,608.2
INV6497,2026-02-08,D,Bengaluru,Normal,Male,Potato,Vegetables,5,33.73,Cash,4.7,168.65
INV6498,2026-02-27,A,Jaipur,Normal,Female,Eggs,Dairy,7,96.19,Card,4.6,673.33
INV6499,2026-05-16,C,Mumbai,Member,Male,Potato,Vegetables,3,39.87,Cash,4.9,119.61
INV6500,2026-03-23,A,Jaipur,Normal,Male,Shampoo,Personal Care,5,170.98,UPI,4.8,854.9
INV6501,2026-05-08,A,Jaipur,Member,Female,Face Wash,Personal Care,2,116.96,Net Banking,4.4,233.92
INV6502,2026-02-14,D,Bengaluru,Member,Male,Coffee,Beverages,6,163.82,Net Banking,4.0,982.92
INV6503,2026-01-06,D,Bengaluru,Normal,Male,Potato,Vegetables,8,37.3,Net Banking,4.9,298.4
INV6504,2026-01-23,A,Jaipur,Normal,Female,Milk,Dairy,6,64.37,Card,4.0,386.22
INV6505,2026-04-17,D,Bengaluru,Member,Female,Noodles,Grocery,6,62.13,Net Banking,4.2,372.78
INV6506,2026-02-27,A,Jaipur,Normal,Male,Bread,Bakery,5,34.98,Cash,3.6,174.9
INV6507,2026-05-01,D,Bengaluru,Normal,Male,Tomato,Vegetables,7,53.16,Net Banking,3.0,372.12
INV6508,2026-01-05,C,Mumbai,Normal,Female,Chocolate,Snacks,2,47.65,Card,4.0,95.3
INV6509,2026-02-10,C,Mumbai,Normal,Female,Cooking Oil,Grocery,1,176.8,Card,3.5,176.8
INV6510,2026-03-24,D,Bengaluru,Member,Female,Cold Drink,Beverages,1,67.47,Card,5.0,67.47
INV6511,2026-02-25,D,Bengaluru,Normal,Female,Tea,Beverages,10,136.92,Cash,3.3,1369.2
INV6512,2026-01-22,B,Delhi,Normal,Female,Shampoo,Personal Care,7,197.65,Card,3.0,1383.55
INV6513,2026-05-23,D,Bengaluru,Normal,Male,Tomato,Vegetables,6,46.27,Cash,4.1,277.62
INV6514,2026-05-14,C,Mumbai,Normal,Male,Coffee,Beverages,8,190.12,Card,4.9,1520.96
INV6515,2026-05-02,B,Delhi,Normal,Male,Cooking Oil,Grocery,7,175.86,UPI,3.5,1231.02
INV6516,2026-03-05,B,Delhi,Normal,Female,Bananas,Fruits,4,69.39,Card,3.8,277.56
INV6517,2026-03-02,D,Bengaluru,Normal,Female,Cheese,Dairy,6,237.85,Net Banking,4.3,1427.1
INV6518,2026-01-26,C,Mumbai,Normal,Female,Coffee,Beverages,9,168.85,Net Banking,4.3,1519.65
INV6519,2026-04-06,C,Mumbai,Normal,Male,Rice,Grocery,8,64.24,UPI,3.3,513.92
INV6520,2026-03-14,C,Mumbai,Member,Male,Cooking Oil,Grocery,10,137.33,Card,4.3,1373.3
INV6521,2026-04-01,D,Bengaluru,Member,Female,Chocolate,Snacks,9,53.21,Net Banking,3.5,478.89
INV6522,2026-03-14,C,Mumbai,Normal,Male,Tea,Beverages,7,133.84,Net Banking,3.6,936.88
INV6523,2026-01-17,C,Mumbai,Normal,Female,Noodles,Grocery,3,50.68,Cash,3.3,152.04
INV6524,2026-02-19,A,Jaipur,Member,Male,Cooking Oil,Grocery,5,170.36,Cash,3.1,851.8
INV6525,2026-01-11,A,Jaipur,Member,Male,Milk,Dairy,5,49.41,Card,3.1,247.05
INV6526,2026-03-08,A,Jaipur,Normal,Female,Rice,Grocery,7,80.08,UPI,4.6,560.56
INV6527,2026-05-28,A,Jaipur,Member,Female,Milk,Dairy,2,49.7,Card,4.3,99.4
INV6528,2026-03-24,D,Bengaluru,Member,Female,Tomato,Vegetables,8,45.85,Cash,3.9,366.8
INV6529,2026-04-15,A,Jaipur,Member,Female,Chips,Snacks,5,29.97,Cash,4.3,149.85
INV6530,2026-03-14,C,Mumbai,Member,Female,Chips,Snacks,5,31.16,Card,4.8,155.8
INV6531,2026-06-18,C,Mumbai,Member,Male,Bananas,Fruits,10,54.12,Card,3.1,541.2
INV6532,2026-06-04,D,Bengaluru,Member,Male,Cold Drink,Beverages,5,67.54,Card,3.8,337.7
INV6533,2026-06-24,A,Jaipur,Member,Male,Eggs,Dairy,6,91.98,Card,4.3,551.88
INV6534,2026-01-07,B,Delhi,Member,Female,Rice,Grocery,1,77.36,UPI,4.0,77.36
INV6535,2026-05-07,B,Delhi,Normal,Female,Soap,Personal Care,10,38.29,Net Banking,3.6,382.9
INV6536,2026-07-01,C,Mumbai,Member,Female,Eggs,Dairy,6,85.72,Card,3.5,514.32
INV6537,2026-01-11,C,Mumbai,Normal,Male,Shampoo,Personal Care,2,194.35,Net Banking,4.2,388.7
INV6538,2026-01-18,A,Jaipur,Member,Female,Eggs,Dairy,3,75.76,Cash,3.4,227.28
INV6539,2026-06-07,D,Bengaluru,Normal,Female,Bread,Bakery,1,35.16,Net Banking,3.4,35.16
INV6540,2026-04-05,B,Delhi,Normal,Male,Eggs,Dairy,9,93.86,Card,4.4,844.74
INV6541,2026-02-22,D,Bengaluru,Normal,Male,Noodles,Grocery,9,64.63,Net Banking,4.4,581.67
INV6542,2026-06-26,C,Mumbai,Normal,Female,Rice,Grocery,4,59.2,Card,4.4,236.8
INV6543,2026-07-01,A,Jaipur,Member,Male,Bananas,Fruits,3,66.1,Card,4.1,198.3
INV6544,2026-01-15,A,Jaipur,Normal,Male,Rice,Grocery,7,68.33,Cash,3.4,478.31
INV6545,2026-06-23,B,Delhi,Member,Female,Potato,Vegetables,5,36.09,Card,3.6,180.45
INV6546,2026-05-26,D,Bengaluru,Normal,Male,Cheese,Dairy,9,221.65,Cash,4.7,1994.85
INV6547,2026-02-13,B,Delhi,Member,Male,Tomato,Vegetables,8,49.96,UPI,4.1,399.68
INV6548,2026-03-02,C,Mumbai,Normal,Female,Bananas,Fruits,4,58.1,Card,4.7,232.4
INV6549,2026-01-31,C,Mumbai,Member,Male,Cooking Oil,Grocery,4,171.18,Cash,3.3,684.72
INV6550,2026-04-05,C,Mumbai,Member,Male,Milk,Dairy,9,55.64,Cash,3.6,500.76
INV6551,2026-02-14,C,Mumbai,Normal,Male,Bananas,Fruits,8,53.07,Card,3.9,424.56
INV6552,2026-01-21,C,Mumbai,Member,Female,Chips,Snacks,8,32.89,Net Banking,3.6,263.12
INV6553,2026-03-12,D,Bengaluru,Member,Female,Tomato,Vegetables,6,45.27,Cash,4.2,271.62
INV6554,2026-03-17,D,Bengaluru,Normal,Male,Tomato,Vegetables,9,40.44,UPI,4.5,363.96
INV6555,2026-05-09,C,Mumbai,Member,Female,Face Wash,Personal Care,2,104.3,Net Banking,3.5,208.6
INV6556,2026-04-25,B,Delhi,Normal,Male,Rice,Grocery,2,78.91,Net Banking,3.9,157.82
INV6557,2026-05-01,B,Delhi,Normal,Male,Biscuits,Snacks,7,25.84,Card,3.8,180.88
INV6558,2026-05-22,C,Mumbai,Member,Female,Chocolate,Snacks,8,44.61,Cash,3.8,356.88
INV6559,2026-05-22,B,Delhi,Normal,Female,Shampoo,Personal Care,4,166.25,UPI,4.9,665.0
INV6560,2026-04-04,D,Bengaluru,Normal,Female,Cold Drink,Beverages,9,56.68,Cash,3.4,510.12
INV6561,2026-04-14,C,Mumbai,Member,Female,Milk,Dairy,7,63.07,UPI,4.1,441.49
INV6562,2026-06-18,A,Jaipur,Member,Male,Tea,Beverages,8,110.64,Cash,4.4,885.12
INV6563,2026-04-11,B,Delhi,Member,Male,Chocolate,Snacks,1,53.84,Card,3.9,53.84
INV6564,2026-04-25,B,Delhi,Normal,Male,Biscuits,Snacks,10,31.75,UPI,3.9,317.5
INV6565,2026-04-24,C,Mumbai,Normal,Female,Shampoo,Personal Care,7,153.16,Card,4.8,1072.12
INV6566,2026-04-08,C,Mumbai,Member,Female,Noodles,Grocery,2,54.71,Cash,3.6,109.42
INV6567,2026-02-10,C,Mumbai,Member,Female,Coffee,Beverages,7,203.52,UPI,4.6,1424.64
INV6568,2026-01-22,A,Jaipur,Member,Female,Rice,Grocery,1,66.62,UPI,4.9,66.62
INV6569,2026-06-13,D,Bengaluru,Member,Male,Chips,Snacks,10,31.4,Cash,4.8,314.0
INV6570,2026-03-21,D,Bengaluru,Member,Male,Cheese,Dairy,5,184.64,Card,4.2,923.2
INV6571,2026-02-03,C,Mumbai,Member,Female,Soap,Personal Care,9,39.85,UPI,3.7,358.65
INV6572,2026-06-23,A,Jaipur,Member,Female,Bread,Bakery,6,43.85,UPI,5.0,263.1
INV6573,2026-02-04,A,Jaipur,Member,Male,Cold Drink,Beverages,2,75.65,UPI,4.3,151.3
INV6574,2026-05-05,A,Jaipur,Member,Female,Bananas,Fruits,7,57.74,Cash,3.3,404.18
INV6575,2026-02-28,C,Mumbai,Member,Female,Biscuits,Snacks,4,32.3,Net Banking,4.1,129.2
INV6576,2026-01-21,D,Bengaluru,Normal,Male,Soap,Personal Care,8,48.59,Cash,4.3,388.72
INV6577,2026-03-27,A,Jaipur,Normal,Male,Coffee,Beverages,1,192.13,Card,4.0,192.13
INV6578,2026-06-14,A,Jaipur,Normal,Male,Face Wash,Personal Care,2,124.9,Net Banking,3.0,249.8
INV6579,2026-04-30,C,Mumbai,Member,Female,Apples,Fruits,3,147.16,UPI,3.6,441.48
INV6580,2026-01-15,C,Mumbai,Member,Female,Potato,Vegetables,3,33.85,UPI,3.0,101.55
INV6581,2026-04-25,C,Mumbai,Normal,Female,Biscuits,Snacks,9,28.4,Net Banking,3.4,255.6
INV6582,2026-02-01,C,Mumbai,Normal,Female,Potato,Vegetables,6,32.43,UPI,4.5,194.58
INV6583,2026-05-22,B,Delhi,Normal,Female,Tea,Beverages,5,111.82,UPI,4.0,559.1
INV6584,2026-03-16,A,Jaipur,Member,Male,Eggs,Dairy,1,78.7,Cash,4.6,78.7
INV6585,2026-04-20,C,Mumbai,Member,Male,Chips,Snacks,4,31.02,Cash,3.2,124.08
INV6586,2026-02-01,A,Jaipur,Normal,Male,Rice,Grocery,1,74.14,Card,4.1,74.14
INV6587,2026-01-21,C,Mumbai,Member,Male,Shampoo,Personal Care,2,207.87,UPI,4.6,415.74
INV6588,2026-03-23,C,Mumbai,Normal,Female,Bananas,Fruits,8,64.96,Card,4.5,519.68
INV6589,2026-04-09,B,Delhi,Normal,Male,Biscuits,Snacks,9,32.79,Card,4.9,295.11
INV6590,2026-05-08,A,Jaipur,Normal,Male,Eggs,Dairy,5,83.76,Net Banking,4.2,418.8
INV6591,2026-03-26,B,Delhi,Member,Male,Potato,Vegetables,7,37.45,Net Banking,4.6,262.15
INV6592,2026-05-31,B,Delhi,Normal,Male,Bananas,Fruits,9,67.94,UPI,4.4,611.46
INV6593,2026-06-06,C,Mumbai,Member,Female,Soap,Personal Care,4,47.34,Net Banking,3.5,189.36
INV6594,2026-06-23,C,Mumbai,Normal,Female,Face Wash,Personal Care,5,137.66,Card,4.3,688.3
INV6595,2026-04-05,C,Mumbai,Normal,Male,Potato,Vegetables,2,31.04,Cash,3.1,62.08
INV6596,2026-04-13,A,Jaipur,Member,Female,Shampoo,Personal Care,3,163.42,Net Banking,4.3,490.26
INV6597,2026-06-07,A,Jaipur,Member,Male,Rice,Grocery,5,66.46,Card,4.8,332.3
INV6598,2026-05-02,C,Mumbai,Normal,Male,Face Wash,Personal Care,7,134.41,Net Banking,3.1,940.87
INV6599,2026-04-12,C,Mumbai,Member,Male,Bread,Bakery,10,41.09,UPI,3.6,410.9
INV6600,2026-06-09,D,Bengaluru,Normal,Female,Cheese,Dairy,1,255.63,Net Banking,4.2,255.63
INV6601,2026-03-31,C,Mumbai,Normal,Male,Rice,Grocery,5,61.74,Cash,3.8,308.7
INV6602,2026-04-27,C,Mumbai,Member,Female,Noodles,Grocery,10,49.66,UPI,4.1,496.6
INV6603,2026-02-11,A,Jaipur,Normal,Female,Tea,Beverages,4,126.54,Net Banking,3.6,506.16
INV6604,2026-01-06,B,Delhi,Normal,Female,Bread,Bakery,2,45.79,Cash,4.1,91.58
INV6605,2026-02-10,B,Delhi,Normal,Female,Soap,Personal Care,10,40.05,Card,3.6,400.5
INV6606,2026-06-28,D,Bengaluru,Normal,Male,Tomato,Vegetables,9,42.1,Net Banking,3.6,378.9
INV6607,2026-03-29,D,Bengaluru,Normal,Female,Cold Drink,Beverages,9,68.86,Net Banking,4.3,619.74
INV6608,2026-03-20,C,Mumbai,Normal,Male,Shampoo,Personal Care,4,190.79,Card,4.7,763.16
INV6609,2026-06-06,B,Delhi,Normal,Male,Eggs,Dairy,4,96.23,Card,4.1,384.92
INV6610,2026-01-22,C,Mumbai,Member,Female,Cooking Oil,Grocery,2,144.98,Net Banking,3.0,289.96
INV6611,2026-05-29,D,Bengaluru,Member,Male,Bread,Bakery,5,34.37,Cash,3.1,171.85
INV6612,2026-02-05,D,Bengaluru,Normal,Male,Soap,Personal Care,7,52.63,Card,4.7,368.41
INV6613,2026-06-07,B,Delhi,Normal,Female,Noodles,Grocery,10,46.06,Card,3.0,460.6
INV6614,2026-03-13,D,Bengaluru,Member,Female,Bananas,Fruits,7,58.5,Cash,4.1,409.5
INV6615,2026-06-30,C,Mumbai,Normal,Female,Soap,Personal Care,4,41.29,Net Banking,4.4,165.16
INV6616,2026-04-19,C,Mumbai,Member,Female,Cooking Oil,Grocery,3,175.77,UPI,4.9,527.31
INV6617,2026-04-20,B,Delhi,Member,Male,Tomato,Vegetables,3,43.31,Net Banking,3.5,129.93
INV6618,2026-02-10,A,Jaipur,Member,Male,Chocolate,Snacks,4,54.67,Net Banking,4.5,218.68
INV6619,2026-07-01,D,Bengaluru,Normal,Female,Tomato,Vegetables,9,40.09,UPI,3.2,360.81
INV6620,2026-03-02,A,Jaipur,Normal,Female,Tomato,Vegetables,1,40.21,Net Banking,3.1,40.21
INV6621,2026-01-31,D,Bengaluru,Member,Male,Chips,Snacks,9,38.82,Net Banking,3.2,349.38
INV6622,2026-05-24,B,Delhi,Member,Male,Cheese,Dairy,6,229.86,Card,4.7,1379.16
INV6623,2026-01-04,B,Delhi,Normal,Female,Soap,Personal Care,7,42.55,Cash,4.4,297.85
INV6624,2026-03-30,D,Bengaluru,Normal,Female,Cheese,Dairy,10,207.86,Net Banking,4.0,2078.6
INV6625,2026-03-10,A,Jaipur,Member,Female,Coffee,Beverages,5,187.44,UPI,4.0,937.2
INV6626,2026-03-20,B,Delhi,Member,Female,Cooking Oil,Grocery,2,175.24,UPI,3.7,350.48
INV6627,2026-05-23,B,Delhi,Member,Female,Shampoo,Personal Care,2,164.28,Card,4.5,328.56
INV6628,2026-02-18,B,Delhi,Normal,Female,Coffee,Beverages,5,194.01,Net Banking,3.7,970.05
INV6629,2026-06-16,B,Delhi,Normal,Female,Noodles,Grocery,9,55.52,Net Banking,4.5,499.68
INV6630,2026-01-17,C,Mumbai,Member,Male,Tea,Beverages,5,112.41,Net Banking,4.5,562.05
INV6631,2026-03-26,C,Mumbai,Normal,Male,Face Wash,Personal Care,10,135.24,Net Banking,4.8,1352.4
INV6632,2026-04-14,C,Mumbai,Normal,Male,Noodles,Grocery,2,52.77,UPI,3.7,105.54
INV6633,2026-01-05,B,Delhi,Member,Male,Coffee,Beverages,2,191.93,UPI,3.7,383.86
INV6634,2026-06-29,B,Delhi,Normal,Male,Potato,Vegetables,10,32.94,Card,3.0,329.4
INV6635,2026-07-01,D,Bengaluru,Normal,Male,Bread,Bakery,1,39.54,Net Banking,3.3,39.54
INV6636,2026-02-05,D,Bengaluru,Member,Female,Noodles,Grocery,6,59.62,UPI,4.9,357.72
INV6637,2026-06-25,A,Jaipur,Member,Female,Cold Drink,Beverages,8,59.79,Net Banking,4.5,478.32
INV6638,2026-01-15,B,Delhi,Normal,Female,Chocolate,Snacks,2,54.65,Cash,4.6,109.3
INV6639,2026-06-28,A,Jaipur,Normal,Female,Potato,Vegetables,1,32.99,Cash,4.4,32.99
INV6640,2026-05-01,C,Mumbai,Member,Female,Potato,Vegetables,10,39.73,UPI,3.4,397.3
INV6641,2026-01-17,D,Bengaluru,Normal,Male,Rice,Grocery,8,65.67,Cash,4.7,525.36
INV6642,2026-05-12,A,Jaipur,Member,Male,Rice,Grocery,8,58.21,Cash,3.5,465.68
INV6643,2026-06-22,A,Jaipur,Member,Male,Milk,Dairy,3,58.96,UPI,3.7,176.88
INV6644,2026-06-08,B,Delhi,Member,Male,Chocolate,Snacks,10,42.59,Card,3.6,425.9
INV6645,2026-04-29,A,Jaipur,Normal,Male,Milk,Dairy,9,52.83,Cash,4.8,475.47
INV6646,2026-06-30,D,Bengaluru,Member,Male,Chips,Snacks,7,31.62,Net Banking,3.2,221.34
INV6647,2026-01-08,B,Delhi,Normal,Male,Noodles,Grocery,1,47.59,Cash,3.3,47.59
INV6648,2026-05-18,B,Delhi,Member,Male,Cold Drink,Beverages,6,54.93,Card,3.2,329.58
INV6649,2026-03-28,C,Mumbai,Member,Female,Shampoo,Personal Care,6,162.7,Card,3.1,976.2
INV6650,2026-06-01,B,Delhi,Normal,Male,Soap,Personal Care,10,50.11,Card,4.0,501.1
INV6651,2026-03-24,C,Mumbai,Member,Female,Tea,Beverages,5,104.57,Card,3.7,522.85
INV6652,2026-02-19,A,Jaipur,Member,Female,Coffee,Beverages,1,180.48,Card,4.2,180.48
INV6653,2026-05-12,D,Bengaluru,Normal,Female,Potato,Vegetables,9,34.96,Cash,3.2,314.64
INV6654,2026-03-27,C,Mumbai,Normal,Male,Cold Drink,Beverages,9,72.58,Cash,4.4,653.22
INV6655,2026-01-25,C,Mumbai,Member,Male,Coffee,Beverages,7,183.16,Cash,4.4,1282.12
INV6656,2026-06-24,C,Mumbai,Member,Male,Tomato,Vegetables,5,43.44,Cash,4.5,217.2
INV6657,2026-06-04,C,Mumbai,Normal,Male,Tomato,Vegetables,4,53.38,Card,3.2,213.52
INV6658,2026-02-21,C,Mumbai,Member,Male,Noodles,Grocery,1,59.47,Card,4.5,59.47
INV6659,2026-06-04,C,Mumbai,Member,Male,Rice,Grocery,8,80.91,Net Banking,3.3,647.28
INV6660,2026-05-07,C,Mumbai,Member,Female,Face Wash,Personal Care,7,104.57,Cash,3.4,731.99
INV6661,2026-03-19,B,Delhi,Normal,Male,Biscuits,Snacks,2,27.48,Card,3.0,54.96
INV6662,2026-02-08,A,Jaipur,Normal,Male,Rice,Grocery,1,68.9,Net Banking,5.0,68.9
INV6663,2026-06-10,B,Delhi,Normal,Male,Chocolate,Snacks,8,49.28,Net Banking,3.2,394.24
INV6664,2026-04-14,A,Jaipur,Normal,Male,Chips,Snacks,9,30.04,UPI,4.9,270.36
INV6665,2026-01-18,D,Bengaluru,Member,Male,Tea,Beverages,6,105.54,Cash,4.7,633.24
INV6666,2026-04-25,A,Jaipur,Normal,Male,Bread,Bakery,8,42.38,Card,3.4,339.04
INV6667,2026-05-30,A,Jaipur,Normal,Female,Chocolate,Snacks,9,52.3,Cash,3.2,470.7
INV6668,2026-05-24,C,Mumbai,Normal,Male,Tea,Beverages,4,123.47,Net Banking,4.8,493.88
INV6669,2026-03-09,D,Bengaluru,Normal,Male,Potato,Vegetables,8,39.51,Cash,5.0,316.08
INV6670,2026-03-31,D,Bengaluru,Member,Male,Chocolate,Snacks,7,51.06,UPI,4.7,357.42
INV6671,2026-01-28,C,Mumbai,Normal,Female,Milk,Dairy,10,47.12,UPI,4.1,471.2
INV6672,2026-01-21,D,Bengaluru,Normal,Female,Potato,Vegetables,9,38.01,Card,3.8,342.09
INV6673,2026-06-26,A,Jaipur,Member,Female,Potato,Vegetables,10,40.03,Card,4.4,400.3
INV6674,2026-02-16,D,Bengaluru,Member,Female,Bread,Bakery,3,44.44,Card,3.7,133.32
INV6675,2026-06-20,D,Bengaluru,Normal,Male,Chips,Snacks,3,40.48,Card,4.0,121.44
INV6676,2026-03-10,A,Jaipur,Normal,Male,Milk,Dairy,10,49.4,Cash,4.3,494.0
INV6677,2026-02-04,D,Bengaluru,Normal,Male,Milk,Dairy,9,47.92,Cash,4.7,431.28
INV6678,2026-03-15,C,Mumbai,Member,Female,Bread,Bakery,10,33.24,Net Banking,4.8,332.4
INV6679,2026-01-19,B,Delhi,Normal,Male,Potato,Vegetables,6,36.18,Net Banking,4.2,217.08
INV6680,2026-02-04,B,Delhi,Member,Male,Tea,Beverages,9,111.4,Card,3.0,1002.6
INV6681,2026-01-26,B,Delhi,Member,Female,Tea,Beverages,8,126.42,Cash,4.9,1011.36
INV6682,2026-02-06,A,Jaipur,Member,Male,Rice,Grocery,1,80.18,Card,4.0,80.18
INV6683,2026-03-19,D,Bengaluru,Member,Female,Eggs,Dairy,5,83.88,Net Banking,4.7,419.4
INV6684,2026-04-22,D,Bengaluru,Normal,Male,Bread,Bakery,2,46.64,Cash,4.0,93.28
INV6685,2026-05-24,B,Delhi,Member,Female,Shampoo,Personal Care,7,163.39,Card,3.2,1143.73
INV6686,2026-05-08,B,Delhi,Normal,Male,Cold Drink,Beverages,3,58.86,UPI,4.9,176.58
INV6687,2026-02-12,D,Bengaluru,Member,Female,Bread,Bakery,10,34.64,Net Banking,3.7,346.4
INV6688,2026-04-18,C,Mumbai,Normal,Female,Milk,Dairy,1,46.81,UPI,4.8,46.81
INV6689,2026-04-24,C,Mumbai,Normal,Female,Bananas,Fruits,9,63.4,UPI,4.1,570.6
INV6690,2026-06-10,C,Mumbai,Normal,Female,Bananas,Fruits,4,54.2,Cash,3.5,216.8
INV6691,2026-01-13,C,Mumbai,Member,Female,Tea,Beverages,4,103.32,UPI,4.1,413.28
INV6692,2026-06-03,D,Bengaluru,Member,Male,Soap,Personal Care,9,48.63,UPI,3.6,437.67
INV6693,2026-04-19,A,Jaipur,Normal,Male,Cooking Oil,Grocery,7,142.54,Card,4.3,997.78
INV6694,2026-06-18,D,Bengaluru,Member,Male,Noodles,Grocery,9,58.33,Cash,3.4,524.97
INV6695,2026-02-11,A,Jaipur,Normal,Female,Chips,Snacks,5,38.35,Card,3.4,191.75
INV6696,2026-05-09,C,Mumbai,Member,Female,Potato,Vegetables,8,38.27,Card,4.8,306.16
INV6697,2026-05-07,D,Bengaluru,Member,Male,Potato,Vegetables,6,29.37,Card,3.1,176.22
INV6698,2026-01-25,D,Bengaluru,Member,Female,Potato,Vegetables,10,30.45,Cash,3.7,304.5
INV6699,2026-05-16,D,Bengaluru,Normal,Male,Tomato,Vegetables,8,51.26,Net Banking,4.0,410.08
INV6700,2026-06-18,A,Jaipur,Normal,Male,Coffee,Beverages,2,205.37,Cash,3.8,410.74
INV6701,2026-06-14,B,Delhi,Member,Female,Eggs,Dairy,8,76.48,Card,3.6,611.84
INV6702,2026-03-28,C,Mumbai,Normal,Male,Biscuits,Snacks,9,29.57,Net Banking,3.0,266.13
INV6703,2026-02-08,B,Delhi,Member,Female,Coffee,Beverages,8,172.22,UPI,4.5,1377.76
INV6704,2026-01-04,C,Mumbai,Normal,Female,Shampoo,Personal Care,9,212.48,Net Banking,4.3,1912.32
INV6705,2026-01-19,A,Jaipur,Normal,Female,Potato,Vegetables,6,37.56,Cash,5.0,225.36
INV6706,2026-05-19,D,Bengaluru,Normal,Male,Noodles,Grocery,4,64.92,Card,4.2,259.68
INV6707,2026-01-09,A,Jaipur,Member,Male,Rice,Grocery,7,64.56,UPI,4.3,451.92
INV6708,2026-01-15,B,Delhi,Normal,Female,Bread,Bakery,5,38.82,UPI,3.8,194.1
INV6709,2026-05-10,D,Bengaluru,Member,Male,Tea,Beverages,4,112.33,Card,3.0,449.32
INV6710,2026-06-18,A,Jaipur,Member,Female,Shampoo,Personal Care,3,177.63,UPI,3.6,532.89
INV6711,2026-04-12,B,Delhi,Member,Male,Soap,Personal Care,3,46.3,UPI,3.7,138.9
INV6712,2026-06-23,A,Jaipur,Normal,Female,Potato,Vegetables,1,33.53,UPI,3.4,33.53
INV6713,2026-02-24,A,Jaipur,Normal,Female,Chips,Snacks,1,38.84,Cash,3.6,38.84
INV6714,2026-03-06,D,Bengaluru,Member,Male,Chocolate,Snacks,10,58.57,Net Banking,4.6,585.7
INV6715,2026-06-27,C,Mumbai,Normal,Male,Rice,Grocery,7,66.69,Cash,4.0,466.83
INV6716,2026-03-09,C,Mumbai,Member,Female,Biscuits,Snacks,4,35.26,UPI,3.4,141.04
INV6717,2026-01-01,C,Mumbai,Member,Male,Cheese,Dairy,6,221.86,Cash,3.7,1331.16
INV6718,2026-05-21,B,Delhi,Member,Female,Biscuits,Snacks,6,32.25,UPI,3.0,193.5
INV6719,2026-06-10,C,Mumbai,Normal,Male,Chocolate,Snacks,2,59.08,Cash,4.6,118.16
INV6720,2026-01-26,B,Delhi,Normal,Male,Face Wash,Personal Care,7,101.68,Net Banking,4.1,711.76
INV6721,2026-04-10,D,Bengaluru,Normal,Female,Cold Drink,Beverages,3,77.11,Card,4.4,231.33
INV6722,2026-01-23,B,Delhi,Member,Male,Tomato,Vegetables,1,46.58,Net Banking,4.1,46.58
INV6723,2026-05-09,D,Bengaluru,Normal,Male,Apples,Fruits,6,151.87,Cash,4.6,911.22
INV6724,2026-02-17,D,Bengaluru,Member,Male,Milk,Dairy,3,48.01,Cash,3.8,144.03
INV6725,2026-02-19,A,Jaipur,Member,Male,Eggs,Dairy,4,99.75,Net Banking,3.0,399.0
INV6726,2026-06-14,B,Delhi,Normal,Male,Soap,Personal Care,5,52.17,Cash,3.8,260.85
INV6727,2026-03-30,C,Mumbai,Normal,Male,Chocolate,Snacks,2,49.2,Card,3.7,98.4
INV6728,2026-05-31,D,Bengaluru,Member,Female,Chocolate,Snacks,2,43.38,Card,4.8,86.76
INV6729,2026-05-28,D,Bengaluru,Member,Male,Cheese,Dairy,10,246.17,Net Banking,3.0,2461.7
INV6730,2026-02-21,C,Mumbai,Normal,Male,Soap,Personal Care,10,43.29,UPI,3.1,432.9
INV6731,2026-05-20,D,Bengaluru,Normal,Female,Bananas,Fruits,2,61.24,Card,4.2,122.48
INV6732,2026-03-05,C,Mumbai,Member,Male,Tea,Beverages,2,100.45,Cash,3.0,200.9
INV6733,2026-04-06,B,Delhi,Normal,Female,Soap,Personal Care,10,43.0,UPI,3.6,430.0
INV6734,2026-06-29,D,Bengaluru,Normal,Male,Tea,Beverages,7,113.57,Card,4.3,794.99
INV6735,2026-07-01,C,Mumbai,Member,Male,Bananas,Fruits,9,54.77,UPI,4.8,492.93
INV6736,2026-01-07,C,Mumbai,Normal,Male,Cheese,Dairy,7,211.82,Cash,4.1,1482.74
INV6737,2026-03-25,D,Bengaluru,Member,Female,Chips,Snacks,2,41.26,Net Banking,3.8,82.52
INV6738,2026-03-01,D,Bengaluru,Normal,Male,Potato,Vegetables,6,38.99,Net Banking,3.4,233.94
INV6739,2026-04-19,C,Mumbai,Member,Female,Noodles,Grocery,8,59.35,Cash,4.6,474.8
INV6740,2026-04-04,A,Jaipur,Member,Male,Chips,Snacks,5,32.61,Net Banking,4.1,163.05
INV6741,2026-05-16,D,Bengaluru,Normal,Male,Rice,Grocery,4,60.82,Cash,4.7,243.28
INV6742,2026-02-03,B,Delhi,Normal,Female,Milk,Dairy,3,59.94,Net Banking,4.3,179.82
INV6743,2026-02-13,C,Mumbai,Normal,Male,Apples,Fruits,5,126.15,Card,4.3,630.75
INV6744,2026-05-14,D,Bengaluru,Normal,Female,Biscuits,Snacks,9,31.18,Net Banking,4.9,280.62
INV6745,2026-06-29,C,Mumbai,Member,Male,Cold Drink,Beverages,2,75.3,UPI,4.0,150.6
INV6746,2026-04-16,B,Delhi,Normal,Female,Cheese,Dairy,1,211.99,Net Banking,3.4,211.99
INV6747,2026-01-03,A,Jaipur,Normal,Female,Cold Drink,Beverages,4,70.24,Net Banking,3.9,280.96
INV6748,2026-04-23,C,Mumbai,Member,Female,Bananas,Fruits,5,59.23,Net Banking,4.4,296.15
INV6749,2026-05-19,B,Delhi,Member,Male,Shampoo,Personal Care,7,176.59,Net Banking,3.3,1236.13
INV6750,2026-04-03,B,Delhi,Member,Female,Cheese,Dairy,1,227.43,Card,3.9,227.43
INV6751,2026-03-26,B,Delhi,Normal,Female,Tomato,Vegetables,3,52.75,Cash,4.7,158.25
INV6752,2026-06-01,C,Mumbai,Member,Male,Rice,Grocery,10,81.04,Card,5.0,810.4
INV6753,2026-05-26,C,Mumbai,Normal,Female,Chocolate,Snacks,5,53.31,Card,3.3,266.55
INV6754,2026-02-10,A,Jaipur,Member,Male,Chocolate,Snacks,7,58.57,UPI,3.2,409.99
INV6755,2026-04-16,C,Mumbai,Normal,Female,Eggs,Dairy,7,88.95,Cash,4.7,622.65
INV6756,2026-05-24,B,Delhi,Member,Female,Bananas,Fruits,8,68.89,Cash,3.6,551.12
INV6757,2026-04-29,C,Mumbai,Member,Female,Apples,Fruits,1,134.05,UPI,4.9,134.05
INV6758,2026-06-09,D,Bengaluru,Normal,Female,Cheese,Dairy,3,203.5,Cash,3.1,610.5
INV6759,2026-02-18,D,Bengaluru,Normal,Female,Biscuits,Snacks,1,25.39,Net Banking,4.5,25.39
INV6760,2026-05-24,C,Mumbai,Normal,Female,Chips,Snacks,7,39.61,Cash,3.9,277.27
INV6761,2026-05-03,B,Delhi,Member,Male,Chips,Snacks,7,41.02,UPI,4.9,287.14
INV6762,2026-03-08,C,Mumbai,Normal,Male,Noodles,Grocery,2,60.79,UPI,4.8,121.58
INV6763,2026-03-02,C,Mumbai,Member,Male,Eggs,Dairy,1,101.69,UPI,4.8,101.69
INV6764,2026-01-05,A,Jaipur,Normal,Male,Cheese,Dairy,6,236.6,UPI,3.4,1419.6
INV6765,2026-01-13,A,Jaipur,Normal,Male,Cheese,Dairy,5,190.99,Card,3.2,954.95
INV6766,2026-06-06,B,Delhi,Member,Male,Rice,Grocery,1,63.39,Cash,3.7,63.39
INV6767,2026-04-24,C,Mumbai,Member,Female,Soap,Personal Care,1,43.26,Card,4.9,43.26
INV6768,2026-03-29,D,Bengaluru,Normal,Female,Noodles,Grocery,8,52.89,UPI,4.3,423.12
INV6769,2026-04-14,C,Mumbai,Member,Female,Cold Drink,Beverages,3,55.52,UPI,4.2,166.56
INV6770,2026-03-27,D,Bengaluru,Normal,Male,Tea,Beverages,1,125.16,Card,4.4,125.16
INV6771,2026-02-19,D,Bengaluru,Normal,Male,Chocolate,Snacks,8,53.69,Net Banking,3.3,429.52
INV6772,2026-06-22,C,Mumbai,Normal,Female,Bananas,Fruits,7,58.43,Cash,3.8,409.01
INV6773,2026-05-01,D,Bengaluru,Normal,Female,Face Wash,Personal Care,6,139.95,Card,4.6,839.7
INV6774,2026-05-27,B,Delhi,Normal,Male,Soap,Personal Care,7,37.98,Cash,3.2,265.86
INV6775,2026-05-22,C,Mumbai,Normal,Male,Potato,Vegetables,10,40.89,UPI,4.8,408.9
INV6776,2026-02-04,D,Bengaluru,Normal,Female,Potato,Vegetables,3,34.17,UPI,3.9,102.51
INV6777,2026-01-14,B,Delhi,Normal,Male,Apples,Fruits,7,126.65,UPI,4.0,886.55
INV6778,2026-02-24,D,Bengaluru,Normal,Male,Bananas,Fruits,5,61.94,Cash,4.8,309.7
INV6779,2026-06-12,B,Delhi,Normal,Male,Shampoo,Personal Care,8,174.5,Cash,4.2,1396.0
INV6780,2026-05-28,A,Jaipur,Normal,Female,Chocolate,Snacks,3,53.36,Card,3.8,160.08
INV6781,2026-07-01,A,Jaipur,Member,Male,Biscuits,Snacks,6,27.41,UPI,3.4,164.46
INV6782,2026-01-31,C,Mumbai,Member,Female,Potato,Vegetables,6,37.97,Card,3.9,227.82
INV6783,2026-03-07,D,Bengaluru,Normal,Female,Cold Drink,Beverages,5,54.28,Net Banking,4.6,271.4
INV6784,2026-04-11,B,Delhi,Normal,Male,Milk,Dairy,3,63.79,UPI,4.8,191.37
INV6785,2026-02-06,D,Bengaluru,Normal,Female,Tea,Beverages,7,133.95,UPI,4.4,937.65
INV6786,2026-04-22,D,Bengaluru,Normal,Female,Potato,Vegetables,9,34.3,Net Banking,4.4,308.7
INV6787,2026-06-01,B,Delhi,Member,Female,Coffee,Beverages,7,178.84,Card,4.0,1251.88
INV6788,2026-02-07,A,Jaipur,Member,Female,Rice,Grocery,7,76.06,Cash,4.5,532.42
INV6789,2026-03-03,C,Mumbai,Member,Female,Noodles,Grocery,7,61.28,UPI,3.8,428.96
INV6790,2026-04-15,D,Bengaluru,Normal,Female,Soap,Personal Care,6,45.67,Cash,3.7,274.02
INV6791,2026-01-05,A,Jaipur,Member,Male,Milk,Dairy,4,61.8,UPI,4.2,247.2
INV6792,2026-03-11,B,Delhi,Member,Male,Coffee,Beverages,1,181.07,UPI,4.9,181.07
INV6793,2026-05-08,D,Bengaluru,Member,Male,Soap,Personal Care,1,52.56,Cash,3.8,52.56
INV6794,2026-03-07,B,Delhi,Member,Female,Coffee,Beverages,3,196.68,UPI,4.4,590.04
INV6795,2026-01-24,B,Delhi,Member,Male,Bread,Bakery,10,34.95,Net Banking,3.3,349.5
INV6796,2026-01-28,B,Delhi,Normal,Male,Biscuits,Snacks,1,31.74,Card,3.2,31.74
INV6797,2026-06-06,D,Bengaluru,Member,Female,Chips,Snacks,7,38.6,Net Banking,4.2,270.2
INV6798,2026-02-14,C,Mumbai,Member,Female,Biscuits,Snacks,4,27.85,Card,4.2,111.4
INV6799,2026-06-17,C,Mumbai,Member,Male,Soap,Personal Care,1,51.71,Net Banking,3.7,51.71
INV6800,2026-05-29,D,Bengaluru,Normal,Male,Soap,Personal Care,2,48.32,Net Banking,4.8,96.64
INV6801,2026-05-06,B,Delhi,Member,Male,Apples,Fruits,4,155.87,Card,4.8,623.48
INV6802,2026-05-05,D,Bengaluru,Member,Female,Cheese,Dairy,7,254.4,UPI,4.9,1780.8
INV6803,2026-03-20,B,Delhi,Normal,Male,Rice,Grocery,3,66.0,Cash,3.2,198.0
INV6804,2026-02-24,A,Jaipur,Normal,Male,Chips,Snacks,9,39.68,Cash,4.9,357.12
INV6805,2026-03-02,B,Delhi,Member,Female,Coffee,Beverages,10,189.96,Cash,3.2,1899.6
INV6806,2026-03-21,D,Bengaluru,Member,Female,Cheese,Dairy,1,231.74,UPI,3.3,231.74
INV6807,2026-03-27,C,Mumbai,Member,Female,Bananas,Fruits,10,58.19,Net Banking,3.5,581.9
INV6808,2026-03-21,A,Jaipur,Normal,Male,Potato,Vegetables,4,32.35,Net Banking,4.2,129.4
INV6809,2026-03-25,C,Mumbai,Normal,Female,Noodles,Grocery,10,57.54,Net Banking,3.6,575.4
INV6810,2026-01-30,B,Delhi,Member,Female,Chocolate,Snacks,7,51.5,UPI,3.6,360.5
INV6811,2026-04-11,C,Mumbai,Member,Female,Tea,Beverages,8,102.54,Card,4.2,820.32
INV6812,2026-06-21,B,Delhi,Member,Female,Bread,Bakery,5,35.59,UPI,4.9,177.95
INV6813,2026-02-19,D,Bengaluru,Member,Female,Bananas,Fruits,2,65.93,Cash,4.8,131.86
INV6814,2026-04-12,B,Delhi,Member,Male,Bread,Bakery,10,45.94,Net Banking,3.3,459.4
INV6815,2026-05-17,D,Bengaluru,Member,Male,Coffee,Beverages,8,187.98,UPI,3.0,1503.84
INV6816,2026-01-27,C,Mumbai,Member,Male,Milk,Dairy,7,49.59,UPI,4.5,347.13
INV6817,2026-05-11,C,Mumbai,Member,Male,Tomato,Vegetables,4,40.42,UPI,3.9,161.68
INV6818,2026-04-20,A,Jaipur,Normal,Male,Eggs,Dairy,7,86.01,Card,3.3,602.07
INV6819,2026-02-19,C,Mumbai,Member,Female,Cheese,Dairy,3,215.95,Net Banking,3.7,647.85
INV6820,2026-06-04,B,Delhi,Member,Male,Bread,Bakery,2,37.53,UPI,3.8,75.06
INV6821,2026-01-18,B,Delhi,Normal,Female,Tomato,Vegetables,3,47.86,UPI,4.4,143.58
INV6822,2026-05-15,B,Delhi,Normal,Male,Bananas,Fruits,7,52.37,Cash,4.9,366.59
INV6823,2026-03-23,B,Delhi,Normal,Male,Tea,Beverages,2,129.86,Net Banking,4.2,259.72
INV6824,2026-03-26,C,Mumbai,Member,Male,Shampoo,Personal Care,8,178.56,UPI,4.3,1428.48
INV6825,2026-01-30,C,Mumbai,Member,Female,Tea,Beverages,4,117.35,UPI,5.0,469.4
INV6826,2026-06-19,D,Bengaluru,Member,Male,Tea,Beverages,3,130.68,UPI,3.6,392.04
INV6827,2026-04-27,D,Bengaluru,Normal,Female,Cheese,Dairy,2,237.38,UPI,3.3,474.76
INV6828,2026-01-13,B,Delhi,Member,Male,Apples,Fruits,10,142.82,Net Banking,4.9,1428.2
INV6829,2026-03-11,A,Jaipur,Member,Female,Milk,Dairy,5,54.67,UPI,4.0,273.35
INV6830,2026-05-21,C,Mumbai,Member,Male,Milk,Dairy,1,55.08,Card,3.4,55.08
INV6831,2026-05-31,C,Mumbai,Member,Female,Chips,Snacks,2,38.83,UPI,3.7,77.66
INV6832,2026-01-15,C,Mumbai,Normal,Female,Potato,Vegetables,4,39.44,Card,4.9,157.76
INV6833,2026-01-21,C,Mumbai,Member,Male,Eggs,Dairy,1,84.61,Net Banking,4.5,84.61
INV6834,2026-01-16,C,Mumbai,Member,Male,Tomato,Vegetables,7,51.95,UPI,3.8,363.65
INV6835,2026-05-05,D,Bengaluru,Member,Male,Noodles,Grocery,2,46.9,Cash,3.9,93.8
INV6836,2026-05-01,B,Delhi,Member,Male,Chocolate,Snacks,10,44.83,Card,3.5,448.3
INV6837,2026-05-01,C,Mumbai,Normal,Male,Soap,Personal Care,1,39.2,Card,3.9,39.2
INV6838,2026-02-27,B,Delhi,Member,Female,Shampoo,Personal Care,8,188.55,UPI,4.7,1508.4
INV6839,2026-02-14,D,Bengaluru,Normal,Male,Bananas,Fruits,3,50.97,Cash,3.9,152.91
INV6840,2026-01-05,B,Delhi,Member,Male,Tea,Beverages,5,124.5,Cash,3.6,622.5
INV6841,2026-06-13,B,Delhi,Member,Male,Soap,Personal Care,3,39.55,UPI,3.9,118.65
INV6842,2026-04-08,A,Jaipur,Normal,Male,Cheese,Dairy,1,256.13,Net Banking,3.1,256.13
INV6843,2026-01-17,B,Delhi,Normal,Female,Soap,Personal Care,5,48.63,Net Banking,3.5,243.15
INV6844,2026-03-02,D,Bengaluru,Member,Female,Tea,Beverages,9,112.18,UPI,3.7,1009.62
INV6845,2026-06-27,B,Delhi,Normal,Female,Biscuits,Snacks,6,33.87,Net Banking,3.8,203.22
INV6846,2026-02-08,D,Bengaluru,Member,Female,Tea,Beverages,8,104.86,Cash,3.7,838.88
INV6847,2026-04-10,B,Delhi,Member,Female,Face Wash,Personal Care,5,137.04,Net Banking,4.3,685.2
INV6848,2026-04-19,B,Delhi,Normal,Female,Bread,Bakery,9,36.05,Net Banking,4.6,324.45
INV6849,2026-02-27,D,Bengaluru,Member,Female,Tea,Beverages,7,134.7,Net Banking,4.5,942.9
INV6850,2026-02-21,D,Bengaluru,Member,Female,Chocolate,Snacks,5,54.18,UPI,3.2,270.9
INV6851,2026-03-06,C,Mumbai,Normal,Male,Bananas,Fruits,1,59.54,UPI,4.9,59.54
INV6852,2026-01-05,C,Mumbai,Normal,Male,Cooking Oil,Grocery,9,141.28,Card,4.2,1271.52
INV6853,2026-03-10,A,Jaipur,Member,Male,Eggs,Dairy,2,76.51,Net Banking,3.8,153.02
INV6854,2026-01-30,D,Bengaluru,Member,Female,Chocolate,Snacks,6,56.68,UPI,3.2,340.08
INV6855,2026-06-26,C,Mumbai,Member,Female,Tea,Beverages,9,129.73,Cash,4.3,1167.57
INV6856,2026-04-03,A,Jaipur,Normal,Male,Shampoo,Personal Care,8,177.2,Card,3.7,1417.6
INV6857,2026-04-18,B,Delhi,Member,Male,Cooking Oil,Grocery,8,153.24,Cash,4.4,1225.92
INV6858,2026-05-09,B,Delhi,Member,Male,Soap,Personal Care,9,52.25,Net Banking,3.6,470.25
INV6859,2026-03-14,B,Delhi,Normal,Female,Potato,Vegetables,8,41.01,Cash,4.6,328.08
INV6860,2026-05-08,B,Delhi,Member,Female,Biscuits,Snacks,3,29.22,Card,3.6,87.66
INV6861,2026-01-26,A,Jaipur,Normal,Female,Cheese,Dairy,4,227.44,Net Banking,4.4,909.76
INV6862,2026-01-19,D,Bengaluru,Normal,Female,Tomato,Vegetables,4,51.39,UPI,3.0,205.56
INV6863,2026-06-25,C,Mumbai,Member,Female,Cooking Oil,Grocery,9,150.76,Cash,4.4,1356.84
INV6864,2026-01-18,C,Mumbai,Normal,Male,Bread,Bakery,3,35.41,Cash,4.4,106.23
INV6865,2026-06-15,D,Bengaluru,Member,Female,Cold Drink,Beverages,8,58.24,Card,3.7,465.92
INV6866,2026-05-07,C,Mumbai,Member,Female,Tea,Beverages,6,120.69,UPI,3.2,724.14
INV6867,2026-06-25,D,Bengaluru,Normal,Female,Shampoo,Personal Care,10,203.3,Net Banking,3.8,2033.0
INV6868,2026-04-26,D,Bengaluru,Normal,Female,Coffee,Beverages,5,191.9,Net Banking,4.5,959.5
INV6869,2026-04-17,B,Delhi,Normal,Male,Chips,Snacks,5,30.68,Net Banking,4.2,153.4
INV6870,2026-05-30,D,Bengaluru,Member,Female,Cold Drink,Beverages,10,59.55,Card,3.9,595.5
INV6871,2026-03-04,D,Bengaluru,Member,Male,Tea,Beverages,2,127.67,Cash,3.9,255.34
INV6872,2026-02-05,D,Bengaluru,Normal,Male,Biscuits,Snacks,3,27.85,Cash,4.3,83.55
INV6873,2026-06-15,A,Jaipur,Member,Male,Bananas,Fruits,4,61.17,Cash,4.5,244.68
INV6874,2026-06-10,D,Bengaluru,Normal,Female,Tomato,Vegetables,5,50.75,Cash,3.8,253.75
INV6875,2026-05-28,A,Jaipur,Member,Male,Chips,Snacks,5,35.38,Card,4.9,176.9
INV6876,2026-06-17,B,Delhi,Member,Male,Tea,Beverages,2,118.46,Card,3.1,236.92
INV6877,2026-04-01,D,Bengaluru,Member,Female,Tomato,Vegetables,5,43.77,UPI,3.9,218.85
INV6878,2026-04-17,B,Delhi,Member,Male,Apples,Fruits,6,134.77,Card,3.1,808.62
INV6879,2026-03-26,C,Mumbai,Normal,Female,Biscuits,Snacks,6,29.47,Cash,3.3,176.82
INV6880,2026-05-01,C,Mumbai,Member,Male,Cooking Oil,Grocery,10,130.13,Net Banking,4.8,1301.3
INV6881,2026-06-23,C,Mumbai,Normal,Male,Chips,Snacks,10,32.54,UPI,3.2,325.4
INV6882,2026-05-22,A,Jaipur,Member,Female,Bread,Bakery,5,38.57,Net Banking,5.0,192.85
INV6883,2026-01-17,C,Mumbai,Member,Female,Chocolate,Snacks,9,50.9,Net Banking,4.6,458.1
INV6884,2026-01-24,C,Mumbai,Normal,Female,Noodles,Grocery,9,60.36,Cash,4.4,543.24
INV6885,2026-03-27,D,Bengaluru,Member,Female,Tea,Beverages,7,125.66,Card,4.0,879.62
INV6886,2026-01-18,A,Jaipur,Normal,Male,Apples,Fruits,10,162.79,Card,4.8,1627.9
INV6887,2026-06-13,A,Jaipur,Member,Male,Milk,Dairy,8,62.36,Card,4.4,498.88
INV6888,2026-02-16,A,Jaipur,Member,Male,Chips,Snacks,1,32.22,Cash,4.8,32.22
INV6889,2026-05-31,D,Bengaluru,Member,Female,Cooking Oil,Grocery,9,175.88,Cash,4.9,1582.92
INV6890,2026-05-26,C,Mumbai,Normal,Female,Chocolate,Snacks,8,45.34,Net Banking,3.8,362.72
INV6891,2026-05-06,D,Bengaluru,Member,Female,Chips,Snacks,3,32.17,UPI,4.5,96.51
INV6892,2026-04-18,B,Delhi,Normal,Male,Tea,Beverages,5,100.1,Card,4.0,500.5
INV6893,2026-03-06,B,Delhi,Member,Male,Shampoo,Personal Care,3,204.27,Card,3.8,612.81
INV6894,2026-02-12,B,Delhi,Normal,Female,Rice,Grocery,3,58.37,UPI,3.3,175.11
INV6895,2026-01-03,D,Bengaluru,Normal,Male,Tea,Beverages,9,106.33,Net Banking,4.1,956.97
INV6896,2026-03-25,C,Mumbai,Normal,Female,Noodles,Grocery,5,53.55,Net Banking,4.3,267.75
INV6897,2026-02-22,A,Jaipur,Normal,Female,Potato,Vegetables,9,30.08,UPI,3.0,270.72
INV6898,2026-01-18,C,Mumbai,Member,Female,Milk,Dairy,6,55.39,Card,4.2,332.34
INV6899,2026-04-25,D,Bengaluru,Normal,Male,Cold Drink,Beverages,3,64.43,Cash,4.3,193.29
INV6900,2026-03-14,C,Mumbai,Normal,Male,Cold Drink,Beverages,3,66.01,Cash,4.9,198.03
INV6901,2026-03-05,C,Mumbai,Member,Male,Cheese,Dairy,9,259.7,UPI,4.4,2337.3
INV6902,2026-06-19,A,Jaipur,Normal,Female,Noodles,Grocery,6,57.6,Card,4.3,345.6
INV6903,2026-04-05,C,Mumbai,Member,Male,Face Wash,Personal Care,10,122.34,UPI,3.0,1223.4
INV6904,2026-04-23,C,Mumbai,Member,Male,Noodles,Grocery,8,51.95,Net Banking,4.2,415.6
INV6905,2026-06-19,A,Jaipur,Member,Female,Bread,Bakery,4,47.33,Net Banking,3.9,189.32
INV6906,2026-04-15,A,Jaipur,Member,Male,Eggs,Dairy,5,94.29,Cash,3.4,471.45
INV6907,2026-01-09,A,Jaipur,Normal,Male,Milk,Dairy,8,63.05,Net Banking,4.1,504.4
INV6908,2026-05-28,A,Jaipur,Member,Female,Cooking Oil,Grocery,2,161.2,Net Banking,4.5,322.4
INV6909,2026-02-16,D,Bengaluru,Normal,Male,Noodles,Grocery,10,50.06,UPI,4.7,500.6
INV6910,2026-03-16,C,Mumbai,Member,Male,Chocolate,Snacks,4,55.29,UPI,4.4,221.16
INV6911,2026-02-09,B,Delhi,Normal,Female,Milk,Dairy,7,63.7,Card,3.3,445.9
INV6912,2026-04-26,B,Delhi,Member,Male,Bananas,Fruits,7,61.47,UPI,4.6,430.29
INV6913,2026-01-21,D,Bengaluru,Normal,Male,Coffee,Beverages,8,211.53,Card,4.9,1692.24
INV6914,2026-02-22,B,Delhi,Member,Female,Soap,Personal Care,10,52.79,Cash,4.3,527.9
INV6915,2026-04-23,C,Mumbai,Normal,Male,Noodles,Grocery,5,60.48,UPI,4.4,302.4
INV6916,2026-03-24,C,Mumbai,Normal,Male,Eggs,Dairy,4,98.26,UPI,3.5,393.04
INV6917,2026-02-07,C,Mumbai,Normal,Male,Tomato,Vegetables,5,46.89,UPI,3.9,234.45
INV6918,2026-01-28,B,Delhi,Member,Male,Cooking Oil,Grocery,8,162.18,Cash,4.3,1297.44
INV6919,2026-02-07,D,Bengaluru,Normal,Male,Cooking Oil,Grocery,6,162.1,UPI,3.7,972.6
INV6920,2026-03-04,B,Delhi,Normal,Male,Cold Drink,Beverages,2,69.24,Net Banking,4.4,138.48
INV6921,2026-05-22,C,Mumbai,Normal,Female,Bread,Bakery,9,43.27,UPI,5.0,389.43
INV6922,2026-04-07,B,Delhi,Member,Female,Apples,Fruits,2,133.21,Card,3.3,266.42
INV6923,2026-01-09,B,Delhi,Member,Male,Cheese,Dairy,5,203.05,Net Banking,4.2,1015.25
INV6924,2026-03-31,B,Delhi,Normal,Male,Cheese,Dairy,9,200.59,UPI,3.4,1805.31
INV6925,2026-02-20,A,Jaipur,Normal,Male,Cold Drink,Beverages,10,64.47,UPI,3.6,644.7
INV6926,2026-06-01,D,Bengaluru,Normal,Female,Soap,Personal Care,8,47.29,Cash,3.7,378.32
INV6927,2026-03-14,C,Mumbai,Normal,Male,Cheese,Dairy,7,201.76,Card,3.9,1412.32
INV6928,2026-05-21,D,Bengaluru,Normal,Female,Rice,Grocery,7,73.19,Net Banking,3.1,512.33
INV6929,2026-04-07,A,Jaipur,Member,Male,Cheese,Dairy,1,189.75,Net Banking,3.4,189.75
INV6930,2026-06-09,B,Delhi,Member,Female,Cold Drink,Beverages,4,69.21,Cash,4.2,276.84
INV6931,2026-03-29,B,Delhi,Member,Male,Rice,Grocery,10,80.79,Net Banking,5.0,807.9
INV6932,2026-06-20,B,Delhi,Member,Female,Tea,Beverages,3,142.31,Net Banking,4.8,426.93
INV6933,2026-02-10,D,Bengaluru,Member,Male,Biscuits,Snacks,7,31.5,Card,3.9,220.5
INV6934,2026-06-05,A,Jaipur,Member,Female,Potato,Vegetables,9,32.83,UPI,4.3,295.47
INV6935,2026-04-21,B,Delhi,Normal,Male,Coffee,Beverages,5,192.41,UPI,3.7,962.05
INV6936,2026-04-09,D,Bengaluru,Member,Male,Biscuits,Snacks,9,29.32,Net Banking,4.0,263.88
INV6937,2026-01-20,D,Bengaluru,Normal,Male,Cold Drink,Beverages,2,71.31,Card,4.1,142.62
INV6938,2026-02-05,B,Delhi,Member,Male,Shampoo,Personal Care,5,167.37,Cash,4.9,836.85
INV6939,2026-02-23,C,Mumbai,Normal,Female,Milk,Dairy,3,62.69,UPI,3.2,188.07
INV6940,2026-06-13,B,Delhi,Normal,Male,Coffee,Beverages,6,198.51,Net Banking,3.1,1191.06
INV6941,2026-03-28,D,Bengaluru,Normal,Female,Chips,Snacks,8,34.58,Net Banking,4.2,276.64
INV6942,2026-03-08,B,Delhi,Normal,Female,Shampoo,Personal Care,5,191.83,Card,3.4,959.15
INV6943,2026-03-08,C,Mumbai,Member,Female,Bananas,Fruits,3,56.56,Card,4.6,169.68
INV6944,2026-04-27,B,Delhi,Member,Male,Tomato,Vegetables,2,45.96,Card,3.2,91.92
INV6945,2026-06-19,C,Mumbai,Normal,Male,Cold Drink,Beverages,1,64.28,Net Banking,4.3,64.28
INV6946,2026-02-22,B,Delhi,Normal,Female,Potato,Vegetables,6,37.23,Card,3.2,223.38
INV6947,2026-04-21,C,Mumbai,Normal,Male,Bananas,Fruits,6,59.8,Net Banking,4.0,358.8
INV6948,2026-04-16,D,Bengaluru,Normal,Female,Cooking Oil,Grocery,8,147.21,UPI,3.1,1177.68
INV6949,2026-06-06,B,Delhi,Member,Female,Chips,Snacks,2,30.52,Net Banking,4.5,61.04
INV6950,2026-05-04,B,Delhi,Member,Female,Bananas,Fruits,10,54.26,Net Banking,5.0,542.6
INV6951,2026-03-18,B,Delhi,Normal,Female,Coffee,Beverages,1,200.07,UPI,3.6,200.07
INV6952,2026-03-29,D,Bengaluru,Normal,Female,Chips,Snacks,9,39.43,Card,3.0,354.87
INV6953,2026-04-24,D,Bengaluru,Normal,Male,Chips,Snacks,2,31.69,Card,4.1,63.38
INV6954,2026-03-01,C,Mumbai,Normal,Female,Cheese,Dairy,5,243.19,Net Banking,4.1,1215.95
INV6955,2026-04-21,B,Delhi,Normal,Male,Milk,Dairy,10,50.19,Net Banking,3.9,501.9
INV6956,2026-02-09,B,Delhi,Normal,Female,Shampoo,Personal Care,4,189.71,UPI,3.7,758.84
INV6957,2026-01-05,C,Mumbai,Member,Male,Potato,Vegetables,3,30.27,Card,4.2,90.81
INV6958,2026-05-19,C,Mumbai,Normal,Female,Face Wash,Personal Care,9,114.05,UPI,3.5,1026.45
INV6959,2026-03-28,B,Delhi,Normal,Male,Potato,Vegetables,8,31.26,Net Banking,5.0,250.08
INV6960,2026-05-03,C,Mumbai,Normal,Male,Face Wash,Personal Care,7,133.1,Net Banking,4.8,931.7
INV6961,2026-02-18,B,Delhi,Normal,Male,Cheese,Dairy,10,194.4,UPI,3.2,1944.0
INV6962,2026-02-20,A,Jaipur,Normal,Female,Eggs,Dairy,5,94.01,UPI,3.1,470.05
INV6963,2026-01-13,B,Delhi,Normal,Female,Shampoo,Personal Care,5,172.51,Cash,4.9,862.55
INV6964,2026-05-09,B,Delhi,Normal,Female,Rice,Grocery,5,74.12,Cash,4.9,370.6
INV6965,2026-05-11,B,Delhi,Member,Male,Cold Drink,Beverages,6,65.02,Card,4.7,390.12
INV6966,2026-01-31,A,Jaipur,Normal,Male,Soap,Personal Care,3,41.04,UPI,3.4,123.12
INV6967,2026-01-03,D,Bengaluru,Member,Male,Bananas,Fruits,10,57.19,Card,3.9,571.9
INV6968,2026-03-05,C,Mumbai,Normal,Female,Tea,Beverages,2,131.48,Cash,4.1,262.96
INV6969,2026-03-08,D,Bengaluru,Member,Female,Noodles,Grocery,2,49.83,Card,3.3,99.66
INV6970,2026-04-20,B,Delhi,Member,Female,Tomato,Vegetables,2,49.87,Cash,4.5,99.74
INV6971,2026-05-27,A,Jaipur,Member,Female,Milk,Dairy,5,55.22,UPI,3.8,276.1
INV6972,2026-04-01,B,Delhi,Member,Female,Bananas,Fruits,5,65.19,UPI,3.6,325.95
INV6973,2026-06-12,D,Bengaluru,Normal,Female,Soap,Personal Care,4,43.01,Card,3.8,172.04
INV6974,2026-06-16,C,Mumbai,Member,Female,Face Wash,Personal Care,7,134.14,UPI,4.5,938.98
INV6975,2026-02-19,A,Jaipur,Normal,Female,Eggs,Dairy,8,99.69,Card,4.4,797.52
INV6976,2026-06-16,A,Jaipur,Normal,Female,Eggs,Dairy,10,88.05,Card,5.0,880.5
INV6977,2026-03-28,B,Delhi,Normal,Male,Shampoo,Personal Care,5,156.77,Cash,4.8,783.85
INV6978,2026-04-07,A,Jaipur,Normal,Male,Potato,Vegetables,9,29.68,Net Banking,3.3,267.12
INV6979,2026-05-23,B,Delhi,Member,Female,Biscuits,Snacks,5,32.33,Card,5.0,161.65
INV6980,2026-03-01,B,Delhi,Normal,Female,Soap,Personal Care,2,43.47,Cash,3.7,86.94
INV6981,2026-07-01,A,Jaipur,Member,Male,Bananas,Fruits,6,54.22,Cash,4.0,325.32
INV6982,2026-05-23,A,Jaipur,Member,Female,Eggs,Dairy,6,90.68,Cash,3.1,544.08
INV6983,2026-02-23,B,Delhi,Normal,Male,Face Wash,Personal Care,10,103.39,Net Banking,3.5,1033.9
INV6984,2026-01-22,A,Jaipur,Normal,Male,Chocolate,Snacks,6,50.67,UPI,4.2,304.02
INV6985,2026-05-22,C,Mumbai,Member,Male,Eggs,Dairy,7,101.82,Card,4.4,712.74
INV6986,2026-06-22,D,Bengaluru,Member,Male,Chocolate,Snacks,5,55.57,Card,3.2,277.85
INV6987,2026-02-12,B,Delhi,Member,Female,Potato,Vegetables,3,29.62,UPI,4.1,88.86
INV6988,2026-05-05,C,Mumbai,Normal,Female,Rice,Grocery,7,69.28,UPI,3.2,484.96
INV6989,2026-06-22,C,Mumbai,Member,Female,Tea,Beverages,8,101.03,Cash,3.3,808.24
INV6990,2026-05-10,D,Bengaluru,Normal,Female,Shampoo,Personal Care,8,200.36,Cash,3.2,1602.88
INV6991,2026-06-14,B,Delhi,Member,Female,Tomato,Vegetables,10,44.41,UPI,3.9,444.1
INV6992,2026-01-22,D,Bengaluru,Member,Female,Tea,Beverages,9,117.6,Card,3.5,1058.4
INV6993,2026-01-20,C,Mumbai,Normal,Female,Shampoo,Personal Care,3,170.46,UPI,4.9,511.38
INV6994,2026-06-17,A,Jaipur,Member,Male,Face Wash,Personal Care,7,135.23,UPI,4.4,946.61
INV6995,2026-01-23,B,Delhi,Normal,Male,Tomato,Vegetables,9,45.1,Net Banking,4.3,405.9
INV6996,2026-05-17,C,Mumbai,Member,Male,Bread,Bakery,2,34.22,Net Banking,3.8,68.44
INV6997,2026-01-02,A,Jaipur,Normal,Female,Tomato,Vegetables,6,52.6,Cash,3.0,315.6
INV6998,2026-01-14,B,Delhi,Normal,Male,Tea,Beverages,4,126.5,Cash,4.7,506.0
INV6999,2026-06-03,C,Mumbai,Normal,Female,Chips,Snacks,8,40.55,Card,4.0,324.4
INV7000,2026-02-28,B,Delhi,Member,Female,Rice,Grocery,4,79.87,UPI,4.9,319.48
INV7001,2026-05-12,B,Delhi,Normal,Female,Eggs,Dairy,5,94.43,UPI,4.8,472.15
INV7002,2026-03-21,C,Mumbai,Normal,Male,Noodles,Grocery,4,50.79,Net Banking,3.7,203.16
INV7003,2026-03-06,D,Bengaluru,Member,Male,Chips,Snacks,6,37.07,Card,4.4,222.42
INV7004,2026-06-05,D,Bengaluru,Normal,Female,Cold Drink,Beverages,2,58.81,UPI,4.5,117.62
INV7005,2026-05-11,D,Bengaluru,Normal,Male,Noodles,Grocery,6,62.53,Card,4.7,375.18
INV7006,2026-06-07,A,Jaipur,Member,Male,Chips,Snacks,8,34.76,Net Banking,3.9,278.08
INV7007,2026-06-02,D,Bengaluru,Member,Male,Coffee,Beverages,4,157.32,UPI,4.6,629.28
INV7008,2026-03-02,D,Bengaluru,Normal,Male,Cooking Oil,Grocery,9,169.72,Net Banking,4.8,1527.48
INV7009,2026-03-17,B,Delhi,Member,Female,Tomato,Vegetables,8,52.42,Net Banking,3.6,419.36
INV7010,2026-04-13,D,Bengaluru,Member,Female,Chocolate,Snacks,4,47.94,Net Banking,3.3,191.76
INV7011,2026-06-14,C,Mumbai,Normal,Male,Soap,Personal Care,5,52.3,UPI,3.9,261.5
INV7012,2026-06-27,B,Delhi,Member,Female,Apples,Fruits,1,138.99,Card,3.9,138.99
INV7013,2026-03-05,B,Delhi,Member,Female,Potato,Vegetables,5,31.05,UPI,4.6,155.25
INV7014,2026-04-07,B,Delhi,Normal,Female,Milk,Dairy,9,60.06,Net Banking,4.1,540.54
INV7015,2026-04-20,B,Delhi,Member,Female,Cheese,Dairy,9,226.5,Cash,4.5,2038.5
INV7016,2026-04-29,B,Delhi,Normal,Female,Biscuits,Snacks,6,27.88,Card,4.6,167.28
INV7017,2026-04-27,D,Bengaluru,Normal,Female,Noodles,Grocery,4,54.73,Cash,4.3,218.92
INV7018,2026-04-25,B,Delhi,Member,Male,Face Wash,Personal Care,1,109.12,Net Banking,4.3,109.12
INV7019,2026-04-16,D,Bengaluru,Normal,Female,Shampoo,Personal Care,8,206.26,UPI,3.9,1650.08
INV7020,2026-05-28,D,Bengaluru,Member,Female,Noodles,Grocery,6,53.69,Card,3.7,322.14
INV7021,2026-03-15,C,Mumbai,Normal,Male,Soap,Personal Care,2,37.83,Cash,4.6,75.66
INV7022,2026-03-28,B,Delhi,Normal,Male,Potato,Vegetables,7,36.9,UPI,3.3,258.3
INV7023,2026-05-19,D,Bengaluru,Member,Male,Noodles,Grocery,2,51.17,Card,3.3,102.34
INV7024,2026-04-02,B,Delhi,Member,Female,Tomato,Vegetables,10,42.82,Net Banking,4.3,428.2
INV7025,2026-04-09,B,Delhi,Normal,Male,Cheese,Dairy,8,242.37,Net Banking,3.7,1938.96
INV7026,2026-02-13,C,Mumbai,Normal,Female,Bananas,Fruits,1,52.4,Net Banking,4.7,52.4
INV7027,2026-01-23,A,Jaipur,Normal,Female,Chips,Snacks,2,37.02,UPI,4.3,74.04
INV7028,2026-01-16,A,Jaipur,Member,Female,Tea,Beverages,4,100.34,UPI,4.0,401.36
INV7029,2026-01-20,C,Mumbai,Member,Male,Face Wash,Personal Care,2,128.89,Net Banking,3.5,257.78
INV7030,2026-02-12,C,Mumbai,Member,Female,Potato,Vegetables,1,39.47,Net Banking,4.9,39.47
INV7031,2026-02-22,C,Mumbai,Normal,Male,Cooking Oil,Grocery,2,130.58,Card,3.2,261.16
INV7032,2026-03-13,C,Mumbai,Member,Female,Noodles,Grocery,2,60.75,Cash,3.5,121.5
INV7033,2026-02-28,A,Jaipur,Member,Female,Rice,Grocery,10,65.26,Card,4.9,652.6
INV7034,2026-01-02,B,Delhi,Member,Male,Cold Drink,Beverages,8,69.9,Cash,3.2,559.2
INV7035,2026-04-24,D,Bengaluru,Normal,Female,Cheese,Dairy,3,232.44,UPI,5.0,697.32
INV7036,2026-02-26,C,Mumbai,Member,Female,Tea,Beverages,7,139.31,Card,3.5,975.17
INV7037,2026-03-17,C,Mumbai,Normal,Female,Chocolate,Snacks,4,52.09,UPI,3.9,208.36
INV7038,2026-01-28,D,Bengaluru,Member,Female,Chips,Snacks,2,30.07,UPI,3.6,60.14
INV7039,2026-05-17,C,Mumbai,Member,Male,Tea,Beverages,5,133.33,Cash,3.7,666.65
INV7040,2026-02-19,A,Jaipur,Member,Female,Rice,Grocery,5,81.62,Cash,3.9,408.1
INV7041,2026-06-19,C,Mumbai,Member,Male,Rice,Grocery,7,78.1,Card,4.2,546.7
INV7042,2026-05-18,D,Bengaluru,Normal,Female,Biscuits,Snacks,5,28.04,Card,4.7,140.2
INV7043,2026-01-21,B,Delhi,Normal,Female,Chocolate,Snacks,6,53.41,Card,4.7,320.46
INV7044,2026-04-09,D,Bengaluru,Normal,Male,Coffee,Beverages,2,209.98,Cash,4.2,419.96
INV7045,2026-04-30,A,Jaipur,Member,Male,Face Wash,Personal Care,8,106.11,Net Banking,3.8,848.88
INV7046,2026-05-04,A,Jaipur,Normal,Female,Eggs,Dairy,8,102.17,Net Banking,3.6,817.36
INV7047,2026-01-11,B,Delhi,Normal,Male,Biscuits,Snacks,2,29.03,Cash,4.7,58.06
INV7048,2026-01-26,B,Delhi,Normal,Male,Milk,Dairy,5,62.01,Card,3.7,310.05
INV7049,2026-05-09,D,Bengaluru,Normal,Female,Cheese,Dairy,8,213.63,Net Banking,4.3,1709.04
INV7050,2026-05-05,A,Jaipur,Member,Female,Cooking Oil,Grocery,8,174.25,UPI,3.4,1394.0
INV7051,2026-02-28,B,Delhi,Member,Male,Potato,Vegetables,3,32.12,Net Banking,4.6,96.36
INV7052,2026-05-14,C,Mumbai,Normal,Male,Noodles,Grocery,8,60.98,Net Banking,3.2,487.84
INV7053,2026-05-29,C,Mumbai,Normal,Male,Eggs,Dairy,5,82.24,Cash,3.4,411.2
INV7054,2026-05-04,C,Mumbai,Member,Male,Tomato,Vegetables,1,46.28,Cash,3.1,46.28
INV7055,2026-03-10,C,Mumbai,Normal,Female,Eggs,Dairy,4,94.68,Net Banking,4.6,378.72
INV7056,2026-01-04,C,Mumbai,Normal,Female,Bananas,Fruits,8,58.63,UPI,4.5,469.04
INV7057,2026-02-20,C,Mumbai,Normal,Female,Cooking Oil,Grocery,7,168.78,UPI,4.8,1181.46
INV7058,2026-05-22,A,Jaipur,Member,Female,Rice,Grocery,3,67.36,Card,4.6,202.08
INV7059,2026-01-13,D,Bengaluru,Member,Female,Potato,Vegetables,10,34.01,Net Banking,3.8,340.1
INV7060,2026-06-09,B,Delhi,Member,Female,Apples,Fruits,3,134.17,Net Banking,3.0,402.51
INV7061,2026-04-27,A,Jaipur,Normal,Male,Cold Drink,Beverages,5,62.22,UPI,4.7,311.1
INV7062,2026-02-20,A,Jaipur,Normal,Male,Bananas,Fruits,6,65.15,Cash,3.5,390.9
INV7063,2026-02-15,B,Delhi,Normal,Female,Tea,Beverages,6,126.34,Net Banking,3.6,758.04
INV7064,2026-05-21,A,Jaipur,Normal,Female,Bread,Bakery,6,46.7,UPI,3.2,280.2
INV7065,2026-01-13,D,Bengaluru,Member,Female,Tea,Beverages,2,128.02,Net Banking,4.5,256.04
INV7066,2026-04-05,D,Bengaluru,Member,Male,Cold Drink,Beverages,3,59.32,Cash,3.6,177.96
INV7067,2026-02-26,B,Delhi,Member,Male,Face Wash,Personal Care,2,125.17,Card,4.7,250.34
INV7068,2026-02-07,C,Mumbai,Member,Male,Face Wash,Personal Care,6,118.36,Cash,4.5,710.16
INV7069,2026-05-17,D,Bengaluru,Member,Male,Cold Drink,Beverages,4,67.9,Cash,3.8,271.6
INV7070,2026-01-04,B,Delhi,Normal,Male,Tea,Beverages,8,130.28,UPI,5.0,1042.24
INV7071,2026-04-09,C,Mumbai,Member,Female,Cooking Oil,Grocery,2,154.67,UPI,3.5,309.34
INV7072,2026-04-27,C,Mumbai,Normal,Female,Tomato,Vegetables,9,44.29,Cash,3.6,398.61
INV7073,2026-05-05,D,Bengaluru,Normal,Female,Tea,Beverages,5,133.43,UPI,3.7,667.15
INV7074,2026-05-03,B,Delhi,Normal,Male,Noodles,Grocery,5,62.99,Cash,3.4,314.95
INV7075,2026-02-14,C,Mumbai,Member,Male,Biscuits,Snacks,7,31.38,Cash,3.1,219.66
INV7076,2026-03-06,C,Mumbai,Member,Male,Tea,Beverages,5,120.26,Net Banking,4.7,601.3
INV7077,2026-06-17,D,Bengaluru,Member,Male,Rice,Grocery,2,79.64,Cash,3.4,159.28
INV7078,2026-01-16,A,Jaipur,Member,Male,Bananas,Fruits,3,52.57,Card,3.7,157.71
INV7079,2026-01-09,A,Jaipur,Normal,Female,Face Wash,Personal Care,4,139.34,UPI,3.5,557.36
INV7080,2026-05-23,D,Bengaluru,Member,Female,Cold Drink,Beverages,2,61.84,Card,4.1,123.68
INV7081,2026-03-15,A,Jaipur,Normal,Male,Cold Drink,Beverages,8,66.72,UPI,3.0,533.76
INV7082,2026-01-07,D,Bengaluru,Normal,Female,Cooking Oil,Grocery,6,143.15,Cash,3.8,858.9
INV7083,2026-06-15,D,Bengaluru,Normal,Male,Coffee,Beverages,1,205.73,Card,4.0,205.73
INV7084,2026-05-13,A,Jaipur,Member,Male,Eggs,Dairy,5,95.87,Net Banking,3.6,479.35
INV7085,2026-04-15,D,Bengaluru,Normal,Male,Coffee,Beverages,3,157.46,Cash,4.2,472.38
INV7086,2026-05-20,C,Mumbai,Member,Male,Noodles,Grocery,2,49.88,Cash,3.8,99.76
INV7087,2026-02-16,B,Delhi,Member,Male,Potato,Vegetables,9,35.26,Cash,4.3,317.34
INV7088,2026-06-01,B,Delhi,Normal,Female,Bread,Bakery,4,36.34,Net Banking,3.1,145.36
INV7089,2026-01-15,B,Delhi,Normal,Female,Noodles,Grocery,5,59.36,Card,3.7,296.8
INV7090,2026-02-04,B,Delhi,Member,Female,Soap,Personal Care,8,48.06,Cash,4.8,384.48
INV7091,2026-03-18,B,Delhi,Member,Female,Bananas,Fruits,8,57.77,Card,4.7,462.16
INV7092,2026-06-06,A,Jaipur,Normal,Male,Coffee,Beverages,1,196.47,Cash,3.2,196.47
INV7093,2026-05-29,D,Bengaluru,Member,Female,Coffee,Beverages,7,154.81,Cash,4.3,1083.67
INV7094,2026-03-18,C,Mumbai,Member,Male,Tea,Beverages,9,103.09,Cash,4.3,927.81
INV7095,2026-03-31,B,Delhi,Member,Male,Bread,Bakery,5,40.79,Net Banking,4.5,203.95
INV7096,2026-05-16,A,Jaipur,Member,Male,Bread,Bakery,9,36.71,Cash,3.8,330.39
INV7097,2026-02-24,C,Mumbai,Normal,Female,Cheese,Dairy,8,210.88,Card,3.1,1687.04
INV7098,2026-02-06,D,Bengaluru,Member,Male,Cooking Oil,Grocery,7,138.42,Cash,4.7,968.94
INV7099,2026-02-24,A,Jaipur,Normal,Female,Face Wash,Personal Care,2,138.43,Card,4.1,276.86
INV7100,2026-03-16,A,Jaipur,Member,Male,Apples,Fruits,5,152.8,Card,3.8,764.0
INV7101,2026-06-29,C,Mumbai,Member,Male,Chocolate,Snacks,7,45.2,UPI,3.8,316.4
INV7102,2026-01-13,B,Delhi,Member,Male,Apples,Fruits,4,140.79,Card,4.7,563.16
INV7103,2026-07-01,C,Mumbai,Member,Female,Rice,Grocery,1,72.62,UPI,3.8,72.62
INV7104,2026-02-22,C,Mumbai,Member,Male,Rice,Grocery,10,67.65,Net Banking,4.6,676.5
INV7105,2026-01-29,B,Delhi,Normal,Female,Soap,Personal Care,9,42.45,Cash,4.4,382.05
INV7106,2026-04-16,A,Jaipur,Member,Female,Tomato,Vegetables,5,52.53,Net Banking,4.0,262.65
INV7107,2026-06-30,A,Jaipur,Member,Male,Noodles,Grocery,4,63.95,Net Banking,4.4,255.8
INV7108,2026-06-12,C,Mumbai,Member,Male,Noodles,Grocery,6,59.58,Card,4.9,357.48
INV7109,2026-03-13,C,Mumbai,Normal,Female,Apples,Fruits,9,125.5,Cash,4.5,1129.5
INV7110,2026-04-21,B,Delhi,Member,Female,Coffee,Beverages,5,197.65,Cash,5.0,988.25
INV7111,2026-03-23,A,Jaipur,Normal,Male,Bread,Bakery,7,42.85,Net Banking,3.9,299.95
INV7112,2026-06-30,D,Bengaluru,Member,Female,Cooking Oil,Grocery,4,148.91,UPI,4.0,595.64
INV7113,2026-02-16,B,Delhi,Normal,Male,Tea,Beverages,10,107.44,UPI,4.0,1074.4
INV7114,2026-05-26,C,Mumbai,Normal,Male,Milk,Dairy,3,61.98,Card,3.1,185.94
INV7115,2026-06-11,D,Bengaluru,Normal,Male,Noodles,Grocery,9,52.29,UPI,3.3,470.61
INV7116,2026-01-10,B,Delhi,Normal,Male,Soap,Personal Care,1,41.06,UPI,4.9,41.06
INV7117,2026-06-13,D,Bengaluru,Member,Male,Rice,Grocery,9,66.63,Net Banking,3.7,599.67
INV7118,2026-02-22,B,Delhi,Normal,Female,Tea,Beverages,10,103.32,UPI,3.7,1033.2
INV7119,2026-02-20,D,Bengaluru,Member,Male,Bread,Bakery,10,46.46,Cash,3.3,464.6
INV7120,2026-04-30,D,Bengaluru,Normal,Female,Bananas,Fruits,2,64.49,Net Banking,4.2,128.98
INV7121,2026-03-16,B,Delhi,Normal,Male,Bananas,Fruits,3,59.69,Net Banking,3.2,179.07
INV7122,2026-02-25,D,Bengaluru,Normal,Male,Coffee,Beverages,8,167.64,UPI,4.5,1341.12
INV7123,2026-02-23,B,Delhi,Normal,Female,Coffee,Beverages,7,182.67,Cash,4.3,1278.69
INV7124,2026-05-02,B,Delhi,Normal,Female,Bread,Bakery,5,33.21,Cash,3.8,166.05
INV7125,2026-02-02,C,Mumbai,Member,Female,Face Wash,Personal Care,3,104.6,UPI,3.4,313.8
INV7126,2026-04-02,C,Mumbai,Normal,Male,Bread,Bakery,10,33.87,Cash,3.3,338.7
INV7127,2026-02-02,B,Delhi,Member,Female,Soap,Personal Care,2,40.14,Card,3.4,80.28
INV7128,2026-06-29,A,Jaipur,Normal,Female,Cold Drink,Beverages,2,71.55,Card,4.6,143.1
INV7129,2026-01-25,B,Delhi,Normal,Female,Bananas,Fruits,3,59.03,UPI,4.1,177.09
INV7130,2026-02-06,D,Bengaluru,Normal,Female,Tomato,Vegetables,10,50.23,Net Banking,3.8,502.3
INV7131,2026-01-09,C,Mumbai,Normal,Female,Biscuits,Snacks,4,34.95,Net Banking,4.8,139.8
INV7132,2026-05-07,D,Bengaluru,Member,Male,Noodles,Grocery,5,49.11,Cash,5.0,245.55
INV7133,2026-05-01,A,Jaipur,Normal,Female,Coffee,Beverages,2,171.66,Card,3.3,343.32
INV7134,2026-03-10,D,Bengaluru,Member,Male,Soap,Personal Care,8,51.78,Net Banking,4.0,414.24
INV7135,2026-04-26,A,Jaipur,Member,Male,Bananas,Fruits,5,54.89,Cash,3.3,274.45
INV7136,2026-03-01,A,Jaipur,Member,Female,Rice,Grocery,9,61.74,Card,3.2,555.66
INV7137,2026-06-12,C,Mumbai,Member,Female,Shampoo,Personal Care,3,179.71,Net Banking,4.5,539.13
INV7138,2026-02-16,C,Mumbai,Member,Male,Bananas,Fruits,6,55.78,Cash,3.4,334.68
INV7139,2026-06-09,D,Bengaluru,Member,Male,Chocolate,Snacks,4,57.11,UPI,4.2,228.44
INV7140,2026-06-17,B,Delhi,Normal,Female,Milk,Dairy,10,56.5,UPI,4.1,565.0
INV7141,2026-05-18,D,Bengaluru,Member,Male,Cooking Oil,Grocery,1,176.65,Net Banking,3.3,176.65
INV7142,2026-04-21,A,Jaipur,Member,Male,Bread,Bakery,1,40.85,Cash,4.3,40.85
INV7143,2026-04-18,D,Bengaluru,Member,Male,Noodles,Grocery,7,64.47,Card,3.5,451.29
INV7144,2026-04-09,B,Delhi,Member,Male,Eggs,Dairy,4,90.43,UPI,4.9,361.72
INV7145,2026-03-13,C,Mumbai,Member,Male,Bread,Bakery,4,41.71,Card,4.1,166.84
INV7146,2026-04-21,B,Delhi,Member,Female,Face Wash,Personal Care,4,101.59,Cash,4.0,406.36
INV7147,2026-04-20,D,Bengaluru,Normal,Male,Cheese,Dairy,8,237.41,UPI,3.6,1899.28
INV7148,2026-01-03,D,Bengaluru,Normal,Male,Noodles,Grocery,2,57.49,Net Banking,3.6,114.98
INV7149,2026-02-13,B,Delhi,Member,Female,Face Wash,Personal Care,2,132.98,UPI,4.8,265.96
INV7150,2026-03-06,B,Delhi,Member,Female,Shampoo,Personal Care,6,159.19,Net Banking,4.3,955.14
INV7151,2026-06-02,B,Delhi,Normal,Male,Coffee,Beverages,6,181.52,Card,3.2,1089.12
INV7152,2026-01-01,A,Jaipur,Member,Male,Bread,Bakery,4,43.67,UPI,3.2,174.68
INV7153,2026-05-17,D,Bengaluru,Normal,Male,Tea,Beverages,2,127.79,Cash,3.0,255.58
INV7154,2026-04-16,C,Mumbai,Normal,Female,Noodles,Grocery,7,57.73,Card,4.1,404.11
INV7155,2026-05-09,B,Delhi,Normal,Male,Shampoo,Personal Care,5,193.57,Card,3.3,967.85
INV7156,2026-04-18,B,Delhi,Member,Male,Shampoo,Personal Care,7,201.78,Net Banking,4.3,1412.46
INV7157,2026-02-01,A,Jaipur,Normal,Male,Shampoo,Personal Care,4,185.12,Cash,4.4,740.48
INV7158,2026-06-22,D,Bengaluru,Normal,Female,Noodles,Grocery,9,61.56,Card,4.9,554.04
INV7159,2026-06-28,A,Jaipur,Member,Female,Bread,Bakery,5,40.88,UPI,4.0,204.4
INV7160,2026-01-23,C,Mumbai,Member,Female,Eggs,Dairy,9,90.65,Net Banking,4.6,815.85
INV7161,2026-06-19,B,Delhi,Normal,Female,Shampoo,Personal Care,6,162.12,Cash,4.2,972.72
INV7162,2026-01-03,D,Bengaluru,Member,Female,Potato,Vegetables,2,35.82,Net Banking,3.5,71.64
INV7163,2026-01-13,C,Mumbai,Member,Male,Cheese,Dairy,6,191.45,Net Banking,4.0,1148.7
INV7164,2026-02-26,B,Delhi,Normal,Female,Chocolate,Snacks,6,41.56,Card,3.3,249.36
INV7165,2026-02-22,B,Delhi,Member,Female,Chocolate,Snacks,1,51.49,UPI,3.4,51.49
INV7166,2026-02-06,A,Jaipur,Normal,Male,Bananas,Fruits,7,66.05,UPI,3.5,462.35
INV7167,2026-01-06,D,Bengaluru,Member,Male,Cold Drink,Beverages,2,54.46,Cash,4.2,108.92
INV7168,2026-04-07,D,Bengaluru,Normal,Male,Cold Drink,Beverages,7,73.54,Cash,3.4,514.78
INV7169,2026-04-01,A,Jaipur,Member,Male,Cold Drink,Beverages,5,65.94,UPI,3.2,329.7
INV7170,2026-01-24,C,Mumbai,Normal,Male,Tea,Beverages,3,100.72,Net Banking,3.2,302.16
INV7171,2026-01-06,C,Mumbai,Member,Male,Face Wash,Personal Care,6,122.96,Net Banking,4.8,737.76
INV7172,2026-03-21,C,Mumbai,Normal,Female,Potato,Vegetables,1,30.47,UPI,4.9,30.47
INV7173,2026-05-31,C,Mumbai,Member,Female,Chips,Snacks,3,34.35,Card,4.9,103.05
INV7174,2026-04-13,C,Mumbai,Member,Female,Eggs,Dairy,10,94.96,Net Banking,4.6,949.6
INV7175,2026-05-13,C,Mumbai,Normal,Male,Milk,Dairy,1,50.94,UPI,4.1,50.94
INV7176,2026-01-24,B,Delhi,Member,Male,Bread,Bakery,8,40.14,Card,4.7,321.12
INV7177,2026-06-23,C,Mumbai,Normal,Female,Cheese,Dairy,10,223.1,Net Banking,4.0,2231.0
INV7178,2026-05-09,B,Delhi,Member,Female,Potato,Vegetables,4,29.17,Cash,4.3,116.68
INV7179,2026-04-07,A,Jaipur,Member,Male,Face Wash,Personal Care,2,138.14,Net Banking,3.3,276.28
INV7180,2026-06-27,A,Jaipur,Normal,Female,Rice,Grocery,8,76.04,Net Banking,4.8,608.32
INV7181,2026-05-11,B,Delhi,Member,Male,Shampoo,Personal Care,3,202.02,UPI,4.7,606.06
INV7182,2026-06-05,D,Bengaluru,Normal,Male,Tomato,Vegetables,10,53.34,Net Banking,4.5,533.4
INV7183,2026-04-13,C,Mumbai,Member,Male,Rice,Grocery,5,68.32,Net Banking,3.4,341.6
INV7184,2026-05-21,A,Jaipur,Normal,Male,Rice,Grocery,9,79.61,Card,3.5,716.49
INV7185,2026-03-03,D,Bengaluru,Member,Female,Shampoo,Personal Care,8,162.23,UPI,4.3,1297.84
INV7186,2026-01-11,B,Delhi,Member,Female,Tomato,Vegetables,10,49.69,Card,3.8,496.9
INV7187,2026-04-20,C,Mumbai,Normal,Female,Milk,Dairy,8,58.63,Cash,3.7,469.04
INV7188,2026-04-03,A,Jaipur,Member,Female,Cheese,Dairy,9,240.39,Net Banking,4.9,2163.51
INV7189,2026-02-08,D,Bengaluru,Member,Male,Tea,Beverages,8,141.4,UPI,3.8,1131.2
INV7190,2026-04-24,C,Mumbai,Normal,Female,Tomato,Vegetables,7,46.88,Cash,4.5,328.16
INV7191,2026-04-14,A,Jaipur,Member,Female,Rice,Grocery,5,77.83,UPI,3.1,389.15
INV7192,2026-03-07,D,Bengaluru,Normal,Male,Biscuits,Snacks,10,27.67,Net Banking,4.5,276.7
INV7193,2026-04-12,A,Jaipur,Member,Male,Potato,Vegetables,8,36.91,UPI,3.8,295.28
INV7194,2026-06-18,B,Delhi,Member,Female,Bananas,Fruits,4,52.54,UPI,3.1,210.16
INV7195,2026-01-08,D,Bengaluru,Normal,Male,Noodles,Grocery,8,50.84,Card,4.4,406.72
INV7196,2026-03-25,B,Delhi,Normal,Male,Potato,Vegetables,2,39.49,UPI,4.3,78.98
INV7197,2026-03-07,D,Bengaluru,Member,Male,Cooking Oil,Grocery,1,152.16,UPI,4.8,152.16
INV7198,2026-05-27,C,Mumbai,Normal,Male,Cheese,Dairy,6,207.82,Card,4.0,1246.92
INV7199,2026-05-06,C,Mumbai,Member,Male,Cold Drink,Beverages,7,72.23,Net Banking,3.6,505.61
INV7200,2026-01-28,D,Bengaluru,Member,Male,Cold Drink,Beverages,1,67.83,Cash,3.6,67.83
INV7201,2026-05-23,A,Jaipur,Normal,Male,Soap,Personal Care,5,48.68,Card,3.7,243.4
INV7202,2026-03-09,A,Jaipur,Normal,Male,Cold Drink,Beverages,7,70.55,Net Banking,4.5,493.85
INV7203,2026-03-18,B,Delhi,Normal,Female,Bread,Bakery,1,34.28,Net Banking,3.9,34.28
INV7204,2026-04-25,C,Mumbai,Normal,Female,Cheese,Dairy,2,200.62,Cash,5.0,401.24
INV7205,2026-04-29,A,Jaipur,Member,Male,Shampoo,Personal Care,9,201.73,Net Banking,4.6,1815.57
INV7206,2026-02-18,D,Bengaluru,Member,Female,Coffee,Beverages,4,184.97,Card,4.6,739.88
INV7207,2026-04-08,C,Mumbai,Normal,Male,Chocolate,Snacks,10,45.19,Net Banking,4.4,451.9
INV7208,2026-01-25,A,Jaipur,Member,Male,Potato,Vegetables,6,34.99,Cash,3.1,209.94
INV7209,2026-03-10,D,Bengaluru,Normal,Female,Potato,Vegetables,5,35.08,Cash,4.8,175.4
INV7210,2026-04-17,D,Bengaluru,Member,Female,Rice,Grocery,6,67.79,Card,5.0,406.74
INV7211,2026-04-25,B,Delhi,Normal,Male,Soap,Personal Care,3,51.75,Card,4.3,155.25
INV7212,2026-01-16,D,Bengaluru,Member,Male,Rice,Grocery,9,80.45,Net Banking,4.3,724.05
INV7213,2026-01-26,B,Delhi,Member,Male,Apples,Fruits,4,149.31,Cash,5.0,597.24
INV7214,2026-06-15,C,Mumbai,Normal,Male,Potato,Vegetables,2,36.77,Cash,4.9,73.54
INV7215,2026-04-09,B,Delhi,Member,Female,Biscuits,Snacks,9,34.43,Net Banking,3.7,309.87
INV7216,2026-04-28,B,Delhi,Normal,Female,Bread,Bakery,7,36.49,Cash,3.0,255.43
INV7217,2026-05-23,C,Mumbai,Normal,Female,Eggs,Dairy,8,80.49,Card,3.9,643.92
INV7218,2026-03-01,B,Delhi,Member,Female,Tomato,Vegetables,3,52.79,Card,4.2,158.37
INV7219,2026-04-29,D,Bengaluru,Member,Male,Milk,Dairy,4,64.26,Net Banking,3.8,257.04
INV7220,2026-03-29,C,Mumbai,Member,Female,Chips,Snacks,10,36.58,Net Banking,3.7,365.8
INV7221,2026-02-02,A,Jaipur,Normal,Female,Eggs,Dairy,10,93.12,Net Banking,4.0,931.2
INV7222,2026-02-05,D,Bengaluru,Member,Female,Cheese,Dairy,7,199.54,Card,3.2,1396.78
INV7223,2026-06-30,D,Bengaluru,Member,Male,Cheese,Dairy,6,249.22,Card,4.6,1495.32
INV7224,2026-02-06,B,Delhi,Normal,Male,Tea,Beverages,3,116.49,Cash,3.6,349.47
INV7225,2026-01-12,C,Mumbai,Member,Male,Chips,Snacks,8,32.46,Card,3.6,259.68
INV7226,2026-02-07,C,Mumbai,Member,Male,Cheese,Dairy,9,218.71,Net Banking,4.7,1968.39
INV7227,2026-03-13,B,Delhi,Member,Male,Coffee,Beverages,1,169.03,UPI,4.3,169.03
INV7228,2026-05-05,D,Bengaluru,Member,Female,Bread,Bakery,2,34.51,UPI,4.8,69.02
INV7229,2026-01-06,D,Bengaluru,Member,Female,Bread,Bakery,2,38.41,UPI,3.2,76.82
INV7230,2026-04-11,B,Delhi,Member,Female,Cheese,Dairy,1,255.11,UPI,4.0,255.11
INV7231,2026-07-01,C,Mumbai,Normal,Female,Face Wash,Personal Care,10,117.58,UPI,3.7,1175.8
INV7232,2026-05-25,D,Bengaluru,Member,Male,Noodles,Grocery,6,50.44,Card,4.1,302.64
INV7233,2026-02-05,D,Bengaluru,Member,Male,Chocolate,Snacks,6,43.24,Net Banking,3.4,259.44
INV7234,2026-03-27,A,Jaipur,Member,Male,Rice,Grocery,8,71.16,Net Banking,4.9,569.28
INV7235,2026-01-30,D,Bengaluru,Normal,Male,Cooking Oil,Grocery,9,170.32,Cash,4.0,1532.88
INV7236,2026-03-04,C,Mumbai,Normal,Female,Noodles,Grocery,4,59.07,Net Banking,4.4,236.28
INV7237,2026-02-20,B,Delhi,Member,Male,Tomato,Vegetables,8,41.25,Cash,4.3,330.0
INV7238,2026-04-11,B,Delhi,Normal,Female,Cheese,Dairy,7,208.67,Net Banking,4.5,1460.69
INV7239,2026-04-04,C,Mumbai,Normal,Male,Rice,Grocery,5,63.08,Cash,3.5,315.4
INV7240,2026-04-28,B,Delhi,Normal,Female,Coffee,Beverages,1,202.0,Cash,4.8,202.0
INV7241,2026-06-12,C,Mumbai,Member,Male,Shampoo,Personal Care,7,172.79,Net Banking,3.8,1209.53
INV7242,2026-03-08,B,Delhi,Normal,Female,Milk,Dairy,2,59.18,UPI,4.3,118.36
INV7243,2026-04-07,B,Delhi,Member,Female,Shampoo,Personal Care,5,189.9,Net Banking,3.3,949.5
INV7244,2026-03-24,C,Mumbai,Normal,Female,Cooking Oil,Grocery,6,174.97,Net Banking,3.7,1049.82
INV7245,2026-04-02,A,Jaipur,Normal,Male,Chips,Snacks,5,39.51,UPI,3.5,197.55
INV7246,2026-04-29,A,Jaipur,Normal,Male,Apples,Fruits,5,124.23,Net Banking,3.0,621.15
INV7247,2026-03-03,C,Mumbai,Member,Male,Noodles,Grocery,6,64.9,Cash,4.3,389.4
INV7248,2026-03-18,B,Delhi,Member,Female,Cooking Oil,Grocery,7,133.04,UPI,3.6,931.28
INV7249,2026-03-08,D,Bengaluru,Normal,Female,Noodles,Grocery,8,61.56,UPI,4.9,492.48
INV7250,2026-02-22,D,Bengaluru,Normal,Female,Noodles,Grocery,9,55.65,Card,3.5,500.85
INV7251,2026-02-05,C,Mumbai,Member,Female,Cold Drink,Beverages,9,63.55,Cash,4.1,571.95
INV7252,2026-02-17,B,Delhi,Normal,Male,Milk,Dairy,9,62.79,Cash,4.9,565.11
INV7253,2026-06-24,C,Mumbai,Member,Female,Rice,Grocery,6,61.07,Net Banking,3.0,366.42
INV7254,2026-05-23,D,Bengaluru,Member,Male,Bread,Bakery,10,40.17,Net Banking,3.8,401.7
INV7255,2026-06-30,C,Mumbai,Normal,Female,Cheese,Dairy,4,259.46,Cash,3.9,1037.84
INV7256,2026-04-29,A,Jaipur,Normal,Male,Chocolate,Snacks,4,53.02,Cash,4.7,212.08
INV7257,2026-05-05,C,Mumbai,Member,Female,Chips,Snacks,10,36.26,Cash,5.0,362.6
INV7258,2026-01-13,A,Jaipur,Normal,Female,Noodles,Grocery,10,49.21,Net Banking,3.4,492.1
INV7259,2026-06-22,B,Delhi,Normal,Male,Biscuits,Snacks,5,32.41,Cash,4.0,162.05
INV7260,2026-02-06,C,Mumbai,Normal,Male,Shampoo,Personal Care,4,174.66,Cash,3.4,698.64
INV7261,2026-04-16,A,Jaipur,Member,Female,Apples,Fruits,3,158.22,UPI,4.9,474.66
INV7262,2026-05-28,C,Mumbai,Member,Female,Shampoo,Personal Care,10,196.64,Cash,4.1,1966.4
INV7263,2026-03-04,C,Mumbai,Member,Female,Eggs,Dairy,6,100.07,Card,3.3,600.42
INV7264,2026-04-09,B,Delhi,Member,Male,Tomato,Vegetables,9,48.22,Net Banking,3.9,433.98
INV7265,2026-06-23,D,Bengaluru,Member,Male,Cold Drink,Beverages,1,59.17,UPI,5.0,59.17
INV7266,2026-02-11,B,Delhi,Member,Male,Tomato,Vegetables,7,46.46,Cash,3.9,325.22
INV7267,2026-05-30,C,Mumbai,Member,Male,Milk,Dairy,6,49.44,Cash,3.2,296.64
INV7268,2026-06-02,C,Mumbai,Member,Male,Tea,Beverages,3,105.07,UPI,3.5,315.21
INV7269,2026-03-09,D,Bengaluru,Member,Female,Rice,Grocery,5,66.67,UPI,3.8,333.35
INV7270,2026-04-26,A,Jaipur,Member,Female,Eggs,Dairy,3,85.06,UPI,4.8,255.18
INV7271,2026-05-11,A,Jaipur,Normal,Male,Chips,Snacks,9,33.86,Card,4.5,304.74
INV7272,2026-06-26,B,Delhi,Member,Female,Rice,Grocery,9,61.22,Card,4.6,550.98
INV7273,2026-04-09,C,Mumbai,Member,Male,Cooking Oil,Grocery,2,167.8,UPI,4.0,335.6
INV7274,2026-01-05,C,Mumbai,Normal,Male,Eggs,Dairy,8,81.28,Cash,3.7,650.24
INV7275,2026-06-19,B,Delhi,Member,Male,Bananas,Fruits,1,60.48,Net Banking,4.2,60.48
INV7276,2026-04-27,B,Delhi,Member,Male,Tea,Beverages,7,107.68,Card,3.4,753.76
INV7277,2026-03-27,B,Delhi,Normal,Male,Tomato,Vegetables,5,38.97,Net Banking,4.0,194.85
INV7278,2026-01-12,A,Jaipur,Member,Female,Tomato,Vegetables,8,38.6,Net Banking,4.0,308.8
INV7279,2026-04-30,C,Mumbai,Normal,Female,Potato,Vegetables,7,40.02,Card,5.0,280.14
INV7280,2026-01-26,A,Jaipur,Member,Female,Shampoo,Personal Care,6,174.4,Net Banking,4.4,1046.4
INV7281,2026-03-03,B,Delhi,Member,Female,Eggs,Dairy,6,83.52,Cash,4.8,501.12
INV7282,2026-05-21,C,Mumbai,Normal,Male,Cheese,Dairy,10,201.11,Card,3.7,2011.1
INV7283,2026-05-08,C,Mumbai,Member,Female,Cooking Oil,Grocery,5,127.19,Card,4.3,635.95
INV7284,2026-05-27,B,Delhi,Normal,Female,Chocolate,Snacks,10,48.98,Net Banking,4.5,489.8
INV7285,2026-05-18,D,Bengaluru,Member,Male,Rice,Grocery,5,71.57,Net Banking,3.5,357.85
INV7286,2026-06-28,C,Mumbai,Normal,Female,Cheese,Dairy,4,239.19,UPI,4.6,956.76
INV7287,2026-04-10,D,Bengaluru,Normal,Female,Cooking Oil,Grocery,6,162.31,Card,3.9,973.86
INV7288,2026-02-19,C,Mumbai,Member,Female,Noodles,Grocery,3,54.0,Net Banking,3.4,162.0
INV7289,2026-01-05,C,Mumbai,Member,Female,Potato,Vegetables,4,34.97,Cash,3.7,139.88
INV7290,2026-04-26,C,Mumbai,Member,Male,Face Wash,Personal Care,1,131.98,Card,4.8,131.98
INV7291,2026-04-15,A,Jaipur,Normal,Male,Soap,Personal Care,4,44.16,UPI,3.7,176.64
INV7292,2026-05-23,A,Jaipur,Normal,Female,Apples,Fruits,10,124.57,Cash,3.6,1245.7
INV7293,2026-06-23,C,Mumbai,Member,Male,Cheese,Dairy,7,224.16,UPI,4.0,1569.12
INV7294,2026-03-17,C,Mumbai,Normal,Female,Biscuits,Snacks,9,32.74,UPI,4.5,294.66
INV7295,2026-04-29,D,Bengaluru,Normal,Female,Potato,Vegetables,1,33.23,Cash,4.4,33.23
INV7296,2026-06-16,B,Delhi,Normal,Female,Eggs,Dairy,5,96.07,UPI,3.3,480.35
INV7297,2026-02-07,B,Delhi,Normal,Male,Potato,Vegetables,3,38.27,UPI,4.2,114.81
INV7298,2026-05-11,D,Bengaluru,Normal,Male,Shampoo,Personal Care,4,199.01,UPI,3.3,796.04
INV7299,2026-06-21,A,Jaipur,Member,Female,Eggs,Dairy,10,101.81,UPI,4.2,1018.1
INV7300,2026-01-19,B,Delhi,Member,Male,Bananas,Fruits,7,54.59,UPI,3.6,382.13
INV7301,2026-04-20,B,Delhi,Normal,Male,Shampoo,Personal Care,9,193.46,Card,3.8,1741.14
INV7302,2026-02-21,A,Jaipur,Member,Male,Chocolate,Snacks,3,42.96,Net Banking,4.7,128.88
INV7303,2026-05-09,A,Jaipur,Normal,Male,Cheese,Dairy,8,199.03,Card,3.6,1592.24
INV7304,2026-03-23,D,Bengaluru,Normal,Female,Coffee,Beverages,6,187.93,Card,3.7,1127.58
INV7305,2026-03-23,B,Delhi,Member,Female,Apples,Fruits,10,120.67,Net Banking,3.4,1206.7
INV7306,2026-02-10,C,Mumbai,Normal,Female,Cold Drink,Beverages,10,75.98,Net Banking,4.2,759.8
INV7307,2026-01-01,A,Jaipur,Member,Female,Bananas,Fruits,7,54.12,Cash,4.6,378.84
INV7308,2026-03-17,A,Jaipur,Member,Female,Noodles,Grocery,2,58.19,UPI,4.6,116.38
INV7309,2026-04-04,B,Delhi,Member,Male,Biscuits,Snacks,8,29.29,Net Banking,3.7,234.32
INV7310,2026-04-10,C,Mumbai,Member,Male,Potato,Vegetables,3,33.57,Cash,3.8,100.71
INV7311,2026-01-23,C,Mumbai,Normal,Female,Cooking Oil,Grocery,8,162.69,Cash,3.4,1301.52
INV7312,2026-06-10,A,Jaipur,Normal,Female,Cold Drink,Beverages,10,70.87,Card,4.2,708.7
INV7313,2026-03-21,A,Jaipur,Normal,Female,Cheese,Dairy,7,231.27,Cash,3.6,1618.89
INV7314,2026-04-18,A,Jaipur,Normal,Female,Tea,Beverages,5,106.77,UPI,3.7,533.85
INV7315,2026-01-10,C,Mumbai,Normal,Male,Eggs,Dairy,5,85.39,Card,3.8,426.95
INV7316,2026-04-01,A,Jaipur,Member,Male,Cooking Oil,Grocery,10,153.83,Net Banking,4.3,1538.3
INV7317,2026-03-31,C,Mumbai,Normal,Female,Potato,Vegetables,1,31.64,Card,4.2,31.64
INV7318,2026-03-28,C,Mumbai,Member,Female,Chips,Snacks,6,38.51,Card,5.0,231.06
INV7319,2026-06-17,C,Mumbai,Normal,Male,Cheese,Dairy,3,235.58,UPI,3.2,706.74
INV7320,2026-06-07,C,Mumbai,Normal,Female,Noodles,Grocery,3,51.69,UPI,3.2,155.07
INV7321,2026-06-24,D,Bengaluru,Member,Female,Tea,Beverages,8,124.37,Card,3.0,994.96
INV7322,2026-01-09,C,Mumbai,Normal,Female,Face Wash,Personal Care,8,139.92,Net Banking,3.5,1119.36
INV7323,2026-05-09,D,Bengaluru,Normal,Female,Tomato,Vegetables,1,38.42,UPI,4.1,38.42
INV7324,2026-06-22,A,Jaipur,Member,Male,Bananas,Fruits,6,59.84,Card,4.5,359.04
INV7325,2026-06-03,C,Mumbai,Member,Female,Soap,Personal Care,2,43.68,UPI,3.9,87.36
INV7326,2026-02-28,C,Mumbai,Normal,Male,Noodles,Grocery,1,59.57,UPI,3.2,59.57
INV7327,2026-03-21,C,Mumbai,Normal,Male,Cooking Oil,Grocery,7,136.75,Cash,3.8,957.25
INV7328,2026-01-14,B,Delhi,Member,Female,Coffee,Beverages,7,200.18,Net Banking,4.2,1401.26
INV7329,2026-05-30,D,Bengaluru,Normal,Female,Biscuits,Snacks,7,30.86,Card,3.6,216.02
INV7330,2026-04-12,C,Mumbai,Member,Female,Eggs,Dairy,1,77.15,Card,3.1,77.15
INV7331,2026-04-05,D,Bengaluru,Member,Female,Bananas,Fruits,5,50.63,Cash,4.3,253.15
INV7332,2026-04-23,C,Mumbai,Normal,Male,Bananas,Fruits,5,52.97,Card,4.8,264.85
INV7333,2026-02-23,B,Delhi,Member,Female,Cheese,Dairy,8,241.45,Card,3.6,1931.6
INV7334,2026-03-27,D,Bengaluru,Normal,Female,Bananas,Fruits,10,59.9,Cash,3.4,599.0
INV7335,2026-01-11,C,Mumbai,Normal,Male,Tea,Beverages,6,133.32,Cash,4.2,799.92
INV7336,2026-04-27,D,Bengaluru,Member,Female,Rice,Grocery,6,63.21,Card,3.9,379.26
INV7337,2026-04-03,A,Jaipur,Normal,Female,Chips,Snacks,10,31.94,Cash,4.0,319.4
INV7338,2026-04-23,C,Mumbai,Normal,Male,Cooking Oil,Grocery,8,176.66,UPI,4.1,1413.28
INV7339,2026-06-27,C,Mumbai,Normal,Female,Apples,Fruits,9,149.45,UPI,4.6,1345.05
INV7340,2026-02-21,B,Delhi,Member,Male,Bananas,Fruits,10,56.72,UPI,4.7,567.2
INV7341,2026-05-10,D,Bengaluru,Member,Female,Biscuits,Snacks,9,28.52,UPI,3.3,256.68
INV7342,2026-05-14,A,Jaipur,Normal,Male,Noodles,Grocery,4,46.4,Cash,4.2,185.6
INV7343,2026-02-13,A,Jaipur,Normal,Male,Shampoo,Personal Care,5,206.99,Net Banking,3.8,1034.95
INV7344,2026-01-25,C,Mumbai,Member,Female,Bananas,Fruits,3,59.35,Net Banking,3.2,178.05
INV7345,2026-04-27,D,Bengaluru,Member,Male,Rice,Grocery,9,68.46,Card,4.8,616.14
INV7346,2026-05-10,B,Delhi,Normal,Female,Chocolate,Snacks,2,52.87,Net Banking,4.3,105.74
INV7347,2026-01-07,D,Bengaluru,Normal,Female,Cold Drink,Beverages,8,76.59,UPI,4.8,612.72
INV7348,2026-02-16,A,Jaipur,Normal,Female,Chips,Snacks,8,36.77,Cash,4.1,294.16
INV7349,2026-02-01,C,Mumbai,Member,Female,Soap,Personal Care,4,38.59,UPI,3.0,154.36
INV7350,2026-06-01,C,Mumbai,Member,Female,Cold Drink,Beverages,4,74.44,UPI,3.4,297.76
INV7351,2026-02-18,B,Delhi,Member,Female,Tea,Beverages,4,110.73,Cash,3.4,442.92
INV7352,2026-05-14,B,Delhi,Normal,Female,Biscuits,Snacks,2,28.98,UPI,4.4,57.96
INV7353,2026-01-08,C,Mumbai,Member,Female,Cooking Oil,Grocery,9,145.9,UPI,3.4,1313.1
INV7354,2026-06-28,B,Delhi,Normal,Male,Biscuits,Snacks,9,27.06,Cash,3.3,243.54
INV7355,2026-06-03,D,Bengaluru,Member,Female,Tea,Beverages,5,107.41,Cash,4.5,537.05
INV7356,2026-01-04,C,Mumbai,Member,Male,Shampoo,Personal Care,10,165.89,Card,4.9,1658.9
INV7357,2026-04-24,D,Bengaluru,Normal,Male,Tea,Beverages,10,109.8,Card,3.9,1098.0
INV7358,2026-02-28,A,Jaipur,Member,Male,Apples,Fruits,3,126.6,UPI,4.1,379.8
INV7359,2026-04-10,A,Jaipur,Normal,Male,Cold Drink,Beverages,9,56.07,Card,3.4,504.63
INV7360,2026-01-29,B,Delhi,Member,Female,Tea,Beverages,6,118.56,Net Banking,3.6,711.36
INV7361,2026-04-23,C,Mumbai,Member,Female,Cooking Oil,Grocery,4,151.58,Net Banking,3.3,606.32
INV7362,2026-06-08,B,Delhi,Member,Male,Bananas,Fruits,1,60.72,UPI,3.8,60.72
INV7363,2026-02-07,B,Delhi,Normal,Male,Soap,Personal Care,9,38.34,Card,3.1,345.06
INV7364,2026-03-15,B,Delhi,Member,Male,Eggs,Dairy,7,92.89,UPI,3.2,650.23
INV7365,2026-01-11,B,Delhi,Member,Female,Eggs,Dairy,6,88.56,Card,3.7,531.36
INV7366,2026-02-21,D,Bengaluru,Normal,Female,Shampoo,Personal Care,10,181.6,Cash,4.4,1816.0
INV7367,2026-04-05,D,Bengaluru,Member,Female,Cold Drink,Beverages,9,72.22,Cash,4.3,649.98
INV7368,2026-03-17,A,Jaipur,Member,Female,Shampoo,Personal Care,2,207.14,Cash,3.5,414.28
INV7369,2026-06-29,C,Mumbai,Normal,Female,Milk,Dairy,9,57.67,Cash,3.3,519.03
INV7370,2026-03-18,D,Bengaluru,Member,Male,Chocolate,Snacks,1,57.21,UPI,4.8,57.21
INV7371,2026-03-19,D,Bengaluru,Member,Female,Soap,Personal Care,10,44.62,UPI,3.7,446.2
INV7372,2026-05-21,D,Bengaluru,Normal,Male,Cold Drink,Beverages,4,64.74,UPI,4.3,258.96
INV7373,2026-02-06,C,Mumbai,Member,Male,Cooking Oil,Grocery,1,165.04,Net Banking,4.8,165.04
INV7374,2026-05-22,A,Jaipur,Member,Male,Biscuits,Snacks,9,34.54,Cash,3.5,310.86
INV7375,2026-04-13,A,Jaipur,Normal,Male,Eggs,Dairy,3,91.44,Cash,3.7,274.32
INV7376,2026-02-28,C,Mumbai,Member,Female,Noodles,Grocery,6,52.93,Cash,4.1,317.58
INV7377,2026-06-23,A,Jaipur,Member,Female,Eggs,Dairy,6,90.2,Card,3.9,541.2
INV7378,2026-02-21,B,Delhi,Member,Female,Face Wash,Personal Care,9,131.14,Card,3.6,1180.26
INV7379,2026-04-28,C,Mumbai,Normal,Female,Noodles,Grocery,9,50.76,Net Banking,3.7,456.84
INV7380,2026-05-01,A,Jaipur,Normal,Female,Cheese,Dairy,3,226.76,Net Banking,4.6,680.28
INV7381,2026-02-12,B,Delhi,Normal,Male,Cooking Oil,Grocery,6,140.49,Card,4.6,842.94
INV7382,2026-02-27,D,Bengaluru,Normal,Female,Cheese,Dairy,8,229.67,Card,4.3,1837.36
INV7383,2026-06-19,D,Bengaluru,Member,Female,Cold Drink,Beverages,5,54.55,UPI,5.0,272.75
INV7384,2026-05-11,C,Mumbai,Member,Female,Rice,Grocery,7,64.76,UPI,3.1,453.32
INV7385,2026-06-27,B,Delhi,Normal,Male,Noodles,Grocery,10,47.85,Card,4.9,478.5
INV7386,2026-05-24,C,Mumbai,Normal,Male,Chips,Snacks,9,38.78,Cash,4.8,349.02
INV7387,2026-06-30,C,Mumbai,Normal,Female,Cold Drink,Beverages,5,73.78,Card,3.3,368.9
INV7388,2026-02-19,C,Mumbai,Member,Male,Noodles,Grocery,10,59.53,UPI,4.8,595.3
INV7389,2026-04-09,D,Bengaluru,Member,Male,Cooking Oil,Grocery,7,130.1,Net Banking,4.7,910.7
INV7390,2026-05-09,A,Jaipur,Member,Male,Rice,Grocery,5,62.15,Card,3.5,310.75
INV7391,2026-03-06,D,Bengaluru,Member,Male,Chips,Snacks,2,33.28,Card,3.2,66.56
INV7392,2026-03-10,B,Delhi,Normal,Female,Bread,Bakery,9,37.94,Cash,4.6,341.46
INV7393,2026-05-03,B,Delhi,Member,Female,Cheese,Dairy,5,243.53,Net Banking,4.9,1217.65
INV7394,2026-05-16,A,Jaipur,Member,Male,Milk,Dairy,1,47.34,Cash,4.6,47.34
INV7395,2026-04-24,A,Jaipur,Normal,Male,Face Wash,Personal Care,9,108.46,Net Banking,4.7,976.14
INV7396,2026-02-17,A,Jaipur,Normal,Male,Shampoo,Personal Care,4,210.88,Cash,3.8,843.52
INV7397,2026-05-16,A,Jaipur,Member,Male,Bananas,Fruits,7,66.49,Net Banking,4.6,465.43
INV7398,2026-06-20,B,Delhi,Member,Male,Face Wash,Personal Care,9,116.1,Card,4.7,1044.9
INV7399,2026-02-11,B,Delhi,Member,Male,Tomato,Vegetables,4,48.73,Card,4.6,194.92
INV7400,2026-02-01,D,Bengaluru,Normal,Female,Tea,Beverages,9,124.14,Card,3.6,1117.26
INV7401,2026-01-27,A,Jaipur,Normal,Male,Bread,Bakery,7,34.45,UPI,3.7,241.15
INV7402,2026-06-05,C,Mumbai,Normal,Female,Shampoo,Personal Care,10,192.02,Net Banking,3.1,1920.2
INV7403,2026-02-19,D,Bengaluru,Normal,Female,Bananas,Fruits,5,52.75,Net Banking,3.3,263.75
INV7404,2026-04-16,C,Mumbai,Normal,Female,Face Wash,Personal Care,8,136.01,Cash,3.9,1088.08
INV7405,2026-02-25,B,Delhi,Member,Male,Tea,Beverages,6,140.72,UPI,4.1,844.32
INV7406,2026-04-03,C,Mumbai,Member,Male,Eggs,Dairy,3,90.0,Cash,4.2,270.0
INV7407,2026-01-31,B,Delhi,Member,Female,Tomato,Vegetables,10,43.45,UPI,4.8,434.5
INV7408,2026-02-19,B,Delhi,Member,Female,Soap,Personal Care,10,38.45,Cash,3.3,384.5
INV7409,2026-02-01,B,Delhi,Member,Male,Tomato,Vegetables,5,52.37,UPI,3.4,261.85
INV7410,2026-04-01,D,Bengaluru,Member,Male,Bread,Bakery,7,37.45,Cash,4.0,262.15
INV7411,2026-05-30,B,Delhi,Member,Male,Cheese,Dairy,9,226.79,Cash,4.4,2041.11
INV7412,2026-03-14,C,Mumbai,Normal,Male,Cooking Oil,Grocery,10,142.63,UPI,3.4,1426.3
INV7413,2026-06-27,C,Mumbai,Member,Male,Apples,Fruits,4,124.84,Net Banking,3.4,499.36
INV7414,2026-02-20,D,Bengaluru,Normal,Female,Tea,Beverages,6,131.14,Cash,3.6,786.84
INV7415,2026-06-28,D,Bengaluru,Member,Male,Cold Drink,Beverages,9,76.07,UPI,4.0,684.63
INV7416,2026-05-30,B,Delhi,Member,Female,Biscuits,Snacks,7,27.62,UPI,3.8,193.34
INV7417,2026-03-30,A,Jaipur,Normal,Female,Chocolate,Snacks,2,50.95,Net Banking,3.7,101.9
INV7418,2026-04-16,C,Mumbai,Normal,Female,Rice,Grocery,3,80.47,Net Banking,4.9,241.41
INV7419,2026-05-03,C,Mumbai,Member,Female,Cheese,Dairy,2,215.04,Net Banking,4.6,430.08
INV7420,2026-05-08,D,Bengaluru,Member,Male,Potato,Vegetables,3,35.15,Net Banking,4.9,105.45
INV7421,2026-04-05,C,Mumbai,Member,Female,Chips,Snacks,7,35.16,Cash,4.8,246.12
INV7422,2026-01-23,C,Mumbai,Member,Female,Rice,Grocery,2,80.01,Cash,5.0,160.02
INV7423,2026-06-07,C,Mumbai,Member,Male,Apples,Fruits,8,143.82,Card,4.7,1150.56
INV7424,2026-01-05,C,Mumbai,Normal,Male,Potato,Vegetables,7,29.75,Cash,3.0,208.25
INV7425,2026-05-25,C,Mumbai,Normal,Female,Cheese,Dairy,8,217.19,Card,3.9,1737.52
INV7426,2026-06-05,A,Jaipur,Normal,Male,Cheese,Dairy,9,221.25,Card,3.0,1991.25
INV7427,2026-01-02,B,Delhi,Member,Male,Noodles,Grocery,10,57.47,Cash,3.8,574.7
INV7428,2026-06-08,C,Mumbai,Member,Male,Cheese,Dairy,3,188.23,Card,3.8,564.69
INV7429,2026-05-22,C,Mumbai,Normal,Male,Eggs,Dairy,4,79.61,Net Banking,4.6,318.44
INV7430,2026-05-04,D,Bengaluru,Normal,Male,Chocolate,Snacks,5,46.98,Card,4.1,234.9
INV7431,2026-06-07,C,Mumbai,Member,Female,Eggs,Dairy,5,91.05,Cash,3.7,455.25
INV7432,2026-02-14,C,Mumbai,Member,Male,Chocolate,Snacks,10,52.76,UPI,3.4,527.6
INV7433,2026-03-05,B,Delhi,Member,Male,Bread,Bakery,4,41.47,Cash,4.5,165.88
INV7434,2026-03-31,D,Bengaluru,Member,Male,Cooking Oil,Grocery,9,139.44,UPI,4.0,1254.96
INV7435,2026-05-18,C,Mumbai,Member,Male,Shampoo,Personal Care,2,201.68,UPI,4.3,403.36
INV7436,2026-06-21,C,Mumbai,Normal,Female,Cooking Oil,Grocery,6,176.67,Card,4.3,1060.02
INV7437,2026-06-19,C,Mumbai,Normal,Male,Soap,Personal Care,9,49.34,Card,3.3,444.06
INV7438,2026-05-26,D,Bengaluru,Member,Female,Bananas,Fruits,9,51.88,UPI,4.8,466.92
INV7439,2026-02-13,D,Bengaluru,Member,Male,Chips,Snacks,4,29.89,Card,3.5,119.56
INV7440,2026-02-18,B,Delhi,Member,Female,Tomato,Vegetables,4,47.05,Net Banking,4.3,188.2
INV7441,2026-06-29,B,Delhi,Member,Male,Cheese,Dairy,5,235.08,Cash,5.0,1175.4
INV7442,2026-05-13,C,Mumbai,Member,Male,Cold Drink,Beverages,5,68.73,Card,3.1,343.65
INV7443,2026-05-12,C,Mumbai,Member,Female,Bananas,Fruits,8,55.6,UPI,3.1,444.8
INV7444,2026-02-17,C,Mumbai,Member,Male,Cheese,Dairy,6,235.25,UPI,4.5,1411.5
INV7445,2026-01-19,B,Delhi,Member,Female,Tomato,Vegetables,6,48.4,Cash,4.7,290.4
INV7446,2026-01-05,C,Mumbai,Normal,Male,Shampoo,Personal Care,8,164.22,Card,3.4,1313.76
INV7447,2026-04-19,A,Jaipur,Member,Female,Face Wash,Personal Care,3,129.86,Card,4.5,389.58
INV7448,2026-06-19,C,Mumbai,Normal,Female,Cooking Oil,Grocery,7,141.5,UPI,4.7,990.5
INV7449,2026-05-21,C,Mumbai,Normal,Male,Bread,Bakery,8,43.05,Cash,3.1,344.4
INV7450,2026-03-27,B,Delhi,Member,Female,Tomato,Vegetables,6,43.31,UPI,3.0,259.86
INV7451,2026-05-17,B,Delhi,Member,Male,Soap,Personal Care,2,43.42,Cash,4.1,86.84
INV7452,2026-03-18,B,Delhi,Normal,Female,Soap,Personal Care,8,52.21,Card,4.7,417.68
INV7453,2026-01-18,B,Delhi,Member,Male,Chocolate,Snacks,7,57.96,Card,4.4,405.72
INV7454,2026-01-30,C,Mumbai,Member,Female,Cold Drink,Beverages,3,64.05,Cash,3.9,192.15
INV7455,2026-03-23,C,Mumbai,Member,Female,Cheese,Dairy,9,241.63,UPI,4.3,2174.67
INV7456,2026-02-08,B,Delhi,Normal,Male,Rice,Grocery,6,61.7,UPI,4.9,370.2
INV7457,2026-02-07,B,Delhi,Member,Female,Coffee,Beverages,10,196.47,UPI,4.3,1964.7
INV7458,2026-01-09,C,Mumbai,Normal,Male,Bananas,Fruits,3,50.36,Cash,3.0,151.08
INV7459,2026-02-16,C,Mumbai,Member,Male,Milk,Dairy,6,56.96,Cash,3.3,341.76
INV7460,2026-03-16,C,Mumbai,Member,Male,Biscuits,Snacks,8,33.27,UPI,4.6,266.16
INV7461,2026-06-25,B,Delhi,Normal,Male,Bread,Bakery,7,41.49,UPI,5.0,290.43
INV7462,2026-01-03,C,Mumbai,Normal,Male,Biscuits,Snacks,9,33.24,Cash,5.0,299.16
INV7463,2026-01-17,A,Jaipur,Normal,Male,Shampoo,Personal Care,7,161.88,Cash,3.2,1133.16
INV7464,2026-04-21,C,Mumbai,Member,Male,Chips,Snacks,3,29.84,UPI,3.2,89.52
INV7465,2026-02-09,C,Mumbai,Member,Male,Biscuits,Snacks,8,34.63,UPI,5.0,277.04
INV7466,2026-01-25,A,Jaipur,Normal,Male,Eggs,Dairy,7,96.58,Card,3.3,676.06
INV7467,2026-03-22,C,Mumbai,Normal,Male,Bananas,Fruits,9,53.64,Net Banking,3.4,482.76
INV7468,2026-04-30,B,Delhi,Member,Male,Eggs,Dairy,4,81.0,Cash,4.8,324.0
INV7469,2026-06-15,C,Mumbai,Member,Female,Tea,Beverages,1,122.53,Net Banking,5.0,122.53
INV7470,2026-06-10,A,Jaipur,Member,Male,Cooking Oil,Grocery,9,149.12,Cash,3.3,1342.08
INV7471,2026-06-29,A,Jaipur,Member,Male,Bread,Bakery,6,38.87,Card,3.1,233.22
INV7472,2026-02-03,D,Bengaluru,Member,Male,Soap,Personal Care,5,51.8,Cash,3.2,259.0
INV7473,2026-06-17,D,Bengaluru,Normal,Female,Rice,Grocery,9,68.72,Cash,4.4,618.48
INV7474,2026-03-01,B,Delhi,Member,Male,Bread,Bakery,10,37.39,Net Banking,4.7,373.9
INV7475,2026-02-02,D,Bengaluru,Member,Male,Soap,Personal Care,3,39.91,Card,4.5,119.73
INV7476,2026-01-16,C,Mumbai,Member,Male,Milk,Dairy,4,46.24,Card,4.2,184.96
INV7477,2026-01-07,B,Delhi,Normal,Female,Cheese,Dairy,6,249.94,Card,4.4,1499.64
INV7478,2026-01-06,D,Bengaluru,Normal,Male,Chocolate,Snacks,10,58.31,Card,3.8,583.1
INV7479,2026-05-23,C,Mumbai,Member,Female,Bread,Bakery,8,44.67,Cash,3.2,357.36
INV7480,2026-02-05,B,Delhi,Member,Male,Potato,Vegetables,2,32.43,Net Banking,3.7,64.86
INV7481,2026-01-10,A,Jaipur,Normal,Male,Coffee,Beverages,7,197.3,Card,4.7,1381.1
INV7482,2026-04-28,A,Jaipur,Member,Female,Apples,Fruits,5,119.26,UPI,4.3,596.3
INV7483,2026-05-23,D,Bengaluru,Normal,Female,Soap,Personal Care,2,43.73,Card,4.6,87.46
INV7484,2026-03-20,D,Bengaluru,Normal,Female,Chips,Snacks,4,32.34,Net Banking,4.9,129.36
INV7485,2026-01-22,D,Bengaluru,Normal,Male,Noodles,Grocery,1,63.94,Net Banking,4.4,63.94
INV7486,2026-02-06,B,Delhi,Member,Female,Soap,Personal Care,6,41.48,Net Banking,4.2,248.88
INV7487,2026-05-01,B,Delhi,Normal,Female,Eggs,Dairy,8,90.42,Net Banking,3.3,723.36
INV7488,2026-03-08,C,Mumbai,Member,Male,Cold Drink,Beverages,6,55.88,UPI,3.4,335.28
INV7489,2026-03-28,B,Delhi,Normal,Male,Soap,Personal Care,3,43.0,Card,3.7,129.0
INV7490,2026-06-03,D,Bengaluru,Normal,Male,Potato,Vegetables,2,37.09,Cash,4.9,74.18
INV7491,2026-05-08,B,Delhi,Normal,Female,Coffee,Beverages,2,159.42,Cash,4.2,318.84
INV7492,2026-03-01,B,Delhi,Normal,Male,Cheese,Dairy,3,230.23,UPI,4.3,690.69
INV7493,2026-04-07,B,Delhi,Normal,Male,Milk,Dairy,8,52.49,Card,4.0,419.92
INV7494,2026-06-09,B,Delhi,Member,Female,Biscuits,Snacks,2,31.55,Card,4.5,63.1
INV7495,2026-03-30,A,Jaipur,Normal,Male,Rice,Grocery,8,80.8,Cash,3.7,646.4
INV7496,2026-02-28,C,Mumbai,Normal,Male,Bread,Bakery,2,46.7,UPI,3.6,93.4
INV7497,2026-02-20,D,Bengaluru,Member,Female,Chocolate,Snacks,1,42.24,Cash,4.9,42.24
INV7498,2026-03-19,C,Mumbai,Member,Female,Chips,Snacks,6,39.82,UPI,3.9,238.92
INV7499,2026-03-20,D,Bengaluru,Normal,Female,Eggs,Dairy,8,93.52,Net Banking,3.5,748.16
INV7500,2026-01-21,B,Delhi,Member,Female,Cold Drink,Beverages,2,62.32,Card,3.9,124.64
INV7501,2026-02-12,A,Jaipur,Normal,Female,Tomato,Vegetables,8,47.6,Card,4.6,380.8
INV7502,2026-03-12,B,Delhi,Normal,Male,Tomato,Vegetables,5,50.26,Card,5.0,251.3
INV7503,2026-02-04,B,Delhi,Normal,Female,Soap,Personal Care,4,52.29,Card,4.4,209.16
INV7504,2026-06-01,C,Mumbai,Member,Female,Potato,Vegetables,8,38.31,Card,4.5,306.48
INV7505,2026-03-26,D,Bengaluru,Normal,Male,Coffee,Beverages,3,182.34,Card,4.5,547.02
INV7506,2026-05-02,D,Bengaluru,Member,Female,Rice,Grocery,6,80.6,Net Banking,4.0,483.6
INV7507,2026-04-18,D,Bengaluru,Normal,Female,Rice,Grocery,2,61.56,Card,4.8,123.12
INV7508,2026-03-04,A,Jaipur,Normal,Male,Chips,Snacks,5,31.67,Net Banking,5.0,158.35
INV7509,2026-03-31,C,Mumbai,Member,Male,Bananas,Fruits,5,67.77,Card,4.1,338.85
INV7510,2026-04-04,D,Bengaluru,Normal,Male,Chips,Snacks,4,34.09,Card,4.6,136.36
INV7511,2026-01-21,C,Mumbai,Normal,Male,Noodles,Grocery,5,63.17,UPI,4.2,315.85
INV7512,2026-02-16,B,Delhi,Member,Male,Coffee,Beverages,2,175.4,Card,3.6,350.8
INV7513,2026-01-23,D,Bengaluru,Member,Male,Rice,Grocery,9,67.41,Cash,3.5,606.69
INV7514,2026-02-21,D,Bengaluru,Normal,Female,Biscuits,Snacks,10,30.72,UPI,3.1,307.2
INV7515,2026-04-05,B,Delhi,Normal,Male,Coffee,Beverages,7,153.84,UPI,3.8,1076.88
INV7516,2026-01-16,C,Mumbai,Member,Male,Apples,Fruits,7,161.3,UPI,3.4,1129.1
INV7517,2026-02-17,A,Jaipur,Normal,Male,Shampoo,Personal Care,4,199.21,Cash,4.5,796.84
INV7518,2026-03-18,A,Jaipur,Normal,Male,Potato,Vegetables,3,36.9,Net Banking,4.1,110.7
INV7519,2026-04-12,B,Delhi,Member,Female,Apples,Fruits,8,133.49,UPI,4.8,1067.92
INV7520,2026-04-04,C,Mumbai,Member,Male,Bread,Bakery,10,37.98,UPI,3.9,379.8
INV7521,2026-02-10,A,Jaipur,Normal,Female,Potato,Vegetables,9,35.33,UPI,4.3,317.97
INV7522,2026-06-04,C,Mumbai,Member,Female,Cooking Oil,Grocery,9,152.52,Card,3.5,1372.68
INV7523,2026-01-07,C,Mumbai,Member,Male,Bananas,Fruits,10,60.83,Net Banking,3.9,608.3
INV7524,2026-03-30,C,Mumbai,Member,Female,Bananas,Fruits,1,62.2,Cash,3.7,62.2
INV7525,2026-03-01,B,Delhi,Normal,Male,Bananas,Fruits,3,52.94,Cash,4.1,158.82
INV7526,2026-06-22,A,Jaipur,Normal,Female,Chips,Snacks,6,31.5,Net Banking,4.5,189.0
INV7527,2026-01-17,B,Delhi,Member,Female,Apples,Fruits,10,162.61,Net Banking,3.6,1626.1
INV7528,2026-06-07,C,Mumbai,Member,Female,Shampoo,Personal Care,1,168.78,Net Banking,3.4,168.78
INV7529,2026-04-11,B,Delhi,Normal,Female,Bread,Bakery,9,33.66,Card,3.1,302.94
INV7530,2026-05-22,B,Delhi,Normal,Male,Milk,Dairy,2,48.47,UPI,4.9,96.94
INV7531,2026-01-11,C,Mumbai,Normal,Female,Cheese,Dairy,6,248.5,Card,4.8,1491.0
INV7532,2026-01-25,A,Jaipur,Normal,Male,Potato,Vegetables,8,40.95,Net Banking,3.5,327.6
INV7533,2026-06-03,A,Jaipur,Member,Female,Apples,Fruits,6,132.5,Card,4.2,795.0
INV7534,2026-01-07,C,Mumbai,Member,Male,Soap,Personal Care,9,40.47,Cash,5.0,364.23
INV7535,2026-02-27,C,Mumbai,Normal,Female,Noodles,Grocery,2,58.95,Card,4.2,117.9
INV7536,2026-03-18,B,Delhi,Normal,Male,Biscuits,Snacks,6,30.84,Net Banking,3.9,185.04
INV7537,2026-04-28,C,Mumbai,Member,Female,Tomato,Vegetables,6,48.8,UPI,3.9,292.8
INV7538,2026-06-16,B,Delhi,Normal,Male,Soap,Personal Care,8,51.16,Card,4.9,409.28
INV7539,2026-04-16,D,Bengaluru,Normal,Male,Chips,Snacks,10,35.5,Net Banking,4.7,355.0
INV7540,2026-05-02,C,Mumbai,Member,Female,Biscuits,Snacks,9,29.93,Card,4.5,269.37
INV7541,2026-05-23,D,Bengaluru,Member,Female,Biscuits,Snacks,8,30.43,Cash,3.9,243.44
INV7542,2026-03-30,D,Bengaluru,Normal,Female,Shampoo,Personal Care,6,166.03,Card,4.9,996.18
INV7543,2026-01-16,D,Bengaluru,Normal,Female,Cold Drink,Beverages,8,64.56,Card,4.6,516.48
INV7544,2026-03-02,C,Mumbai,Normal,Female,Face Wash,Personal Care,1,127.77,UPI,4.2,127.77
INV7545,2026-05-16,B,Delhi,Member,Male,Coffee,Beverages,9,158.39,Card,3.3,1425.51
INV7546,2026-06-19,C,Mumbai,Normal,Male,Cold Drink,Beverages,5,67.2,Card,4.6,336.0
INV7547,2026-05-30,D,Bengaluru,Member,Female,Apples,Fruits,7,164.06,Cash,5.0,1148.42
INV7548,2026-01-17,D,Bengaluru,Normal,Female,Coffee,Beverages,4,199.32,Cash,3.8,797.28
INV7549,2026-03-11,A,Jaipur,Normal,Female,Coffee,Beverages,8,203.7,Cash,4.3,1629.6
INV7550,2026-05-29,D,Bengaluru,Member,Female,Coffee,Beverages,7,200.75,UPI,4.1,1405.25
INV7551,2026-03-13,D,Bengaluru,Member,Female,Cooking Oil,Grocery,1,137.4,Cash,4.7,137.4
INV7552,2026-03-25,B,Delhi,Normal,Male,Bread,Bakery,5,44.67,Cash,3.0,223.35
INV7553,2026-02-04,D,Bengaluru,Member,Male,Potato,Vegetables,5,29.95,Card,4.0,149.75
INV7554,2026-04-04,C,Mumbai,Normal,Male,Shampoo,Personal Care,2,188.52,Card,4.0,377.04
INV7555,2026-01-23,B,Delhi,Member,Female,Cheese,Dairy,4,249.03,UPI,3.9,996.12
INV7556,2026-05-08,D,Bengaluru,Member,Female,Cheese,Dairy,10,224.67,Cash,3.1,2246.7
INV7557,2026-06-15,C,Mumbai,Normal,Female,Noodles,Grocery,2,60.01,Net Banking,3.2,120.02
INV7558,2026-05-12,A,Jaipur,Member,Male,Coffee,Beverages,3,185.17,Card,4.9,555.51
INV7559,2026-05-15,D,Bengaluru,Normal,Female,Milk,Dairy,5,57.93,Net Banking,3.5,289.65
INV7560,2026-04-26,C,Mumbai,Member,Female,Soap,Personal Care,7,49.45,Net Banking,5.0,346.15
INV7561,2026-06-21,C,Mumbai,Member,Female,Face Wash,Personal Care,5,102.44,Cash,3.6,512.2
INV7562,2026-06-28,D,Bengaluru,Normal,Male,Soap,Personal Care,6,52.1,Net Banking,3.6,312.6
INV7563,2026-05-13,D,Bengaluru,Normal,Male,Tea,Beverages,4,129.7,UPI,3.1,518.8
INV7564,2026-01-03,B,Delhi,Member,Male,Tomato,Vegetables,3,41.04,UPI,4.7,123.12
INV7565,2026-06-16,B,Delhi,Normal,Male,Milk,Dairy,9,51.59,Card,3.7,464.31
INV7566,2026-01-12,D,Bengaluru,Normal,Male,Rice,Grocery,6,77.59,Net Banking,4.7,465.54
INV7567,2026-03-29,A,Jaipur,Normal,Male,Shampoo,Personal Care,5,193.36,UPI,4.4,966.8
INV7568,2026-02-28,A,Jaipur,Normal,Female,Cheese,Dairy,2,215.79,UPI,4.0,431.58
INV7569,2026-03-03,D,Bengaluru,Member,Female,Cheese,Dairy,8,187.58,Net Banking,4.7,1500.64
INV7570,2026-04-05,B,Delhi,Normal,Female,Milk,Dairy,5,58.68,UPI,4.5,293.4
INV7571,2026-05-09,B,Delhi,Member,Male,Chocolate,Snacks,9,53.41,Net Banking,3.5,480.69
INV7572,2026-03-26,B,Delhi,Normal,Male,Chocolate,Snacks,4,49.84,UPI,4.7,199.36
INV7573,2026-04-19,B,Delhi,Normal,Male,Bananas,Fruits,5,66.19,Net Banking,4.4,330.95
INV7574,2026-05-05,B,Delhi,Normal,Male,Face Wash,Personal Care,7,137.27,UPI,5.0,960.89
INV7575,2026-01-10,C,Mumbai,Normal,Female,Tomato,Vegetables,10,47.79,UPI,3.2,477.9
INV7576,2026-06-16,C,Mumbai,Member,Female,Chips,Snacks,7,38.37,UPI,4.0,268.59
INV7577,2026-02-28,C,Mumbai,Normal,Male,Noodles,Grocery,1,56.21,Cash,4.3,56.21
INV7578,2026-03-01,A,Jaipur,Normal,Male,Milk,Dairy,8,57.04,Cash,4.2,456.32
INV7579,2026-04-10,D,Bengaluru,Member,Male,Coffee,Beverages,6,188.83,UPI,4.1,1132.98
INV7580,2026-03-22,A,Jaipur,Normal,Female,Milk,Dairy,9,52.47,Cash,4.7,472.23
INV7581,2026-01-04,B,Delhi,Normal,Male,Coffee,Beverages,2,170.37,Net Banking,4.5,340.74
INV7582,2026-05-08,B,Delhi,Normal,Female,Eggs,Dairy,8,86.92,Cash,3.9,695.36
INV7583,2026-04-04,D,Bengaluru,Normal,Female,Cold Drink,Beverages,5,65.83,Card,4.6,329.15
INV7584,2026-06-27,C,Mumbai,Member,Male,Cheese,Dairy,4,250.5,Card,4.4,1002.0
INV7585,2026-05-02,A,Jaipur,Member,Male,Cold Drink,Beverages,1,55.89,UPI,3.5,55.89
INV7586,2026-04-23,A,Jaipur,Member,Male,Coffee,Beverages,1,207.1,Cash,3.5,207.1
INV7587,2026-04-06,C,Mumbai,Member,Female,Eggs,Dairy,1,88.89,Card,3.0,88.89
INV7588,2026-03-15,A,Jaipur,Normal,Female,Cooking Oil,Grocery,5,169.72,UPI,4.6,848.6
INV7589,2026-01-26,C,Mumbai,Normal,Female,Bananas,Fruits,4,68.16,Card,4.1,272.64
INV7590,2026-01-24,A,Jaipur,Member,Female,Face Wash,Personal Care,9,139.57,UPI,4.6,1256.13
INV7591,2026-02-05,D,Bengaluru,Normal,Female,Tomato,Vegetables,2,45.49,Card,4.6,90.98
INV7592,2026-01-23,A,Jaipur,Normal,Female,Coffee,Beverages,9,183.91,Card,3.3,1655.19
INV7593,2026-06-03,D,Bengaluru,Member,Male,Bananas,Fruits,6,69.26,Cash,3.7,415.56
INV7594,2026-03-26,D,Bengaluru,Member,Male,Coffee,Beverages,8,165.13,UPI,4.4,1321.04
INV7595,2026-06-03,B,Delhi,Member,Male,Bananas,Fruits,5,60.41,Card,3.0,302.05
INV7596,2026-05-23,A,Jaipur,Normal,Female,Cold Drink,Beverages,3,62.69,UPI,4.3,188.07
INV7597,2026-05-01,B,Delhi,Normal,Male,Coffee,Beverages,6,186.56,Cash,3.4,1119.36
INV7598,2026-06-29,B,Delhi,Normal,Male,Face Wash,Personal Care,7,108.78,Card,3.3,761.46
INV7599,2026-05-08,D,Bengaluru,Normal,Male,Milk,Dairy,7,60.49,Net Banking,3.5,423.43
INV7600,2026-01-03,B,Delhi,Normal,Female,Cold Drink,Beverages,9,64.23,Net Banking,4.2,578.07
INV7601,2026-01-16,D,Bengaluru,Normal,Male,Eggs,Dairy,8,92.9,Net Banking,4.2,743.2
INV7602,2026-05-18,B,Delhi,Member,Male,Tea,Beverages,6,116.96,UPI,4.1,701.76
INV7603,2026-05-25,A,Jaipur,Member,Female,Eggs,Dairy,8,94.23,Cash,4.6,753.84
INV7604,2026-01-09,D,Bengaluru,Member,Male,Cheese,Dairy,2,199.26,UPI,3.3,398.52
INV7605,2026-03-29,B,Delhi,Member,Male,Soap,Personal Care,9,49.65,UPI,4.4,446.85
INV7606,2026-05-26,D,Bengaluru,Normal,Female,Cold Drink,Beverages,10,65.38,Net Banking,4.2,653.8
INV7607,2026-03-28,A,Jaipur,Member,Male,Rice,Grocery,5,80.99,Cash,3.9,404.95
INV7608,2026-01-06,B,Delhi,Member,Female,Apples,Fruits,10,141.46,Card,3.7,1414.6
INV7609,2026-05-08,D,Bengaluru,Member,Female,Bread,Bakery,7,43.69,UPI,3.1,305.83
INV7610,2026-03-18,B,Delhi,Member,Male,Rice,Grocery,10,69.12,Net Banking,5.0,691.2
INV7611,2026-06-16,A,Jaipur,Normal,Female,Face Wash,Personal Care,8,122.42,UPI,4.0,979.36
INV7612,2026-01-25,D,Bengaluru,Member,Male,Cooking Oil,Grocery,2,137.16,UPI,3.0,274.32
INV7613,2026-06-03,A,Jaipur,Normal,Male,Shampoo,Personal Care,7,203.5,Cash,3.5,1424.5
INV7614,2026-04-13,C,Mumbai,Member,Male,Cheese,Dairy,10,239.43,Card,3.9,2394.3
INV7615,2026-03-14,C,Mumbai,Normal,Male,Eggs,Dairy,4,98.59,UPI,3.3,394.36
INV7616,2026-02-06,D,Bengaluru,Member,Male,Biscuits,Snacks,10,34.99,UPI,3.1,349.9
INV7617,2026-04-19,B,Delhi,Normal,Female,Noodles,Grocery,4,49.68,Card,3.9,198.72
INV7618,2026-02-16,C,Mumbai,Normal,Female,Potato,Vegetables,1,39.71,Cash,3.8,39.71
INV7619,2026-06-08,C,Mumbai,Normal,Male,Face Wash,Personal Care,5,140.3,UPI,4.6,701.5
INV7620,2026-04-11,B,Delhi,Member,Female,Face Wash,Personal Care,4,104.35,Cash,3.9,417.4
INV7621,2026-04-02,A,Jaipur,Member,Male,Cheese,Dairy,7,243.5,Cash,3.3,1704.5
INV7622,2026-02-22,A,Jaipur,Member,Male,Bread,Bakery,10,37.48,UPI,3.0,374.8
INV7623,2026-04-26,C,Mumbai,Normal,Male,Potato,Vegetables,7,29.92,Card,3.8,209.44
INV7624,2026-06-29,D,Bengaluru,Normal,Male,Potato,Vegetables,6,29.93,UPI,3.5,179.58
INV7625,2026-05-25,C,Mumbai,Normal,Female,Eggs,Dairy,5,88.55,UPI,4.1,442.75
INV7626,2026-02-07,C,Mumbai,Member,Male,Cheese,Dairy,2,234.7,Net Banking,3.7,469.4
INV7627,2026-05-07,C,Mumbai,Member,Male,Chips,Snacks,5,38.0,Card,4.6,190.0
INV7628,2026-06-07,C,Mumbai,Normal,Male,Cheese,Dairy,3,254.3,Net Banking,3.4,762.9
INV7629,2026-04-11,B,Delhi,Member,Male,Tomato,Vegetables,8,40.87,Card,3.7,326.96
INV7630,2026-03-24,B,Delhi,Normal,Female,Apples,Fruits,8,121.51,UPI,4.3,972.08
INV7631,2026-02-13,D,Bengaluru,Member,Male,Noodles,Grocery,1,47.42,Cash,4.2,47.42
INV7632,2026-02-06,D,Bengaluru,Normal,Female,Soap,Personal Care,7,49.96,Net Banking,3.1,349.72
INV7633,2026-04-08,C,Mumbai,Normal,Female,Chips,Snacks,1,34.24,Net Banking,3.7,34.24
INV7634,2026-06-09,D,Bengaluru,Normal,Female,Bread,Bakery,10,34.26,Net Banking,4.0,342.6
INV7635,2026-05-21,A,Jaipur,Member,Female,Apples,Fruits,1,120.59,Net Banking,3.3,120.59
INV7636,2026-02-09,D,Bengaluru,Member,Male,Chips,Snacks,5,35.71,Card,4.9,178.55
INV7637,2026-05-09,A,Jaipur,Normal,Female,Potato,Vegetables,5,30.05,Cash,4.4,150.25
INV7638,2026-01-12,B,Delhi,Member,Female,Cheese,Dairy,4,206.34,Cash,4.6,825.36
INV7639,2026-06-05,A,Jaipur,Member,Female,Cooking Oil,Grocery,3,142.13,UPI,4.3,426.39
INV7640,2026-04-05,C,Mumbai,Normal,Female,Chips,Snacks,5,39.67,UPI,3.1,198.35
INV7641,2026-03-14,B,Delhi,Member,Female,Shampoo,Personal Care,6,210.42,Net Banking,4.7,1262.52
INV7642,2026-02-08,B,Delhi,Member,Male,Tomato,Vegetables,6,47.32,UPI,4.5,283.92
INV7643,2026-01-08,B,Delhi,Member,Male,Cheese,Dairy,7,196.08,UPI,3.8,1372.56
INV7644,2026-02-04,C,Mumbai,Member,Female,Shampoo,Personal Care,4,209.65,Card,4.1,838.6
INV7645,2026-02-16,C,Mumbai,Normal,Female,Tea,Beverages,7,111.77,UPI,3.1,782.39
INV7646,2026-05-08,B,Delhi,Member,Male,Coffee,Beverages,8,157.92,UPI,4.0,1263.36
INV7647,2026-01-24,C,Mumbai,Member,Female,Cooking Oil,Grocery,1,130.24,UPI,3.9,130.24
INV7648,2026-04-03,A,Jaipur,Member,Male,Milk,Dairy,5,59.53,Cash,3.6,297.65
INV7649,2026-03-15,C,Mumbai,Normal,Female,Tea,Beverages,6,104.3,Cash,4.7,625.8
INV7650,2026-03-03,D,Bengaluru,Normal,Female,Chips,Snacks,6,32.11,UPI,4.9,192.66
INV7651,2026-03-02,B,Delhi,Normal,Male,Bananas,Fruits,3,50.07,Net Banking,3.7,150.21
INV7652,2026-02-16,D,Bengaluru,Member,Female,Tea,Beverages,7,113.5,Cash,3.7,794.5
INV7653,2026-03-13,B,Delhi,Normal,Female,Bread,Bakery,6,36.27,Card,4.4,217.62
INV7654,2026-01-11,A,Jaipur,Member,Male,Face Wash,Personal Care,10,123.62,Card,4.2,1236.2
INV7655,2026-06-27,A,Jaipur,Normal,Female,Eggs,Dairy,5,88.41,Card,4.1,442.05
INV7656,2026-06-22,C,Mumbai,Normal,Male,Milk,Dairy,10,62.78,UPI,3.4,627.8
INV7657,2026-02-24,D,Bengaluru,Member,Female,Tomato,Vegetables,4,41.15,Net Banking,4.5,164.6
INV7658,2026-02-27,D,Bengaluru,Normal,Male,Coffee,Beverages,9,189.99,Card,3.1,1709.91
INV7659,2026-01-29,A,Jaipur,Normal,Female,Chips,Snacks,3,40.9,Net Banking,4.5,122.7
INV7660,2026-05-02,D,Bengaluru,Normal,Male,Potato,Vegetables,2,30.09,Card,4.0,60.18
INV7661,2026-02-06,B,Delhi,Normal,Male,Cooking Oil,Grocery,2,153.81,Net Banking,3.7,307.62
INV7662,2026-02-10,B,Delhi,Normal,Male,Noodles,Grocery,9,63.52,UPI,4.5,571.68
INV7663,2026-01-24,C,Mumbai,Member,Female,Noodles,Grocery,4,49.81,UPI,3.7,199.24
INV7664,2026-04-03,C,Mumbai,Member,Female,Chips,Snacks,5,32.97,Card,4.1,164.85
INV7665,2026-05-07,D,Bengaluru,Normal,Male,Potato,Vegetables,3,39.54,Card,4.8,118.62
INV7666,2026-05-12,D,Bengaluru,Member,Female,Rice,Grocery,5,60.1,Cash,3.6,300.5
INV7667,2026-05-22,C,Mumbai,Member,Male,Cooking Oil,Grocery,7,159.59,Card,4.3,1117.13
INV7668,2026-02-10,D,Bengaluru,Normal,Female,Chips,Snacks,6,37.44,Cash,3.5,224.64
INV7669,2026-06-19,A,Jaipur,Normal,Male,Bread,Bakery,5,46.69,Cash,4.8,233.45
INV7670,2026-04-12,D,Bengaluru,Member,Female,Tea,Beverages,4,130.29,UPI,4.2,521.16
INV7671,2026-06-20,D,Bengaluru,Normal,Female,Potato,Vegetables,9,32.94,UPI,4.7,296.46
INV7672,2026-06-14,B,Delhi,Member,Female,Chocolate,Snacks,8,58.47,Cash,3.1,467.76
INV7673,2026-06-05,C,Mumbai,Member,Female,Cold Drink,Beverages,7,66.32,Card,3.9,464.24
INV7674,2026-02-27,C,Mumbai,Normal,Female,Tea,Beverages,4,139.5,Cash,4.5,558.0
INV7675,2026-04-08,A,Jaipur,Normal,Female,Cheese,Dairy,8,254.93,Card,4.4,2039.44
INV7676,2026-06-17,A,Jaipur,Member,Female,Bread,Bakery,1,34.2,UPI,3.2,34.2
INV7677,2026-03-28,D,Bengaluru,Member,Female,Cold Drink,Beverages,6,75.49,Card,3.5,452.94
INV7678,2026-03-24,D,Bengaluru,Normal,Male,Coffee,Beverages,9,153.74,Cash,4.5,1383.66
INV7679,2026-01-27,D,Bengaluru,Normal,Male,Cold Drink,Beverages,6,55.24,Card,4.2,331.44
INV7680,2026-04-01,D,Bengaluru,Normal,Male,Biscuits,Snacks,8,26.74,Cash,4.6,213.92
INV7681,2026-03-28,C,Mumbai,Normal,Female,Soap,Personal Care,4,43.42,Card,4.7,173.68
INV7682,2026-06-22,B,Delhi,Normal,Female,Potato,Vegetables,4,37.78,Cash,4.0,151.12
INV7683,2026-06-18,C,Mumbai,Normal,Male,Cheese,Dairy,6,224.27,UPI,3.7,1345.62
INV7684,2026-06-09,A,Jaipur,Member,Male,Cheese,Dairy,1,211.37,Cash,3.2,211.37
INV7685,2026-01-09,C,Mumbai,Member,Male,Noodles,Grocery,7,64.67,UPI,3.4,452.69
INV7686,2026-05-20,A,Jaipur,Normal,Male,Tomato,Vegetables,4,42.41,Cash,3.0,169.64
INV7687,2026-05-17,A,Jaipur,Member,Male,Cooking Oil,Grocery,10,135.47,Cash,4.6,1354.7
INV7688,2026-05-09,C,Mumbai,Member,Male,Shampoo,Personal Care,5,197.41,Net Banking,3.6,987.05
INV7689,2026-01-04,D,Bengaluru,Member,Male,Milk,Dairy,9,48.78,Net Banking,4.0,439.02
INV7690,2026-04-16,D,Bengaluru,Member,Male,Tea,Beverages,5,128.62,Net Banking,4.5,643.1
INV7691,2026-02-21,C,Mumbai,Member,Male,Coffee,Beverages,7,154.71,Net Banking,4.3,1082.97
INV7692,2026-05-17,C,Mumbai,Member,Male,Rice,Grocery,2,74.21,Card,4.3,148.42
INV7693,2026-02-07,D,Bengaluru,Member,Female,Tea,Beverages,10,113.56,UPI,3.6,1135.6
INV7694,2026-01-16,A,Jaipur,Member,Female,Chips,Snacks,9,40.89,UPI,4.5,368.01
INV7695,2026-06-01,A,Jaipur,Normal,Female,Apples,Fruits,2,136.7,Net Banking,4.5,273.4
INV7696,2026-01-29,D,Bengaluru,Normal,Male,Cooking Oil,Grocery,7,141.86,Card,4.6,993.02
INV7697,2026-04-25,B,Delhi,Normal,Male,Chocolate,Snacks,3,49.61,Cash,4.9,148.83
INV7698,2026-06-21,D,Bengaluru,Normal,Female,Chips,Snacks,7,36.86,Cash,4.2,258.02
INV7699,2026-05-04,B,Delhi,Member,Female,Chocolate,Snacks,2,42.24,UPI,4.6,84.48
INV7700,2026-04-16,C,Mumbai,Normal,Male,Cold Drink,Beverages,6,58.0,UPI,5.0,348.0
INV7701,2026-01-24,B,Delhi,Normal,Female,Soap,Personal Care,2,41.23,Card,3.1,82.46
INV7702,2026-04-02,D,Bengaluru,Member,Female,Chocolate,Snacks,4,45.65,Cash,3.7,182.6
INV7703,2026-04-09,D,Bengaluru,Normal,Female,Potato,Vegetables,5,40.6,Card,4.2,203.0
INV7704,2026-04-14,D,Bengaluru,Normal,Female,Soap,Personal Care,9,43.01,Cash,4.6,387.09
INV7705,2026-04-10,D,Bengaluru,Member,Female,Tea,Beverages,8,123.12,Net Banking,4.1,984.96
INV7706,2026-01-22,A,Jaipur,Normal,Female,Coffee,Beverages,7,161.35,Net Banking,4.2,1129.45
INV7707,2026-03-29,D,Bengaluru,Normal,Female,Noodles,Grocery,1,61.14,Card,4.1,61.14
INV7708,2026-01-27,B,Delhi,Member,Female,Shampoo,Personal Care,1,193.67,UPI,4.9,193.67
INV7709,2026-03-23,D,Bengaluru,Member,Female,Cooking Oil,Grocery,4,147.74,Card,3.6,590.96
INV7710,2026-04-28,B,Delhi,Normal,Male,Tea,Beverages,8,119.9,Card,4.3,959.2
INV7711,2026-04-28,D,Bengaluru,Normal,Female,Cold Drink,Beverages,3,71.2,Cash,4.7,213.6
INV7712,2026-05-30,B,Delhi,Normal,Male,Soap,Personal Care,6,46.19,Cash,4.4,277.14
INV7713,2026-03-02,B,Delhi,Member,Male,Rice,Grocery,9,58.29,Cash,4.4,524.61
INV7714,2026-05-08,B,Delhi,Normal,Male,Tomato,Vegetables,10,45.97,Cash,3.8,459.7
INV7715,2026-04-10,C,Mumbai,Normal,Female,Apples,Fruits,7,165.13,UPI,4.2,1155.91
INV7716,2026-03-15,B,Delhi,Normal,Female,Bread,Bakery,10,46.62,UPI,4.6,466.2
INV7717,2026-06-24,D,Bengaluru,Normal,Female,Tea,Beverages,10,114.1,Net Banking,3.3,1141.0
INV7718,2026-06-21,C,Mumbai,Member,Female,Bread,Bakery,8,39.71,Card,3.4,317.68
INV7719,2026-05-13,C,Mumbai,Member,Female,Bananas,Fruits,3,54.76,Net Banking,4.2,164.28
INV7720,2026-04-15,C,Mumbai,Normal,Female,Cooking Oil,Grocery,5,157.41,Cash,4.4,787.05
INV7721,2026-05-26,B,Delhi,Normal,Female,Chocolate,Snacks,10,57.69,Card,4.4,576.9
INV7722,2026-03-16,A,Jaipur,Member,Female,Rice,Grocery,9,66.83,Cash,3.4,601.47
INV7723,2026-06-04,C,Mumbai,Member,Female,Rice,Grocery,6,62.39,Card,4.0,374.34
INV7724,2026-02-13,C,Mumbai,Member,Male,Rice,Grocery,7,61.61,UPI,3.9,431.27
INV7725,2026-01-01,C,Mumbai,Member,Female,Tea,Beverages,8,102.61,Cash,4.4,820.88
INV7726,2026-02-07,D,Bengaluru,Normal,Female,Apples,Fruits,10,152.13,Card,3.2,1521.3
INV7727,2026-02-13,C,Mumbai,Member,Female,Biscuits,Snacks,3,25.34,Card,4.1,76.02
INV7728,2026-02-18,C,Mumbai,Member,Male,Noodles,Grocery,7,63.95,Cash,4.8,447.65
INV7729,2026-03-16,A,Jaipur,Normal,Female,Cold Drink,Beverages,6,75.85,UPI,4.2,455.1
INV7730,2026-04-17,B,Delhi,Normal,Female,Face Wash,Personal Care,3,111.31,UPI,4.6,333.93
INV7731,2026-02-16,C,Mumbai,Normal,Male,Shampoo,Personal Care,8,188.26,UPI,3.5,1506.08
INV7732,2026-03-08,A,Jaipur,Normal,Female,Cold Drink,Beverages,8,61.07,Card,3.4,488.56
INV7733,2026-02-15,A,Jaipur,Normal,Male,Eggs,Dairy,1,84.55,UPI,4.4,84.55
INV7734,2026-03-18,D,Bengaluru,Normal,Male,Biscuits,Snacks,9,25.68,Card,3.2,231.12
INV7735,2026-02-23,A,Jaipur,Normal,Female,Shampoo,Personal Care,5,155.8,Net Banking,3.7,779.0
INV7736,2026-01-15,A,Jaipur,Member,Female,Cheese,Dairy,9,238.5,UPI,4.3,2146.5
INV7737,2026-06-20,C,Mumbai,Member,Male,Soap,Personal Care,1,45.72,Cash,4.5,45.72
INV7738,2026-05-08,C,Mumbai,Normal,Female,Potato,Vegetables,2,38.15,Cash,4.3,76.3
INV7739,2026-06-23,C,Mumbai,Member,Male,Cooking Oil,Grocery,8,155.05,Cash,3.8,1240.4
INV7740,2026-02-04,A,Jaipur,Member,Female,Cooking Oil,Grocery,2,127.44,Cash,3.8,254.88
INV7741,2026-05-22,C,Mumbai,Normal,Male,Coffee,Beverages,7,205.61,Net Banking,4.2,1439.27
INV7742,2026-05-12,A,Jaipur,Member,Female,Milk,Dairy,6,62.29,Net Banking,3.5,373.74
INV7743,2026-06-12,C,Mumbai,Member,Male,Eggs,Dairy,5,86.46,UPI,3.7,432.3
INV7744,2026-05-26,B,Delhi,Member,Male,Noodles,Grocery,2,59.22,UPI,3.5,118.44
INV7745,2026-04-13,B,Delhi,Member,Male,Cooking Oil,Grocery,8,164.46,Cash,4.9,1315.68
INV7746,2026-03-01,B,Delhi,Normal,Female,Tomato,Vegetables,10,52.72,Cash,3.8,527.2
INV7747,2026-03-21,B,Delhi,Member,Male,Cooking Oil,Grocery,4,175.07,Cash,4.0,700.28
INV7748,2026-06-05,A,Jaipur,Member,Female,Milk,Dairy,6,64.33,Card,4.4,385.98
INV7749,2026-03-20,B,Delhi,Normal,Female,Milk,Dairy,9,52.58,UPI,4.0,473.22
INV7750,2026-04-06,D,Bengaluru,Member,Male,Bread,Bakery,7,37.6,Cash,3.1,263.2
INV7751,2026-01-20,A,Jaipur,Normal,Male,Shampoo,Personal Care,9,170.99,Cash,4.2,1538.91
INV7752,2026-04-06,A,Jaipur,Member,Female,Eggs,Dairy,4,95.54,Cash,4.9,382.16
INV7753,2026-05-11,D,Bengaluru,Member,Male,Chocolate,Snacks,4,56.99,Net Banking,4.8,227.96
INV7754,2026-02-25,C,Mumbai,Normal,Male,Milk,Dairy,6,58.53,Net Banking,4.4,351.18
INV7755,2026-03-10,C,Mumbai,Normal,Female,Cold Drink,Beverages,1,57.3,Net Banking,4.4,57.3
INV7756,2026-05-10,A,Jaipur,Normal,Male,Soap,Personal Care,10,42.93,Card,4.7,429.3
INV7757,2026-03-11,D,Bengaluru,Member,Female,Cooking Oil,Grocery,5,149.62,Card,4.4,748.1
INV7758,2026-06-09,B,Delhi,Normal,Male,Bread,Bakery,5,37.13,UPI,3.5,185.65
INV7759,2026-03-23,D,Bengaluru,Normal,Male,Bread,Bakery,10,45.91,Cash,3.9,459.1
INV7760,2026-05-28,D,Bengaluru,Member,Female,Rice,Grocery,6,67.15,UPI,4.9,402.9
INV7761,2026-01-07,A,Jaipur,Normal,Male,Potato,Vegetables,3,31.92,UPI,5.0,95.76
INV7762,2026-01-31,D,Bengaluru,Member,Female,Coffee,Beverages,4,151.96,Net Banking,4.5,607.84
INV7763,2026-03-27,C,Mumbai,Member,Male,Face Wash,Personal Care,6,139.47,Cash,3.4,836.82
INV7764,2026-01-18,C,Mumbai,Normal,Male,Tea,Beverages,6,106.78,Net Banking,4.0,640.68
INV7765,2026-01-30,C,Mumbai,Normal,Female,Cooking Oil,Grocery,9,146.79,Net Banking,3.2,1321.11
INV7766,2026-04-23,B,Delhi,Member,Female,Eggs,Dairy,1,90.5,Cash,4.1,90.5
INV7767,2026-04-15,B,Delhi,Normal,Female,Tomato,Vegetables,2,40.22,UPI,3.7,80.44
INV7768,2026-06-08,C,Mumbai,Member,Female,Cold Drink,Beverages,4,63.93,UPI,3.2,255.72
INV7769,2026-06-07,A,Jaipur,Normal,Female,Coffee,Beverages,4,188.91,Net Banking,3.0,755.64
INV7770,2026-05-28,D,Bengaluru,Normal,Male,Cooking Oil,Grocery,4,147.69,Cash,3.6,590.76
INV7771,2026-04-09,D,Bengaluru,Member,Female,Cold Drink,Beverages,8,59.06,UPI,4.4,472.48
INV7772,2026-06-30,B,Delhi,Member,Female,Biscuits,Snacks,8,26.18,Card,3.9,209.44
INV7773,2026-05-25,A,Jaipur,Normal,Female,Chips,Snacks,9,40.08,UPI,3.2,360.72
INV7774,2026-01-10,D,Bengaluru,Member,Female,Tomato,Vegetables,3,42.2,Cash,3.3,126.6
INV7775,2026-03-04,B,Delhi,Normal,Female,Tea,Beverages,6,127.58,Cash,3.1,765.48
INV7776,2026-04-28,B,Delhi,Normal,Female,Shampoo,Personal Care,1,166.94,Cash,4.6,166.94
INV7777,2026-01-07,C,Mumbai,Member,Female,Face Wash,Personal Care,4,130.97,Net Banking,4.4,523.88
INV7778,2026-05-26,C,Mumbai,Member,Male,Cheese,Dairy,7,217.27,UPI,4.5,1520.89
INV7779,2026-01-17,A,Jaipur,Member,Female,Chips,Snacks,7,37.87,Card,4.3,265.09
INV7780,2026-05-06,B,Delhi,Normal,Male,Tomato,Vegetables,6,44.84,Net Banking,3.8,269.04
INV7781,2026-06-19,D,Bengaluru,Normal,Male,Tomato,Vegetables,5,43.87,UPI,3.5,219.35
INV7782,2026-01-09,D,Bengaluru,Member,Male,Tea,Beverages,7,101.61,Cash,4.4,711.27
INV7783,2026-04-05,A,Jaipur,Member,Male,Apples,Fruits,9,160.97,UPI,3.5,1448.73
INV7784,2026-04-05,B,Delhi,Normal,Female,Tea,Beverages,6,131.03,Cash,3.8,786.18
INV7785,2026-06-12,B,Delhi,Normal,Female,Cooking Oil,Grocery,8,126.04,Cash,4.4,1008.32
INV7786,2026-03-23,D,Bengaluru,Member,Male,Biscuits,Snacks,5,28.42,UPI,4.0,142.1
INV7787,2026-05-26,B,Delhi,Member,Female,Potato,Vegetables,4,33.82,UPI,4.4,135.28
INV7788,2026-06-22,D,Bengaluru,Normal,Male,Cold Drink,Beverages,10,54.26,Card,3.6,542.6
INV7789,2026-06-03,A,Jaipur,Normal,Male,Potato,Vegetables,2,40.09,UPI,4.1,80.18
INV7790,2026-05-18,A,Jaipur,Member,Male,Apples,Fruits,2,130.79,UPI,4.8,261.58
INV7791,2026-01-27,C,Mumbai,Normal,Male,Tomato,Vegetables,8,45.78,Net Banking,4.6,366.24
INV7792,2026-01-09,C,Mumbai,Normal,Male,Chips,Snacks,7,33.17,Cash,4.2,232.19
INV7793,2026-03-12,B,Delhi,Normal,Female,Eggs,Dairy,7,96.39,Cash,3.6,674.73
INV7794,2026-06-05,A,Jaipur,Member,Female,Cold Drink,Beverages,1,74.23,Card,3.7,74.23
INV7795,2026-02-09,C,Mumbai,Normal,Female,Potato,Vegetables,1,40.72,Net Banking,3.7,40.72
INV7796,2026-01-04,C,Mumbai,Member,Female,Milk,Dairy,7,47.39,Card,3.2,331.73
INV7797,2026-05-30,D,Bengaluru,Normal,Female,Cooking Oil,Grocery,5,167.42,UPI,4.2,837.1
INV7798,2026-02-03,C,Mumbai,Normal,Male,Cold Drink,Beverages,7,63.53,Card,4.6,444.71
INV7799,2026-02-22,A,Jaipur,Member,Female,Shampoo,Personal Care,8,185.15,Cash,4.8,1481.2
INV7800,2026-06-09,C,Mumbai,Member,Male,Cheese,Dairy,6,213.43,Net Banking,3.8,1280.58
INV7801,2026-05-27,C,Mumbai,Normal,Female,Tea,Beverages,9,126.08,UPI,4.4,1134.72
INV7802,2026-05-29,D,Bengaluru,Member,Male,Tea,Beverages,7,128.17,Net Banking,3.3,897.19
INV7803,2026-02-13,B,Delhi,Member,Male,Bread,Bakery,1,37.13,Net Banking,3.0,37.13
INV7804,2026-04-21,B,Delhi,Member,Male,Coffee,Beverages,9,189.47,Card,4.5,1705.23
INV7805,2026-01-12,B,Delhi,Normal,Male,Cheese,Dairy,9,191.63,UPI,4.6,1724.67
INV7806,2026-03-26,A,Jaipur,Member,Male,Bread,Bakery,5,43.73,Net Banking,4.0,218.65
INV7807,2026-05-22,C,Mumbai,Normal,Male,Shampoo,Personal Care,5,168.43,Net Banking,4.2,842.15
INV7808,2026-01-05,D,Bengaluru,Member,Female,Coffee,Beverages,10,159.46,Card,4.5,1594.6
INV7809,2026-01-29,D,Bengaluru,Member,Female,Tomato,Vegetables,6,46.4,Net Banking,4.0,278.4
INV7810,2026-05-24,B,Delhi,Normal,Male,Cheese,Dairy,4,198.89,Cash,3.1,795.56
INV7811,2026-06-20,C,Mumbai,Normal,Male,Bananas,Fruits,1,59.16,Cash,4.5,59.16
INV7812,2026-06-17,C,Mumbai,Member,Female,Apples,Fruits,5,122.05,UPI,3.7,610.25
INV7813,2026-04-10,B,Delhi,Normal,Male,Soap,Personal Care,3,45.39,UPI,3.6,136.17
INV7814,2026-04-14,A,Jaipur,Normal,Female,Cold Drink,Beverages,8,54.81,Card,3.6,438.48
INV7815,2026-03-24,B,Delhi,Member,Male,Shampoo,Personal Care,8,177.51,Net Banking,4.3,1420.08
INV7816,2026-04-24,D,Bengaluru,Member,Female,Potato,Vegetables,7,37.15,Card,4.1,260.05
INV7817,2026-04-09,B,Delhi,Normal,Male,Apples,Fruits,3,153.96,Card,4.6,461.88
INV7818,2026-02-07,B,Delhi,Member,Female,Tomato,Vegetables,4,45.82,Cash,4.8,183.28
INV7819,2026-01-08,C,Mumbai,Normal,Female,Cold Drink,Beverages,8,54.75,Net Banking,3.2,438.0
INV7820,2026-01-07,C,Mumbai,Normal,Female,Soap,Personal Care,3,42.52,Cash,4.6,127.56
INV7821,2026-03-06,D,Bengaluru,Normal,Male,Cold Drink,Beverages,6,65.24,Cash,3.3,391.44
INV7822,2026-04-26,D,Bengaluru,Member,Female,Tea,Beverages,10,121.34,UPI,4.0,1213.4
INV7823,2026-06-12,D,Bengaluru,Normal,Female,Potato,Vegetables,5,39.06,Card,4.4,195.3
INV7824,2026-05-03,A,Jaipur,Member,Male,Eggs,Dairy,8,80.08,Cash,3.5,640.64
INV7825,2026-02-01,D,Bengaluru,Normal,Male,Coffee,Beverages,5,154.62,UPI,5.0,773.1
INV7826,2026-02-16,B,Delhi,Normal,Male,Chocolate,Snacks,2,46.16,UPI,3.6,92.32
INV7827,2026-06-06,B,Delhi,Normal,Female,Apples,Fruits,3,124.73,Net Banking,4.3,374.19
INV7828,2026-03-02,C,Mumbai,Member,Male,Rice,Grocery,2,76.45,Net Banking,3.7,152.9
INV7829,2026-01-06,A,Jaipur,Member,Female,Bread,Bakery,9,40.24,Cash,4.0,362.16
INV7830,2026-01-31,B,Delhi,Normal,Female,Bread,Bakery,3,38.35,UPI,5.0,115.05
INV7831,2026-02-23,D,Bengaluru,Normal,Female,Coffee,Beverages,3,189.15,UPI,3.0,567.45
INV7832,2026-06-01,B,Delhi,Member,Female,Chips,Snacks,3,29.69,UPI,3.8,89.07
INV7833,2026-04-04,C,Mumbai,Normal,Female,Noodles,Grocery,5,48.54,Card,4.4,242.7
INV7834,2026-03-01,C,Mumbai,Member,Male,Bread,Bakery,10,34.45,UPI,3.3,344.5
INV7835,2026-06-21,D,Bengaluru,Normal,Male,Noodles,Grocery,8,46.96,Card,4.6,375.68
INV7836,2026-03-15,C,Mumbai,Normal,Male,Face Wash,Personal Care,4,102.81,Net Banking,3.0,411.24
INV7837,2026-02-14,C,Mumbai,Member,Male,Apples,Fruits,1,165.84,Cash,4.1,165.84
INV7838,2026-06-24,C,Mumbai,Member,Male,Biscuits,Snacks,3,26.65,Net Banking,3.5,79.95
INV7839,2026-01-21,C,Mumbai,Member,Male,Biscuits,Snacks,8,30.05,Cash,3.9,240.4
INV7840,2026-06-12,C,Mumbai,Normal,Male,Rice,Grocery,3,69.13,UPI,3.6,207.39
INV7841,2026-05-05,D,Bengaluru,Normal,Female,Tomato,Vegetables,7,40.26,Cash,4.2,281.82
INV7842,2026-03-17,D,Bengaluru,Member,Female,Noodles,Grocery,1,61.55,Cash,4.4,61.55
INV7843,2026-01-28,D,Bengaluru,Normal,Female,Cooking Oil,Grocery,5,130.45,Net Banking,4.6,652.25
INV7844,2026-04-04,A,Jaipur,Normal,Female,Tea,Beverages,6,99.93,Cash,4.8,599.58
INV7845,2026-04-21,D,Bengaluru,Normal,Female,Tea,Beverages,10,110.48,UPI,3.4,1104.8
INV7846,2026-05-07,C,Mumbai,Member,Male,Chocolate,Snacks,8,45.68,Card,4.3,365.44
INV7847,2026-05-11,C,Mumbai,Member,Male,Tea,Beverages,10,137.33,UPI,4.6,1373.3
INV7848,2026-06-15,C,Mumbai,Normal,Male,Potato,Vegetables,6,33.44,Cash,4.7,200.64
INV7849,2026-06-01,B,Delhi,Normal,Female,Chocolate,Snacks,3,56.69,Net Banking,4.8,170.07
INV7850,2026-03-26,C,Mumbai,Normal,Male,Eggs,Dairy,10,94.0,UPI,3.4,940.0
INV7851,2026-06-16,A,Jaipur,Member,Female,Apples,Fruits,4,144.98,Cash,4.3,579.92
INV7852,2026-05-29,C,Mumbai,Member,Female,Tea,Beverages,3,101.34,Net Banking,4.3,304.02
INV7853,2026-02-22,B,Delhi,Member,Male,Cheese,Dairy,9,227.91,Card,4.3,2051.19
INV7854,2026-04-16,A,Jaipur,Member,Female,Chips,Snacks,8,29.35,Net Banking,3.6,234.8
INV7855,2026-02-24,D,Bengaluru,Member,Female,Soap,Personal Care,7,52.68,Cash,4.7,368.76
INV7856,2026-01-24,B,Delhi,Normal,Male,Soap,Personal Care,5,51.71,Net Banking,4.3,258.55
INV7857,2026-02-24,D,Bengaluru,Normal,Male,Potato,Vegetables,6,39.22,Cash,4.5,235.32
INV7858,2026-02-22,A,Jaipur,Member,Male,Chocolate,Snacks,5,45.79,Net Banking,4.6,228.95
INV7859,2026-04-18,D,Bengaluru,Member,Male,Chips,Snacks,6,35.33,Net Banking,3.7,211.98
INV7860,2026-02-24,C,Mumbai,Member,Female,Rice,Grocery,7,82.08,Net Banking,4.4,574.56
INV7861,2026-06-19,B,Delhi,Member,Male,Cooking Oil,Grocery,7,149.53,Cash,3.7,1046.71
INV7862,2026-04-18,A,Jaipur,Normal,Male,Bread,Bakery,3,42.82,Net Banking,3.0,128.46
INV7863,2026-04-29,C,Mumbai,Normal,Male,Rice,Grocery,4,80.37,Cash,4.0,321.48
INV7864,2026-01-22,C,Mumbai,Normal,Male,Bananas,Fruits,2,62.62,UPI,3.4,125.24
INV7865,2026-01-24,C,Mumbai,Normal,Female,Bananas,Fruits,1,69.4,Card,3.6,69.4
INV7866,2026-02-23,D,Bengaluru,Member,Female,Bread,Bakery,1,35.92,UPI,4.1,35.92
INV7867,2026-03-22,A,Jaipur,Member,Female,Rice,Grocery,10,67.69,Card,4.8,676.9
INV7868,2026-05-12,B,Delhi,Member,Male,Cheese,Dairy,10,218.3,Cash,3.8,2183.0
INV7869,2026-02-15,C,Mumbai,Normal,Male,Chips,Snacks,5,39.64,UPI,4.9,198.2
INV7870,2026-01-13,D,Bengaluru,Normal,Female,Eggs,Dairy,2,96.91,Card,4.2,193.82
INV7871,2026-06-06,A,Jaipur,Normal,Female,Apples,Fruits,5,157.93,Card,3.6,789.65
INV7872,2026-01-25,C,Mumbai,Normal,Male,Chips,Snacks,1,39.88,UPI,3.8,39.88
INV7873,2026-06-05,A,Jaipur,Normal,Female,Rice,Grocery,7,77.71,UPI,4.1,543.97
INV7874,2026-04-03,C,Mumbai,Member,Male,Rice,Grocery,10,69.69,Cash,4.7,696.9
INV7875,2026-05-11,A,Jaipur,Normal,Male,Apples,Fruits,2,117.32,Card,3.2,234.64
INV7876,2026-06-23,D,Bengaluru,Normal,Female,Tea,Beverages,1,135.46,Cash,3.4,135.46
INV7877,2026-02-21,A,Jaipur,Normal,Female,Chips,Snacks,6,36.35,Cash,4.1,218.1
INV7878,2026-01-29,C,Mumbai,Member,Male,Cheese,Dairy,6,221.19,Net Banking,5.0,1327.14
INV7879,2026-03-27,D,Bengaluru,Normal,Male,Chocolate,Snacks,10,54.53,Cash,3.4,545.3
INV7880,2026-03-20,B,Delhi,Normal,Female,Noodles,Grocery,2,52.4,Card,4.9,104.8
INV7881,2026-02-22,C,Mumbai,Member,Female,Noodles,Grocery,8,57.51,Net Banking,3.1,460.08
INV7882,2026-05-01,A,Jaipur,Member,Female,Tea,Beverages,7,128.16,Cash,4.1,897.12
INV7883,2026-05-31,A,Jaipur,Member,Male,Chips,Snacks,1,30.7,Cash,5.0,30.7
INV7884,2026-01-18,B,Delhi,Normal,Female,Eggs,Dairy,8,86.79,Card,4.5,694.32
INV7885,2026-03-06,D,Bengaluru,Normal,Female,Coffee,Beverages,7,207.58,Net Banking,4.1,1453.06
INV7886,2026-06-23,C,Mumbai,Normal,Female,Cheese,Dairy,5,187.15,UPI,3.6,935.75
INV7887,2026-01-15,D,Bengaluru,Normal,Male,Tomato,Vegetables,3,51.08,UPI,4.3,153.24
INV7888,2026-01-30,B,Delhi,Member,Male,Tomato,Vegetables,5,50.99,Net Banking,4.6,254.95
INV7889,2026-05-20,B,Delhi,Member,Male,Bananas,Fruits,8,59.43,Net Banking,4.3,475.44
INV7890,2026-03-26,A,Jaipur,Member,Male,Rice,Grocery,5,67.22,Net Banking,4.7,336.1
INV7891,2026-03-30,B,Delhi,Member,Male,Bananas,Fruits,3,67.7,Net Banking,3.0,203.1
INV7892,2026-04-09,B,Delhi,Normal,Female,Cooking Oil,Grocery,4,177.12,UPI,3.9,708.48
INV7893,2026-04-28,C,Mumbai,Member,Male,Potato,Vegetables,3,39.97,Cash,3.2,119.91
INV7894,2026-03-21,A,Jaipur,Normal,Female,Milk,Dairy,9,60.27,Card,3.7,542.43
INV7895,2026-01-26,C,Mumbai,Normal,Male,Face Wash,Personal Care,1,113.95,UPI,5.0,113.95
INV7896,2026-06-18,D,Bengaluru,Member,Male,Shampoo,Personal Care,6,202.91,Card,3.1,1217.46
INV7897,2026-01-13,A,Jaipur,Normal,Male,Chocolate,Snacks,8,54.51,UPI,4.9,436.08
INV7898,2026-02-17,D,Bengaluru,Normal,Female,Face Wash,Personal Care,3,125.95,Net Banking,4.3,377.85
INV7899,2026-03-27,B,Delhi,Normal,Male,Cheese,Dairy,7,215.1,UPI,5.0,1505.7
INV7900,2026-02-16,D,Bengaluru,Member,Female,Milk,Dairy,3,59.35,UPI,3.9,178.05
INV7901,2026-02-11,A,Jaipur,Normal,Female,Tomato,Vegetables,4,45.0,Net Banking,4.1,180.0
INV7902,2026-03-09,C,Mumbai,Normal,Male,Tomato,Vegetables,1,43.21,Cash,3.5,43.21
INV7903,2026-06-29,D,Bengaluru,Normal,Female,Tomato,Vegetables,7,43.96,Net Banking,4.5,307.72
INV7904,2026-07-01,A,Jaipur,Member,Female,Soap,Personal Care,10,46.72,Cash,3.8,467.2
INV7905,2026-05-04,C,Mumbai,Normal,Male,Milk,Dairy,4,58.56,UPI,4.9,234.24
INV7906,2026-01-27,B,Delhi,Normal,Female,Tea,Beverages,4,131.45,UPI,4.1,525.8
INV7907,2026-01-13,D,Bengaluru,Normal,Male,Noodles,Grocery,5,53.81,Card,3.6,269.05
INV7908,2026-03-06,B,Delhi,Member,Male,Bread,Bakery,5,47.36,Card,3.0,236.8
INV7909,2026-01-16,C,Mumbai,Member,Female,Noodles,Grocery,7,60.96,UPI,3.1,426.72
INV7910,2026-02-21,C,Mumbai,Member,Female,Bread,Bakery,10,35.88,Card,4.6,358.8
INV7911,2026-05-25,D,Bengaluru,Normal,Female,Tea,Beverages,6,131.7,Cash,3.5,790.2
INV7912,2026-06-15,C,Mumbai,Normal,Female,Potato,Vegetables,6,36.41,Net Banking,4.7,218.46
INV7913,2026-04-01,C,Mumbai,Normal,Male,Chocolate,Snacks,8,45.53,UPI,4.7,364.24
INV7914,2026-02-11,C,Mumbai,Normal,Male,Tea,Beverages,2,140.7,UPI,4.9,281.4
INV7915,2026-06-28,D,Bengaluru,Normal,Female,Bananas,Fruits,8,64.97,Card,3.1,519.76
INV7916,2026-04-05,C,Mumbai,Member,Male,Coffee,Beverages,4,181.43,UPI,3.7,725.72
INV7917,2026-06-15,A,Jaipur,Member,Female,Bread,Bakery,10,38.72,UPI,3.0,387.2
INV7918,2026-06-07,B,Delhi,Normal,Male,Tomato,Vegetables,2,48.99,Cash,3.1,97.98
INV7919,2026-04-21,C,Mumbai,Member,Female,Noodles,Grocery,1,62.03,Cash,3.4,62.03
INV7920,2026-06-07,B,Delhi,Member,Female,Coffee,Beverages,9,193.78,Net Banking,3.4,1744.02
INV7921,2026-01-23,C,Mumbai,Normal,Female,Soap,Personal Care,5,51.92,UPI,4.8,259.6
INV7922,2026-04-30,D,Bengaluru,Normal,Female,Tea,Beverages,7,121.48,Card,3.1,850.36
INV7923,2026-04-10,A,Jaipur,Member,Male,Shampoo,Personal Care,2,159.41,Net Banking,3.4,318.82
INV7924,2026-02-26,B,Delhi,Member,Male,Cheese,Dairy,10,212.51,Card,4.7,2125.1
INV7925,2026-05-18,C,Mumbai,Normal,Female,Cold Drink,Beverages,3,74.33,UPI,3.9,222.99
INV7926,2026-05-22,A,Jaipur,Normal,Female,Milk,Dairy,8,60.65,Card,3.2,485.2
INV7927,2026-05-22,C,Mumbai,Normal,Male,Cold Drink,Beverages,8,63.09,Card,4.0,504.72
INV7928,2026-06-13,C,Mumbai,Member,Female,Cooking Oil,Grocery,1,127.86,Net Banking,3.8,127.86
INV7929,2026-01-25,C,Mumbai,Member,Male,Bananas,Fruits,6,55.94,UPI,3.5,335.64
INV7930,2026-06-30,B,Delhi,Normal,Female,Tomato,Vegetables,1,52.08,Net Banking,3.9,52.08
INV7931,2026-03-10,A,Jaipur,Normal,Female,Cold Drink,Beverages,5,58.32,UPI,4.6,291.6
INV7932,2026-04-05,A,Jaipur,Normal,Male,Milk,Dairy,1,47.03,Cash,3.6,47.03
INV7933,2026-03-28,C,Mumbai,Normal,Male,Cooking Oil,Grocery,7,143.16,Net Banking,4.3,1002.12
INV7934,2026-05-11,D,Bengaluru,Normal,Male,Soap,Personal Care,8,38.26,UPI,4.6,306.08
INV7935,2026-06-15,A,Jaipur,Member,Male,Shampoo,Personal Care,4,158.78,Cash,4.8,635.12
INV7936,2026-06-26,B,Delhi,Member,Female,Tomato,Vegetables,9,46.65,Cash,3.2,419.85
INV7937,2026-01-29,B,Delhi,Normal,Female,Coffee,Beverages,10,209.16,Cash,3.8,2091.6
INV7938,2026-04-24,B,Delhi,Normal,Male,Milk,Dairy,3,53.24,Net Banking,4.7,159.72
INV7939,2026-04-12,A,Jaipur,Normal,Male,Bread,Bakery,9,38.6,Cash,4.7,347.4
INV7940,2026-05-04,B,Delhi,Member,Female,Cold Drink,Beverages,6,74.7,UPI,3.7,448.2
INV7941,2026-04-21,A,Jaipur,Normal,Female,Chocolate,Snacks,1,42.51,Net Banking,3.3,42.51
INV7942,2026-01-23,D,Bengaluru,Member,Female,Coffee,Beverages,2,170.35,Card,4.1,340.7
INV7943,2026-02-04,C,Mumbai,Member,Male,Eggs,Dairy,9,88.27,Cash,3.8,794.43
INV7944,2026-02-25,D,Bengaluru,Normal,Male,Biscuits,Snacks,7,28.3,Net Banking,3.8,198.1
INV7945,2026-02-07,C,Mumbai,Normal,Female,Coffee,Beverages,7,173.63,Card,4.1,1215.41
INV7946,2026-06-27,B,Delhi,Normal,Male,Bread,Bakery,6,42.98,Net Banking,4.2,257.88
INV7947,2026-03-25,B,Delhi,Normal,Female,Potato,Vegetables,7,39.18,Cash,3.8,274.26
INV7948,2026-05-15,D,Bengaluru,Normal,Female,Potato,Vegetables,2,33.7,Cash,3.1,67.4
INV7949,2026-03-18,B,Delhi,Member,Male,Bread,Bakery,3,39.54,Card,4.3,118.62
INV7950,2026-06-10,D,Bengaluru,Member,Female,Cold Drink,Beverages,7,69.07,UPI,4.1,483.49
INV7951,2026-02-06,B,Delhi,Normal,Male,Biscuits,Snacks,1,30.9,Cash,4.2,30.9
INV7952,2026-01-03,A,Jaipur,Normal,Female,Tomato,Vegetables,4,47.52,Card,3.7,190.08
INV7953,2026-01-30,D,Bengaluru,Normal,Female,Cheese,Dairy,5,246.38,Cash,3.2,1231.9
INV7954,2026-03-04,C,Mumbai,Normal,Male,Shampoo,Personal Care,4,175.69,UPI,4.4,702.76
INV7955,2026-04-12,C,Mumbai,Normal,Female,Eggs,Dairy,2,93.99,Card,4.5,187.98
INV7956,2026-03-12,C,Mumbai,Member,Female,Chips,Snacks,7,30.33,UPI,3.2,212.31
INV7957,2026-01-28,B,Delhi,Member,Female,Tea,Beverages,8,125.12,Cash,4.9,1000.96
INV7958,2026-05-23,B,Delhi,Member,Female,Tomato,Vegetables,1,40.56,Card,3.3,40.56
INV7959,2026-03-28,A,Jaipur,Member,Female,Potato,Vegetables,9,32.3,Net Banking,4.8,290.7
INV7960,2026-03-08,B,Delhi,Normal,Female,Rice,Grocery,8,82.14,UPI,4.8,657.12
INV7961,2026-01-31,D,Bengaluru,Normal,Female,Cooking Oil,Grocery,3,143.35,Cash,3.1,430.05
INV7962,2026-04-25,C,Mumbai,Normal,Male,Apples,Fruits,7,162.55,Cash,4.2,1137.85
INV7963,2026-06-03,D,Bengaluru,Member,Female,Milk,Dairy,3,52.41,UPI,3.8,157.23
INV7964,2026-04-20,C,Mumbai,Member,Male,Eggs,Dairy,8,80.35,Card,4.7,642.8
INV7965,2026-04-28,C,Mumbai,Normal,Female,Noodles,Grocery,10,60.88,Net Banking,3.4,608.8
INV7966,2026-05-25,D,Bengaluru,Member,Male,Noodles,Grocery,3,60.12,Cash,4.8,180.36
INV7967,2026-02-18,D,Bengaluru,Normal,Female,Noodles,Grocery,7,60.05,UPI,4.6,420.35
INV7968,2026-06-08,A,Jaipur,Normal,Male,Chips,Snacks,10,40.92,UPI,4.0,409.2
INV7969,2026-02-05,B,Delhi,Normal,Female,Eggs,Dairy,10,94.64,Net Banking,4.8,946.4
INV7970,2026-02-18,B,Delhi,Normal,Male,Face Wash,Personal Care,4,106.81,Net Banking,4.2,427.24
INV7971,2026-02-13,B,Delhi,Member,Female,Soap,Personal Care,10,51.74,Cash,3.5,517.4
INV7972,2026-04-18,B,Delhi,Normal,Female,Shampoo,Personal Care,3,201.36,Net Banking,4.5,604.08
INV7973,2026-02-02,C,Mumbai,Normal,Female,Soap,Personal Care,10,47.49,UPI,3.7,474.9
INV7974,2026-06-29,D,Bengaluru,Normal,Female,Cooking Oil,Grocery,4,167.84,Card,3.2,671.36
INV7975,2026-01-07,D,Bengaluru,Normal,Female,Cooking Oil,Grocery,3,161.54,Card,3.6,484.62
INV7976,2026-02-20,B,Delhi,Normal,Female,Soap,Personal Care,6,43.5,UPI,3.7,261.0
INV7977,2026-01-26,C,Mumbai,Member,Female,Cheese,Dairy,10,197.66,UPI,4.0,1976.6
INV7978,2026-01-12,B,Delhi,Normal,Male,Apples,Fruits,10,148.51,UPI,3.8,1485.1
INV7979,2026-06-04,A,Jaipur,Normal,Male,Cold Drink,Beverages,2,67.41,Cash,4.3,134.82
INV7980,2026-01-26,D,Bengaluru,Member,Female,Chocolate,Snacks,3,57.49,UPI,3.7,172.47
INV7981,2026-01-26,A,Jaipur,Normal,Male,Cheese,Dairy,8,188.67,Net Banking,4.1,1509.36
INV7982,2026-02-16,A,Jaipur,Normal,Male,Noodles,Grocery,6,47.55,UPI,4.9,285.3
INV7983,2026-01-24,C,Mumbai,Normal,Female,Milk,Dairy,3,45.89,UPI,4.0,137.67
INV7984,2026-01-08,C,Mumbai,Normal,Male,Potato,Vegetables,6,38.24,Cash,4.2,229.44
INV7985,2026-02-04,C,Mumbai,Normal,Female,Tea,Beverages,7,132.73,UPI,3.8,929.11
INV7986,2026-02-03,A,Jaipur,Normal,Female,Apples,Fruits,3,126.83,Net Banking,3.1,380.49
INV7987,2026-06-27,B,Delhi,Normal,Female,Bananas,Fruits,3,50.68,Net Banking,4.9,152.04
INV7988,2026-04-14,B,Delhi,Member,Male,Rice,Grocery,7,79.13,Net Banking,4.3,553.91
INV7989,2026-03-10,A,Jaipur,Normal,Female,Tomato,Vegetables,7,46.64,UPI,3.7,326.48
INV7990,2026-03-11,A,Jaipur,Normal,Male,Bread,Bakery,7,45.5,Cash,4.3,318.5
INV7991,2026-06-17,B,Delhi,Normal,Female,Tomato,Vegetables,2,50.79,Cash,4.9,101.58
INV7992,2026-04-23,B,Delhi,Member,Female,Tea,Beverages,7,134.42,Cash,4.5,940.94
INV7993,2026-05-20,D,Bengaluru,Normal,Male,Bread,Bakery,3,34.83,Net Banking,4.4,104.49
INV7994,2026-06-13,A,Jaipur,Normal,Female,Eggs,Dairy,2,88.43,Cash,3.4,176.86
INV7995,2026-01-10,D,Bengaluru,Normal,Female,Rice,Grocery,9,68.51,UPI,4.3,616.59
INV7996,2026-04-05,D,Bengaluru,Member,Female,Cold Drink,Beverages,2,60.6,UPI,3.7,121.2
INV7997,2026-01-30,D,Bengaluru,Normal,Male,Soap,Personal Care,4,42.76,Card,4.5,171.04
INV7998,2026-06-03,D,Bengaluru,Member,Female,Milk,Dairy,8,58.77,Net Banking,3.8,470.16
INV7999,2026-03-12,D,Bengaluru,Member,Male,Potato,Vegetables,1,36.29,Card,3.8,36.29
INV8000,2026-06-15,A,Jaipur,Normal,Female,Shampoo,Personal Care,8,192.33,Card,3.9,1538.64
INV8001,2026-03-16,B,Delhi,Normal,Male,Tea,Beverages,4,109.52,Net Banking,3.6,438.08
INV8002,2026-05-12,A,Jaipur,Member,Male,Cooking Oil,Grocery,10,126.37,Net Banking,3.6,1263.7
INV8003,2026-03-17,C,Mumbai,Normal,Female,Tea,Beverages,1,111.37,Card,3.4,111.37
INV8004,2026-03-18,D,Bengaluru,Member,Male,Cold Drink,Beverages,9,68.01,UPI,3.6,612.09
INV8005,2026-01-07,B,Delhi,Normal,Female,Coffee,Beverages,7,213.61,Card,3.9,1495.27
INV8006,2026-01-21,C,Mumbai,Member,Female,Milk,Dairy,10,51.49,Net Banking,3.6,514.9
INV8007,2026-01-13,A,Jaipur,Member,Female,Coffee,Beverages,3,200.13,UPI,3.8,600.39
INV8008,2026-06-02,B,Delhi,Normal,Male,Chips,Snacks,7,31.83,Card,3.4,222.81
INV8009,2026-05-20,C,Mumbai,Member,Male,Eggs,Dairy,5,89.34,Card,3.7,446.7
INV8010,2026-04-27,D,Bengaluru,Normal,Male,Coffee,Beverages,2,183.98,Card,3.5,367.96
INV8011,2026-04-16,A,Jaipur,Member,Female,Bananas,Fruits,8,54.56,Net Banking,3.0,436.48
INV8012,2026-05-23,C,Mumbai,Member,Female,Chips,Snacks,4,34.23,Card,4.6,136.92
INV8013,2026-05-17,A,Jaipur,Normal,Female,Bananas,Fruits,5,54.01,Net Banking,4.0,270.05
INV8014,2026-01-20,B,Delhi,Member,Female,Biscuits,Snacks,4,26.94,UPI,4.6,107.76
INV8015,2026-05-09,A,Jaipur,Member,Male,Apples,Fruits,3,136.4,Cash,3.2,409.2
INV8016,2026-06-15,B,Delhi,Normal,Male,Cold Drink,Beverages,5,56.9,UPI,4.1,284.5
INV8017,2026-04-01,D,Bengaluru,Member,Male,Cooking Oil,Grocery,2,142.3,Card,4.4,284.6
INV8018,2026-06-09,D,Bengaluru,Member,Male,Cold Drink,Beverages,8,71.6,Net Banking,3.7,572.8
INV8019,2026-06-07,B,Delhi,Member,Male,Coffee,Beverages,7,188.07,Card,3.6,1316.49
INV8020,2026-06-03,C,Mumbai,Member,Male,Potato,Vegetables,6,36.75,UPI,3.7,220.5
INV8021,2026-02-12,C,Mumbai,Member,Male,Tea,Beverages,10,130.36,Cash,4.4,1303.6
INV8022,2026-04-27,B,Delhi,Normal,Male,Cooking Oil,Grocery,9,164.27,Cash,5.0,1478.43
INV8023,2026-03-24,C,Mumbai,Normal,Female,Cheese,Dairy,3,192.68,Net Banking,4.1,578.04
INV8024,2026-04-01,D,Bengaluru,Normal,Female,Bananas,Fruits,5,65.33,UPI,4.5,326.65
INV8025,2026-06-03,B,Delhi,Member,Male,Bread,Bakery,9,35.67,UPI,3.2,321.03
INV8026,2026-04-15,C,Mumbai,Normal,Male,Shampoo,Personal Care,7,150.98,Net Banking,3.8,1056.86
INV8027,2026-06-08,A,Jaipur,Member,Male,Apples,Fruits,2,143.65,Net Banking,4.1,287.3
INV8028,2026-02-25,B,Delhi,Normal,Female,Chocolate,Snacks,3,50.69,Net Banking,3.9,152.07
INV8029,2026-02-26,B,Delhi,Normal,Male,Soap,Personal Care,2,37.96,Card,4.1,75.92
INV8030,2026-04-23,C,Mumbai,Member,Male,Cooking Oil,Grocery,10,142.19,Card,4.5,1421.9
INV8031,2026-02-13,C,Mumbai,Normal,Male,Eggs,Dairy,7,90.91,Net Banking,4.1,636.37
INV8032,2026-01-15,A,Jaipur,Member,Male,Eggs,Dairy,2,76.12,Net Banking,3.8,152.24
INV8033,2026-06-29,C,Mumbai,Member,Male,Noodles,Grocery,10,53.93,Cash,3.5,539.3
INV8034,2026-02-08,D,Bengaluru,Member,Male,Cheese,Dairy,8,201.92,Cash,3.2,1615.36
INV8035,2026-06-14,B,Delhi,Member,Female,Apples,Fruits,8,139.41,Card,4.9,1115.28
INV8036,2026-04-25,A,Jaipur,Normal,Female,Eggs,Dairy,1,87.38,Cash,3.3,87.38
INV8037,2026-03-05,A,Jaipur,Member,Female,Cheese,Dairy,8,204.62,Net Banking,3.5,1636.96
INV8038,2026-04-15,A,Jaipur,Member,Female,Biscuits,Snacks,5,33.37,UPI,4.2,166.85
INV8039,2026-05-19,D,Bengaluru,Member,Female,Tea,Beverages,9,138.56,Net Banking,4.8,1247.04
INV8040,2026-01-27,B,Delhi,Member,Female,Shampoo,Personal Care,5,175.53,Cash,5.0,877.65
INV8041,2026-05-29,C,Mumbai,Normal,Male,Biscuits,Snacks,1,26.11,Card,3.2,26.11
INV8042,2026-04-01,C,Mumbai,Member,Female,Eggs,Dairy,7,89.44,Net Banking,4.9,626.08
INV8043,2026-04-07,A,Jaipur,Normal,Male,Bread,Bakery,10,36.71,Net Banking,4.3,367.1
INV8044,2026-04-11,A,Jaipur,Normal,Female,Eggs,Dairy,5,83.9,Cash,3.3,419.5
INV8045,2026-02-03,B,Delhi,Member,Male,Coffee,Beverages,4,193.19,UPI,3.0,772.76
INV8046,2026-05-07,B,Delhi,Normal,Female,Bread,Bakery,4,38.13,Net Banking,4.9,152.52
INV8047,2026-06-23,C,Mumbai,Member,Male,Bread,Bakery,8,35.41,Card,3.7,283.28
INV8048,2026-01-12,B,Delhi,Member,Female,Eggs,Dairy,2,86.22,Card,3.7,172.44
INV8049,2026-01-02,D,Bengaluru,Member,Female,Potato,Vegetables,4,33.53,UPI,4.3,134.12
INV8050,2026-04-14,D,Bengaluru,Normal,Male,Rice,Grocery,7,63.63,Cash,3.6,445.41
INV8051,2026-02-19,A,Jaipur,Member,Female,Potato,Vegetables,4,35.05,UPI,4.9,140.2
INV8052,2026-04-24,D,Bengaluru,Normal,Female,Coffee,Beverages,5,174.61,Card,3.5,873.05
INV8053,2026-06-17,B,Delhi,Member,Female,Cooking Oil,Grocery,6,164.62,Net Banking,4.9,987.72
INV8054,2026-06-29,B,Delhi,Member,Male,Biscuits,Snacks,9,25.39,Card,4.9,228.51
INV8055,2026-05-30,A,Jaipur,Member,Male,Chips,Snacks,2,33.9,UPI,4.2,67.8
INV8056,2026-01-22,C,Mumbai,Normal,Male,Chocolate,Snacks,7,52.08,Card,4.0,364.56
INV8057,2026-04-29,A,Jaipur,Member,Male,Coffee,Beverages,7,196.73,Cash,3.8,1377.11
INV8058,2026-01-05,A,Jaipur,Normal,Female,Cheese,Dairy,1,196.17,UPI,4.0,196.17
INV8059,2026-06-07,B,Delhi,Member,Male,Apples,Fruits,4,121.38,Card,4.2,485.52
INV8060,2026-03-07,B,Delhi,Normal,Female,Bananas,Fruits,4,56.65,Net Banking,4.4,226.6
INV8061,2026-02-24,B,Delhi,Member,Female,Coffee,Beverages,4,188.52,Net Banking,4.3,754.08
INV8062,2026-06-27,C,Mumbai,Member,Female,Milk,Dairy,2,59.81,UPI,3.6,119.62
INV8063,2026-03-27,A,Jaipur,Normal,Female,Cheese,Dairy,6,253.62,Net Banking,4.3,1521.72
INV8064,2026-03-22,B,Delhi,Member,Male,Rice,Grocery,4,72.65,UPI,3.1,290.6
INV8065,2026-02-04,D,Bengaluru,Member,Female,Soap,Personal Care,3,51.93,Net Banking,4.1,155.79
INV8066,2026-01-19,D,Bengaluru,Member,Female,Tea,Beverages,7,114.11,Card,3.9,798.77
INV8067,2026-04-06,A,Jaipur,Normal,Female,Cheese,Dairy,1,222.21,Net Banking,3.8,222.21
INV8068,2026-01-29,D,Bengaluru,Normal,Male,Tea,Beverages,2,109.64,Card,4.5,219.28
INV8069,2026-05-13,D,Bengaluru,Normal,Female,Bananas,Fruits,4,67.13,UPI,3.9,268.52
INV8070,2026-06-29,D,Bengaluru,Normal,Female,Tea,Beverages,5,122.95,Net Banking,4.3,614.75
INV8071,2026-04-17,A,Jaipur,Member,Female,Apples,Fruits,8,156.01,Cash,3.5,1248.08
INV8072,2026-03-16,B,Delhi,Member,Female,Chocolate,Snacks,6,42.61,Cash,3.9,255.66
INV8073,2026-05-29,C,Mumbai,Normal,Female,Tea,Beverages,8,136.86,Cash,4.5,1094.88
INV8074,2026-04-15,B,Delhi,Member,Male,Tomato,Vegetables,9,48.58,Net Banking,3.8,437.22
INV8075,2026-01-19,A,Jaipur,Normal,Male,Face Wash,Personal Care,10,118.23,Card,3.9,1182.3
INV8076,2026-03-09,B,Delhi,Member,Female,Cheese,Dairy,8,243.84,UPI,3.7,1950.72
INV8077,2026-04-17,A,Jaipur,Normal,Female,Cold Drink,Beverages,7,66.74,Net Banking,4.8,467.18
INV8078,2026-02-18,A,Jaipur,Normal,Female,Cold Drink,Beverages,7,59.88,UPI,4.1,419.16
INV8079,2026-02-03,A,Jaipur,Normal,Male,Face Wash,Personal Care,10,113.93,UPI,4.1,1139.3
INV8080,2026-01-03,C,Mumbai,Member,Female,Shampoo,Personal Care,5,196.57,Net Banking,4.5,982.85
INV8081,2026-06-29,D,Bengaluru,Normal,Female,Rice,Grocery,2,60.55,Card,3.6,121.1
INV8082,2026-07-01,A,Jaipur,Normal,Female,Eggs,Dairy,4,93.19,Cash,4.8,372.76
INV8083,2026-02-04,D,Bengaluru,Member,Female,Bread,Bakery,7,37.56,UPI,3.4,262.92
INV8084,2026-04-22,C,Mumbai,Member,Female,Cheese,Dairy,7,241.66,UPI,3.0,1691.62
INV8085,2026-02-23,A,Jaipur,Member,Female,Chips,Snacks,3,31.91,Net Banking,3.9,95.73
INV8086,2026-06-01,D,Bengaluru,Normal,Male,Biscuits,Snacks,1,28.83,UPI,4.9,28.83
INV8087,2026-01-12,D,Bengaluru,Member,Female,Milk,Dairy,10,57.98,Net Banking,4.2,579.8
INV8088,2026-03-27,D,Bengaluru,Normal,Female,Cooking Oil,Grocery,4,140.19,UPI,3.2,560.76
INV8089,2026-01-14,D,Bengaluru,Member,Female,Tea,Beverages,5,101.53,Card,3.6,507.65
INV8090,2026-02-07,A,Jaipur,Normal,Male,Cheese,Dairy,9,190.19,Card,3.8,1711.71
INV8091,2026-02-01,D,Bengaluru,Normal,Female,Cheese,Dairy,5,188.24,Cash,4.2,941.2
INV8092,2026-04-06,A,Jaipur,Normal,Male,Cold Drink,Beverages,6,73.34,Cash,3.2,440.04
INV8093,2026-01-16,A,Jaipur,Member,Male,Bread,Bakery,10,34.49,Card,3.7,344.9
INV8094,2026-05-06,C,Mumbai,Normal,Male,Chips,Snacks,2,40.03,Cash,3.3,80.06
INV8095,2026-03-23,C,Mumbai,Normal,Female,Cold Drink,Beverages,3,57.66,Cash,3.3,172.98
INV8096,2026-04-18,A,Jaipur,Normal,Female,Tomato,Vegetables,1,52.3,Cash,4.9,52.3
INV8097,2026-05-25,A,Jaipur,Member,Male,Cooking Oil,Grocery,6,158.12,Card,3.0,948.72
INV8098,2026-01-06,B,Delhi,Member,Female,Coffee,Beverages,9,196.28,Cash,4.0,1766.52
INV8099,2026-06-09,C,Mumbai,Member,Female,Cooking Oil,Grocery,4,150.96,Net Banking,4.8,603.84
INV8100,2026-03-04,D,Bengaluru,Normal,Female,Face Wash,Personal Care,1,133.64,Cash,3.6,133.64
INV8101,2026-05-11,C,Mumbai,Normal,Male,Shampoo,Personal Care,10,186.72,Net Banking,3.1,1867.2
INV8102,2026-03-09,C,Mumbai,Member,Male,Chips,Snacks,9,37.57,Cash,3.9,338.13
INV8103,2026-05-13,A,Jaipur,Normal,Female,Cheese,Dairy,4,240.68,Net Banking,4.8,962.72
INV8104,2026-04-10,B,Delhi,Member,Female,Soap,Personal Care,7,53.16,Cash,4.3,372.12
INV8105,2026-02-05,A,Jaipur,Member,Female,Eggs,Dairy,5,93.05,Net Banking,4.5,465.25
INV8106,2026-03-07,C,Mumbai,Member,Male,Bananas,Fruits,9,50.53,Cash,4.0,454.77
INV8107,2026-04-09,A,Jaipur,Member,Female,Eggs,Dairy,6,93.12,Net Banking,5.0,558.72
INV8108,2026-06-18,C,Mumbai,Member,Male,Milk,Dairy,10,60.36,Card,3.1,603.6
INV8109,2026-03-06,C,Mumbai,Member,Male,Cheese,Dairy,10,195.24,UPI,4.6,1952.4
INV8110,2026-04-14,D,Bengaluru,Member,Male,Tea,Beverages,10,128.23,UPI,4.3,1282.3
INV8111,2026-01-05,C,Mumbai,Normal,Female,Cheese,Dairy,7,254.75,Card,4.4,1783.25
INV8112,2026-01-23,C,Mumbai,Normal,Female,Chocolate,Snacks,1,42.46,Card,4.6,42.46
INV8113,2026-05-30,B,Delhi,Member,Male,Cold Drink,Beverages,9,54.99,Net Banking,4.0,494.91
INV8114,2026-04-12,D,Bengaluru,Normal,Female,Bread,Bakery,2,35.58,Net Banking,4.4,71.16
INV8115,2026-06-23,C,Mumbai,Member,Female,Noodles,Grocery,7,46.69,Cash,3.5,326.83
INV8116,2026-01-02,B,Delhi,Normal,Female,Soap,Personal Care,9,37.36,Cash,3.5,336.24
INV8117,2026-03-19,C,Mumbai,Member,Male,Eggs,Dairy,10,90.9,UPI,3.6,909.0
INV8118,2026-06-12,D,Bengaluru,Normal,Female,Bread,Bakery,3,46.05,UPI,4.1,138.15
INV8119,2026-01-13,D,Bengaluru,Member,Female,Tomato,Vegetables,3,52.46,Net Banking,4.2,157.38
INV8120,2026-06-02,C,Mumbai,Normal,Male,Milk,Dairy,10,60.19,Net Banking,4.0,601.9
INV8121,2026-06-15,D,Bengaluru,Member,Male,Cold Drink,Beverages,3,59.28,Card,4.7,177.84
INV8122,2026-02-16,C,Mumbai,Member,Male,Bananas,Fruits,6,53.2,Net Banking,3.4,319.2
INV8123,2026-05-16,C,Mumbai,Normal,Female,Cold Drink,Beverages,4,66.08,Cash,3.9,264.32
INV8124,2026-03-05,C,Mumbai,Member,Female,Biscuits,Snacks,8,31.15,Card,4.8,249.2
INV8125,2026-02-12,B,Delhi,Member,Female,Rice,Grocery,1,69.36,Net Banking,4.6,69.36
INV8126,2026-01-03,C,Mumbai,Member,Male,Cheese,Dairy,4,233.49,Cash,4.9,933.96
INV8127,2026-05-27,D,Bengaluru,Normal,Female,Rice,Grocery,6,74.78,Cash,3.0,448.68
INV8128,2026-04-11,C,Mumbai,Normal,Male,Milk,Dairy,8,54.18,UPI,4.3,433.44
INV8129,2026-06-06,A,Jaipur,Normal,Female,Chips,Snacks,5,34.75,Card,4.5,173.75
INV8130,2026-03-09,C,Mumbai,Normal,Female,Chips,Snacks,7,34.49,UPI,4.1,241.43
INV8131,2026-02-12,B,Delhi,Normal,Female,Chocolate,Snacks,9,56.66,Card,3.8,509.94
INV8132,2026-04-02,B,Delhi,Member,Female,Tomato,Vegetables,5,45.78,Card,4.5,228.9
INV8133,2026-04-29,C,Mumbai,Member,Female,Chocolate,Snacks,4,58.85,UPI,3.9,235.4
INV8134,2026-05-26,D,Bengaluru,Normal,Male,Cold Drink,Beverages,7,74.39,UPI,3.2,520.73
INV8135,2026-05-17,C,Mumbai,Normal,Female,Rice,Grocery,10,62.1,Net Banking,4.3,621.0
INV8136,2026-03-25,B,Delhi,Normal,Female,Apples,Fruits,5,164.11,Card,4.9,820.55
INV8137,2026-01-03,D,Bengaluru,Member,Male,Noodles,Grocery,10,48.71,Net Banking,4.0,487.1
INV8138,2026-01-03,D,Bengaluru,Member,Female,Coffee,Beverages,1,205.73,Card,4.7,205.73
INV8139,2026-06-21,B,Delhi,Normal,Male,Cooking Oil,Grocery,2,152.15,Cash,3.1,304.3
INV8140,2026-02-21,B,Delhi,Normal,Female,Bread,Bakery,4,33.72,Net Banking,3.3,134.88
INV8141,2026-03-17,D,Bengaluru,Normal,Male,Potato,Vegetables,1,32.82,UPI,4.8,32.82
INV8142,2026-04-20,B,Delhi,Member,Male,Shampoo,Personal Care,8,155.2,Cash,3.3,1241.6
INV8143,2026-04-16,C,Mumbai,Normal,Male,Soap,Personal Care,4,41.99,UPI,3.2,167.96
INV8144,2026-07-01,D,Bengaluru,Normal,Female,Shampoo,Personal Care,7,159.96,Cash,4.7,1119.72
INV8145,2026-02-17,B,Delhi,Member,Male,Eggs,Dairy,10,102.22,Cash,4.1,1022.2
INV8146,2026-05-13,C,Mumbai,Normal,Female,Cooking Oil,Grocery,6,133.62,Net Banking,4.2,801.72
INV8147,2026-05-12,B,Delhi,Normal,Female,Tomato,Vegetables,2,47.55,UPI,3.3,95.1
INV8148,2026-04-16,C,Mumbai,Normal,Male,Milk,Dairy,5,46.39,Net Banking,4.4,231.95
INV8149,2026-04-16,A,Jaipur,Member,Male,Eggs,Dairy,3,77.34,Cash,3.8,232.02
INV8150,2026-03-20,C,Mumbai,Member,Female,Chocolate,Snacks,9,46.54,Card,4.2,418.86
INV8151,2026-06-27,C,Mumbai,Member,Male,Cold Drink,Beverages,6,55.27,Card,3.3,331.62
INV8152,2026-05-25,C,Mumbai,Member,Male,Apples,Fruits,7,123.5,Cash,3.1,864.5
INV8153,2026-06-19,D,Bengaluru,Normal,Female,Rice,Grocery,9,79.72,UPI,3.8,717.48
INV8154,2026-02-10,A,Jaipur,Member,Male,Face Wash,Personal Care,6,132.0,UPI,3.3,792.0
INV8155,2026-01-22,B,Delhi,Member,Male,Soap,Personal Care,8,52.75,UPI,4.6,422.0
INV8156,2026-03-15,C,Mumbai,Member,Male,Potato,Vegetables,7,39.86,Card,4.8,279.02
INV8157,2026-03-13,C,Mumbai,Member,Male,Cooking Oil,Grocery,4,163.23,Net Banking,4.8,652.92
INV8158,2026-03-30,D,Bengaluru,Normal,Female,Cooking Oil,Grocery,7,172.22,UPI,3.1,1205.54
INV8159,2026-06-03,D,Bengaluru,Member,Male,Chocolate,Snacks,7,47.83,Net Banking,3.8,334.81
INV8160,2026-03-24,A,Jaipur,Member,Female,Face Wash,Personal Care,10,129.98,UPI,4.6,1299.8
INV8161,2026-02-04,D,Bengaluru,Member,Female,Bread,Bakery,5,37.36,UPI,4.3,186.8
INV8162,2026-03-20,A,Jaipur,Member,Female,Cooking Oil,Grocery,2,162.43,UPI,3.5,324.86
INV8163,2026-04-15,A,Jaipur,Member,Male,Face Wash,Personal Care,4,114.37,Net Banking,4.6,457.48
INV8164,2026-02-25,B,Delhi,Normal,Female,Bread,Bakery,2,36.28,Net Banking,4.2,72.56
INV8165,2026-01-13,C,Mumbai,Member,Female,Potato,Vegetables,7,30.81,Net Banking,3.4,215.67
INV8166,2026-05-25,D,Bengaluru,Member,Male,Soap,Personal Care,10,49.29,Cash,3.1,492.9
INV8167,2026-03-10,B,Delhi,Normal,Female,Chips,Snacks,5,30.32,Card,3.9,151.6
INV8168,2026-03-30,C,Mumbai,Member,Male,Face Wash,Personal Care,7,126.37,Cash,3.3,884.59
INV8169,2026-03-07,C,Mumbai,Normal,Male,Noodles,Grocery,2,57.7,Card,4.8,115.4
INV8170,2026-01-06,C,Mumbai,Normal,Female,Face Wash,Personal Care,4,127.75,Cash,4.7,511.0
INV8171,2026-02-03,B,Delhi,Normal,Male,Coffee,Beverages,7,184.81,Card,3.9,1293.67
INV8172,2026-04-04,C,Mumbai,Normal,Female,Bananas,Fruits,6,63.28,Net Banking,4.3,379.68
INV8173,2026-04-15,A,Jaipur,Normal,Male,Soap,Personal Care,7,51.47,Card,3.2,360.29
INV8174,2026-06-22,A,Jaipur,Normal,Female,Chips,Snacks,2,30.78,UPI,3.5,61.56
INV8175,2026-02-03,C,Mumbai,Member,Female,Chocolate,Snacks,7,53.24,Net Banking,3.5,372.68
INV8176,2026-04-26,B,Delhi,Normal,Male,Shampoo,Personal Care,6,170.61,Cash,4.1,1023.66
INV8177,2026-04-25,C,Mumbai,Member,Female,Noodles,Grocery,3,60.82,UPI,4.8,182.46
INV8178,2026-02-06,D,Bengaluru,Normal,Female,Tomato,Vegetables,1,45.23,UPI,4.1,45.23
INV8179,2026-02-10,C,Mumbai,Member,Male,Tomato,Vegetables,5,50.99,Net Banking,4.6,254.95
INV8180,2026-07-01,D,Bengaluru,Normal,Male,Chips,Snacks,9,33.2,UPI,4.6,298.8
INV8181,2026-01-12,B,Delhi,Member,Male,Tomato,Vegetables,3,46.59,Net Banking,3.5,139.77
INV8182,2026-04-13,C,Mumbai,Normal,Female,Cooking Oil,Grocery,5,169.77,Card,3.1,848.85
INV8183,2026-02-15,A,Jaipur,Member,Male,Eggs,Dairy,1,82.4,Net Banking,3.8,82.4
INV8184,2026-06-17,C,Mumbai,Member,Female,Potato,Vegetables,3,29.42,Net Banking,4.4,88.26
INV8185,2026-03-09,D,Bengaluru,Member,Male,Cold Drink,Beverages,3,56.09,Cash,3.3,168.27
INV8186,2026-01-29,D,Bengaluru,Normal,Female,Cheese,Dairy,1,246.21,UPI,3.5,246.21
INV8187,2026-06-27,C,Mumbai,Member,Male,Noodles,Grocery,2,54.35,Cash,3.3,108.7
INV8188,2026-02-13,D,Bengaluru,Normal,Female,Tomato,Vegetables,9,40.34,Cash,4.6,363.06
INV8189,2026-03-15,C,Mumbai,Member,Male,Apples,Fruits,5,119.5,Cash,3.0,597.5
INV8190,2026-03-09,C,Mumbai,Normal,Male,Eggs,Dairy,7,100.68,Cash,3.4,704.76
INV8191,2026-02-19,B,Delhi,Normal,Male,Apples,Fruits,10,153.01,Cash,4.0,1530.1
INV8192,2026-03-08,D,Bengaluru,Member,Male,Noodles,Grocery,5,46.23,UPI,3.7,231.15
INV8193,2026-06-11,C,Mumbai,Member,Male,Shampoo,Personal Care,4,200.96,UPI,3.8,803.84
INV8194,2026-02-25,C,Mumbai,Normal,Male,Potato,Vegetables,3,36.61,UPI,4.8,109.83
INV8195,2026-01-18,D,Bengaluru,Normal,Female,Biscuits,Snacks,1,30.27,Cash,4.5,30.27
INV8196,2026-03-04,B,Delhi,Normal,Male,Shampoo,Personal Care,3,152.93,UPI,4.4,458.79
INV8197,2026-05-05,B,Delhi,Member,Male,Biscuits,Snacks,4,32.24,Cash,3.4,128.96
INV8198,2026-02-25,C,Mumbai,Member,Male,Cold Drink,Beverages,7,62.12,UPI,4.2,434.84
INV8199,2026-01-25,A,Jaipur,Member,Male,Bread,Bakery,5,37.25,UPI,4.3,186.25
INV8200,2026-06-25,C,Mumbai,Member,Female,Rice,Grocery,5,78.49,UPI,4.3,392.45
INV8201,2026-06-06,A,Jaipur,Member,Male,Cold Drink,Beverages,10,74.01,UPI,4.2,740.1
INV8202,2026-06-30,B,Delhi,Member,Female,Tea,Beverages,3,125.48,Net Banking,3.8,376.44
INV8203,2026-03-31,A,Jaipur,Member,Female,Chocolate,Snacks,3,57.0,UPI,4.1,171.0
INV8204,2026-02-07,B,Delhi,Normal,Male,Tea,Beverages,5,136.71,UPI,4.8,683.55
INV8205,2026-06-06,D,Bengaluru,Normal,Female,Cheese,Dairy,3,209.03,Net Banking,3.3,627.09
INV8206,2026-04-11,A,Jaipur,Member,Female,Chips,Snacks,10,29.98,Card,4.4,299.8
INV8207,2026-01-28,D,Bengaluru,Member,Male,Bread,Bakery,9,34.43,Card,4.0,309.87
INV8208,2026-02-17,B,Delhi,Member,Male,Cheese,Dairy,8,232.4,Net Banking,3.8,1859.2
INV8209,2026-01-03,D,Bengaluru,Normal,Female,Chips,Snacks,2,34.13,Card,3.3,68.26
INV8210,2026-01-21,C,Mumbai,Normal,Female,Soap,Personal Care,9,52.22,UPI,4.5,469.98
INV8211,2026-04-04,A,Jaipur,Member,Female,Apples,Fruits,8,161.6,Cash,3.1,1292.8
INV8212,2026-02-03,D,Bengaluru,Normal,Female,Noodles,Grocery,6,53.58,Cash,3.2,321.48
INV8213,2026-05-11,B,Delhi,Member,Female,Bananas,Fruits,4,61.97,UPI,3.2,247.88
INV8214,2026-06-02,B,Delhi,Normal,Male,Soap,Personal Care,7,42.85,UPI,4.8,299.95
INV8215,2026-04-01,B,Delhi,Member,Male,Soap,Personal Care,10,44.43,Card,3.2,444.3
INV8216,2026-01-05,C,Mumbai,Normal,Male,Rice,Grocery,7,81.41,Net Banking,5.0,569.87
INV8217,2026-06-22,B,Delhi,Member,Female,Soap,Personal Care,8,48.12,Cash,4.5,384.96
INV8218,2026-06-10,A,Jaipur,Normal,Female,Cold Drink,Beverages,6,61.68,UPI,3.1,370.08
INV8219,2026-06-22,B,Delhi,Normal,Female,Coffee,Beverages,3,189.04,Net Banking,3.1,567.12
INV8220,2026-01-24,D,Bengaluru,Member,Female,Coffee,Beverages,9,156.23,Net Banking,3.5,1406.07
INV8221,2026-01-30,A,Jaipur,Member,Male,Bananas,Fruits,3,53.56,UPI,3.7,160.68
INV8222,2026-03-24,B,Delhi,Member,Male,Rice,Grocery,9,67.93,Net Banking,3.1,611.37
INV8223,2026-03-08,B,Delhi,Normal,Female,Cooking Oil,Grocery,7,143.97,Cash,3.7,1007.79
INV8224,2026-06-15,A,Jaipur,Member,Male,Apples,Fruits,10,152.65,Cash,4.5,1526.5
INV8225,2026-04-25,B,Delhi,Member,Male,Chips,Snacks,9,34.66,Net Banking,4.3,311.94
INV8226,2026-05-03,C,Mumbai,Member,Female,Cheese,Dairy,7,226.3,UPI,4.2,1584.1
INV8227,2026-03-29,C,Mumbai,Member,Female,Eggs,Dairy,4,82.1,Net Banking,4.2,328.4
INV8228,2026-04-09,A,Jaipur,Normal,Female,Shampoo,Personal Care,3,150.96,Card,3.6,452.88
INV8229,2026-03-28,C,Mumbai,Member,Male,Soap,Personal Care,7,49.84,UPI,3.5,348.88
INV8230,2026-06-23,C,Mumbai,Member,Male,Cold Drink,Beverages,6,57.34,UPI,3.5,344.04
INV8231,2026-06-15,C,Mumbai,Normal,Female,Potato,Vegetables,7,37.97,UPI,4.5,265.79
INV8232,2026-01-20,D,Bengaluru,Member,Male,Rice,Grocery,7,68.83,Cash,3.4,481.81
INV8233,2026-03-13,D,Bengaluru,Member,Female,Rice,Grocery,10,73.72,UPI,3.5,737.2
INV8234,2026-01-08,D,Bengaluru,Member,Male,Tea,Beverages,3,127.57,UPI,4.3,382.71
INV8235,2026-06-29,B,Delhi,Member,Male,Apples,Fruits,3,165.06,Cash,3.6,495.18
INV8236,2026-04-02,C,Mumbai,Member,Male,Apples,Fruits,6,162.89,Cash,4.8,977.34
INV8237,2026-06-10,B,Delhi,Member,Female,Bananas,Fruits,9,66.49,Cash,4.4,598.41
INV8238,2026-01-06,D,Bengaluru,Member,Female,Coffee,Beverages,2,172.37,UPI,4.0,344.74
INV8239,2026-03-19,C,Mumbai,Normal,Female,Face Wash,Personal Care,3,120.17,UPI,4.4,360.51
INV8240,2026-06-15,B,Delhi,Normal,Male,Eggs,Dairy,8,100.62,Cash,4.6,804.96
INV8241,2026-01-13,A,Jaipur,Member,Female,Face Wash,Personal Care,1,134.28,Cash,3.5,134.28
INV8242,2026-06-14,C,Mumbai,Member,Male,Noodles,Grocery,6,50.49,Card,4.4,302.94
INV8243,2026-02-11,D,Bengaluru,Normal,Male,Tea,Beverages,4,110.37,Cash,4.1,441.48
INV8244,2026-04-28,A,Jaipur,Member,Female,Shampoo,Personal Care,3,178.55,Net Banking,4.3,535.65
INV8245,2026-01-23,C,Mumbai,Normal,Male,Cooking Oil,Grocery,7,174.96,Card,4.8,1224.72
INV8246,2026-03-22,D,Bengaluru,Normal,Male,Cold Drink,Beverages,4,62.52,Cash,3.1,250.08
INV8247,2026-01-27,A,Jaipur,Member,Male,Noodles,Grocery,3,47.77,Cash,3.8,143.31
INV8248,2026-02-17,A,Jaipur,Normal,Male,Coffee,Beverages,10,185.37,Cash,4.5,1853.7
INV8249,2026-05-19,A,Jaipur,Normal,Male,Rice,Grocery,9,67.65,Cash,3.5,608.85
INV8250,2026-06-03,D,Bengaluru,Member,Female,Biscuits,Snacks,7,33.14,Net Banking,3.1,231.98
INV8251,2026-06-11,D,Bengaluru,Member,Female,Chips,Snacks,6,31.21,Cash,3.4,187.26
INV8252,2026-03-01,D,Bengaluru,Member,Female,Cheese,Dairy,1,236.07,UPI,3.6,236.07
INV8253,2026-06-25,D,Bengaluru,Member,Male,Milk,Dairy,5,61.55,Card,4.3,307.75
INV8254,2026-03-30,C,Mumbai,Member,Female,Milk,Dairy,1,60.67,Cash,4.6,60.67
INV8255,2026-06-03,B,Delhi,Member,Male,Biscuits,Snacks,3,26.3,UPI,3.9,78.9
INV8256,2026-05-03,A,Jaipur,Member,Male,Coffee,Beverages,10,170.2,Net Banking,4.8,1702.0
INV8257,2026-03-11,C,Mumbai,Member,Male,Bread,Bakery,8,36.01,Card,3.4,288.08
INV8258,2026-02-12,D,Bengaluru,Member,Male,Biscuits,Snacks,3,32.94,Cash,3.4,98.82
INV8259,2026-06-19,D,Bengaluru,Member,Female,Bread,Bakery,7,43.1,Card,3.1,301.7
INV8260,2026-03-26,D,Bengaluru,Member,Male,Cooking Oil,Grocery,10,161.47,Cash,3.0,1614.7
INV8261,2026-02-22,A,Jaipur,Normal,Female,Bread,Bakery,9,37.47,Net Banking,3.2,337.23
INV8262,2026-04-19,B,Delhi,Normal,Female,Potato,Vegetables,5,37.81,Net Banking,3.4,189.05
INV8263,2026-03-03,B,Delhi,Normal,Female,Bread,Bakery,6,39.76,Card,5.0,238.56
INV8264,2026-01-12,A,Jaipur,Member,Female,Tomato,Vegetables,10,52.9,Card,3.9,529.0
INV8265,2026-05-10,B,Delhi,Member,Male,Bread,Bakery,3,42.04,Card,4.6,126.12
INV8266,2026-01-31,D,Bengaluru,Normal,Male,Cooking Oil,Grocery,2,125.22,Net Banking,3.1,250.44
INV8267,2026-02-13,B,Delhi,Normal,Male,Cooking Oil,Grocery,7,170.08,UPI,3.1,1190.56
INV8268,2026-06-09,A,Jaipur,Normal,Male,Chips,Snacks,3,36.62,Card,3.3,109.86
INV8269,2026-03-10,D,Bengaluru,Normal,Female,Coffee,Beverages,7,179.29,Cash,4.9,1255.03
INV8270,2026-04-14,B,Delhi,Normal,Male,Bread,Bakery,8,40.21,Net Banking,4.4,321.68
INV8271,2026-04-29,C,Mumbai,Normal,Male,Cold Drink,Beverages,9,65.54,Card,4.9,589.86
INV8272,2026-04-07,B,Delhi,Member,Male,Tomato,Vegetables,6,47.31,Net Banking,3.9,283.86
INV8273,2026-02-14,B,Delhi,Normal,Male,Shampoo,Personal Care,7,176.54,Card,4.5,1235.78
INV8274,2026-06-30,A,Jaipur,Normal,Female,Bread,Bakery,7,42.71,Net Banking,3.2,298.97
INV8275,2026-03-14,B,Delhi,Member,Male,Eggs,Dairy,9,99.85,Net Banking,4.1,898.65
INV8276,2026-06-03,D,Bengaluru,Member,Male,Rice,Grocery,3,66.48,Card,3.3,199.44
INV8277,2026-05-27,C,Mumbai,Normal,Female,Shampoo,Personal Care,9,197.33,Cash,3.3,1775.97
INV8278,2026-03-18,D,Bengaluru,Member,Male,Tea,Beverages,9,107.17,Net Banking,3.2,964.53
INV8279,2026-01-23,C,Mumbai,Normal,Male,Coffee,Beverages,2,171.03,Cash,4.8,342.06
INV8280,2026-04-11,C,Mumbai,Normal,Male,Chips,Snacks,10,37.63,Cash,3.0,376.3
INV8281,2026-01-11,B,Delhi,Member,Male,Cold Drink,Beverages,3,66.31,Net Banking,4.3,198.93
INV8282,2026-05-11,B,Delhi,Member,Female,Bread,Bakery,9,46.26,Net Banking,3.9,416.34
INV8283,2026-05-04,C,Mumbai,Member,Female,Cooking Oil,Grocery,9,145.35,Net Banking,4.0,1308.15
INV8284,2026-05-18,A,Jaipur,Normal,Male,Chocolate,Snacks,8,42.24,Cash,3.0,337.92
INV8285,2026-05-24,C,Mumbai,Normal,Male,Tomato,Vegetables,9,51.54,Net Banking,3.0,463.86
INV8286,2026-06-03,B,Delhi,Member,Female,Coffee,Beverages,5,202.84,Net Banking,4.4,1014.2
INV8287,2026-01-11,A,Jaipur,Normal,Male,Cheese,Dairy,4,203.09,Net Banking,4.4,812.36
INV8288,2026-01-23,C,Mumbai,Normal,Male,Cheese,Dairy,2,190.84,Net Banking,3.9,381.68
INV8289,2026-01-14,A,Jaipur,Member,Male,Noodles,Grocery,2,49.57,Card,4.6,99.14
INV8290,2026-02-12,C,Mumbai,Member,Female,Biscuits,Snacks,1,33.54,Net Banking,3.3,33.54
INV8291,2026-05-29,C,Mumbai,Normal,Female,Rice,Grocery,1,67.39,Cash,3.2,67.39
INV8292,2026-03-07,B,Delhi,Normal,Female,Eggs,Dairy,2,92.85,Cash,4.6,185.7
INV8293,2026-03-25,C,Mumbai,Member,Female,Bananas,Fruits,6,69.15,UPI,3.7,414.9
INV8294,2026-01-20,B,Delhi,Member,Female,Cold Drink,Beverages,4,56.74,Card,4.0,226.96
INV8295,2026-06-22,A,Jaipur,Member,Female,Chips,Snacks,3,34.31,Card,5.0,102.93
INV8296,2026-06-07,B,Delhi,Member,Male,Bananas,Fruits,6,62.58,UPI,4.8,375.48
INV8297,2026-05-15,A,Jaipur,Member,Male,Cold Drink,Beverages,1,68.25,Cash,3.3,68.25
INV8298,2026-07-01,D,Bengaluru,Normal,Female,Chocolate,Snacks,9,56.85,Cash,4.0,511.65
INV8299,2026-03-26,B,Delhi,Member,Female,Face Wash,Personal Care,9,109.74,Net Banking,3.7,987.66
INV8300,2026-01-10,A,Jaipur,Normal,Male,Chocolate,Snacks,5,57.96,UPI,4.6,289.8
INV8301,2026-01-31,B,Delhi,Normal,Female,Eggs,Dairy,10,77.05,Cash,4.1,770.5
INV8302,2026-04-26,B,Delhi,Normal,Female,Coffee,Beverages,9,173.83,UPI,3.8,1564.47
INV8303,2026-03-06,A,Jaipur,Normal,Female,Cold Drink,Beverages,8,57.92,UPI,4.1,463.36
INV8304,2026-02-02,B,Delhi,Member,Male,Bread,Bakery,9,33.32,Card,4.3,299.88
INV8305,2026-04-20,C,Mumbai,Normal,Female,Noodles,Grocery,7,57.8,Cash,3.1,404.6
INV8306,2026-05-05,C,Mumbai,Normal,Male,Face Wash,Personal Care,7,106.13,Cash,3.8,742.91
INV8307,2026-03-23,B,Delhi,Member,Male,Milk,Dairy,9,63.77,Net Banking,3.7,573.93
INV8308,2026-01-27,B,Delhi,Normal,Male,Milk,Dairy,6,51.11,Cash,3.8,306.66
INV8309,2026-01-10,B,Delhi,Member,Male,Soap,Personal Care,9,51.7,Card,3.8,465.3
INV8310,2026-04-14,A,Jaipur,Member,Male,Eggs,Dairy,9,86.66,Cash,4.7,779.94
INV8311,2026-06-20,C,Mumbai,Member,Male,Chips,Snacks,3,35.48,Net Banking,4.8,106.44
INV8312,2026-04-07,C,Mumbai,Normal,Female,Noodles,Grocery,5,53.79,Cash,4.9,268.95
INV8313,2026-05-27,D,Bengaluru,Normal,Female,Cold Drink,Beverages,3,59.67,UPI,3.2,179.01
INV8314,2026-06-19,C,Mumbai,Normal,Male,Face Wash,Personal Care,1,138.94,Card,4.8,138.94
INV8315,2026-01-29,A,Jaipur,Normal,Female,Cheese,Dairy,5,234.79,Net Banking,4.5,1173.95
INV8316,2026-01-28,C,Mumbai,Normal,Female,Rice,Grocery,9,79.99,Net Banking,4.7,719.91
INV8317,2026-01-25,B,Delhi,Member,Female,Cheese,Dairy,6,197.61,UPI,3.1,1185.66
INV8318,2026-04-22,A,Jaipur,Member,Female,Noodles,Grocery,3,56.52,Card,3.1,169.56
INV8319,2026-01-01,D,Bengaluru,Normal,Female,Cheese,Dairy,10,256.98,Cash,4.5,2569.8
INV8320,2026-05-23,D,Bengaluru,Normal,Female,Biscuits,Snacks,2,33.04,Card,4.6,66.08
INV8321,2026-04-13,B,Delhi,Normal,Female,Biscuits,Snacks,5,28.75,Card,4.7,143.75
INV8322,2026-01-17,A,Jaipur,Normal,Male,Shampoo,Personal Care,8,169.94,Card,3.6,1359.52
INV8323,2026-06-22,D,Bengaluru,Member,Female,Biscuits,Snacks,10,25.83,Card,4.3,258.3
INV8324,2026-03-23,D,Bengaluru,Normal,Female,Cold Drink,Beverages,3,62.7,Card,3.6,188.1
INV8325,2026-05-19,D,Bengaluru,Normal,Male,Coffee,Beverages,1,160.11,Card,3.7,160.11
INV8326,2026-03-15,C,Mumbai,Normal,Male,Chips,Snacks,9,33.31,UPI,3.2,299.79
INV8327,2026-05-09,C,Mumbai,Normal,Male,Biscuits,Snacks,8,32.78,Net Banking,5.0,262.24
INV8328,2026-04-13,C,Mumbai,Normal,Female,Cooking Oil,Grocery,1,141.18,UPI,3.8,141.18
INV8329,2026-02-09,A,Jaipur,Member,Male,Milk,Dairy,5,51.02,Cash,3.0,255.1
INV8330,2026-01-05,D,Bengaluru,Member,Male,Chocolate,Snacks,8,58.05,Net Banking,3.6,464.4
INV8331,2026-06-10,A,Jaipur,Member,Male,Noodles,Grocery,1,58.33,Net Banking,4.5,58.33
INV8332,2026-04-21,D,Bengaluru,Normal,Male,Tea,Beverages,1,121.35,Cash,3.4,121.35
INV8333,2026-05-20,B,Delhi,Normal,Female,Biscuits,Snacks,10,25.88,Net Banking,4.5,258.8
INV8334,2026-05-10,C,Mumbai,Member,Female,Bread,Bakery,3,42.51,Cash,3.3,127.53
INV8335,2026-04-05,C,Mumbai,Member,Female,Tea,Beverages,5,128.03,Card,4.7,640.15
INV8336,2026-05-23,B,Delhi,Normal,Male,Apples,Fruits,8,149.83,Card,3.0,1198.64
INV8337,2026-07-01,C,Mumbai,Normal,Female,Eggs,Dairy,10,101.69,Net Banking,3.4,1016.9
INV8338,2026-02-15,B,Delhi,Member,Female,Cold Drink,Beverages,8,60.84,Net Banking,3.2,486.72
INV8339,2026-02-24,B,Delhi,Member,Female,Cooking Oil,Grocery,6,146.36,Card,4.3,878.16
INV8340,2026-06-19,B,Delhi,Member,Female,Eggs,Dairy,8,81.88,Card,4.2,655.04
INV8341,2026-01-27,C,Mumbai,Member,Female,Apples,Fruits,7,160.34,Cash,3.9,1122.38
INV8342,2026-05-02,A,Jaipur,Normal,Female,Eggs,Dairy,4,92.8,Net Banking,3.7,371.2
INV8343,2026-01-11,D,Bengaluru,Member,Female,Rice,Grocery,6,62.55,Net Banking,4.9,375.3
INV8344,2026-03-26,B,Delhi,Member,Male,Soap,Personal Care,7,38.02,UPI,3.7,266.14
INV8345,2026-05-01,C,Mumbai,Normal,Male,Face Wash,Personal Care,9,138.95,Card,4.0,1250.55
INV8346,2026-05-21,A,Jaipur,Member,Female,Apples,Fruits,1,135.61,Card,4.6,135.61
INV8347,2026-02-24,A,Jaipur,Normal,Female,Apples,Fruits,8,146.57,Net Banking,3.7,1172.56
INV8348,2026-06-07,D,Bengaluru,Member,Male,Cooking Oil,Grocery,1,137.22,UPI,3.5,137.22
INV8349,2026-04-29,A,Jaipur,Member,Female,Biscuits,Snacks,5,27.17,Cash,3.7,135.85
INV8350,2026-05-17,C,Mumbai,Normal,Female,Face Wash,Personal Care,5,136.79,Cash,4.2,683.95
INV8351,2026-01-22,B,Delhi,Member,Female,Bananas,Fruits,2,52.54,Card,4.0,105.08
INV8352,2026-04-15,C,Mumbai,Normal,Male,Cooking Oil,Grocery,7,147.37,UPI,3.1,1031.59
INV8353,2026-01-20,C,Mumbai,Normal,Male,Chips,Snacks,1,36.65,UPI,4.4,36.65
INV8354,2026-04-12,A,Jaipur,Member,Male,Bread,Bakery,6,35.27,Cash,4.3,211.62
INV8355,2026-03-21,B,Delhi,Normal,Female,Chips,Snacks,7,36.6,Card,4.4,256.2
INV8356,2026-04-07,B,Delhi,Normal,Male,Cold Drink,Beverages,7,59.1,Net Banking,3.1,413.7
INV8357,2026-02-06,B,Delhi,Normal,Female,Tea,Beverages,10,139.12,UPI,4.1,1391.2
INV8358,2026-03-19,B,Delhi,Member,Male,Soap,Personal Care,1,52.68,Net Banking,4.5,52.68
INV8359,2026-05-17,C,Mumbai,Normal,Male,Soap,Personal Care,7,43.17,Card,3.2,302.19
INV8360,2026-02-07,C,Mumbai,Member,Male,Tea,Beverages,4,132.83,Cash,3.9,531.32
INV8361,2026-01-20,C,Mumbai,Normal,Male,Bananas,Fruits,7,62.66,UPI,3.8,438.62
INV8362,2026-03-17,D,Bengaluru,Normal,Male,Rice,Grocery,5,78.53,Net Banking,3.3,392.65
INV8363,2026-04-22,B,Delhi,Normal,Female,Biscuits,Snacks,10,30.29,UPI,3.6,302.9
INV8364,2026-03-27,C,Mumbai,Normal,Female,Rice,Grocery,5,80.76,UPI,4.1,403.8
INV8365,2026-01-09,B,Delhi,Normal,Female,Rice,Grocery,8,68.99,UPI,4.9,551.92
INV8366,2026-03-17,B,Delhi,Normal,Female,Tomato,Vegetables,1,42.87,Card,4.1,42.87
INV8367,2026-06-05,B,Delhi,Member,Female,Apples,Fruits,6,160.56,Net Banking,3.4,963.36
INV8368,2026-06-03,B,Delhi,Member,Male,Rice,Grocery,4,67.4,UPI,4.6,269.6
INV8369,2026-06-18,A,Jaipur,Member,Male,Cooking Oil,Grocery,9,152.14,Net Banking,4.3,1369.26
INV8370,2026-04-22,D,Bengaluru,Normal,Female,Cooking Oil,Grocery,7,140.57,Card,3.8,983.99
INV8371,2026-06-07,B,Delhi,Member,Female,Cooking Oil,Grocery,9,166.66,UPI,4.7,1499.94
INV8372,2026-04-09,B,Delhi,Normal,Female,Potato,Vegetables,8,40.55,UPI,3.6,324.4
INV8373,2026-05-28,D,Bengaluru,Member,Female,Cheese,Dairy,3,237.52,UPI,3.2,712.56
INV8374,2026-06-05,B,Delhi,Normal,Male,Shampoo,Personal Care,2,193.95,Net Banking,4.7,387.9
INV8375,2026-03-18,B,Delhi,Member,Male,Shampoo,Personal Care,10,195.21,Net Banking,4.8,1952.1
INV8376,2026-03-24,D,Bengaluru,Member,Female,Rice,Grocery,1,65.41,UPI,3.6,65.41
INV8377,2026-06-19,C,Mumbai,Member,Female,Cheese,Dairy,2,238.04,Net Banking,4.0,476.08
INV8378,2026-02-12,A,Jaipur,Member,Male,Eggs,Dairy,1,92.8,Net Banking,4.6,92.8
INV8379,2026-04-22,C,Mumbai,Normal,Male,Cheese,Dairy,5,227.58,UPI,3.3,1137.9
INV8380,2026-04-30,B,Delhi,Normal,Female,Coffee,Beverages,4,195.91,UPI,3.6,783.64
INV8381,2026-05-28,B,Delhi,Normal,Male,Chips,Snacks,8,30.74,Cash,4.8,245.92
INV8382,2026-06-15,A,Jaipur,Member,Female,Rice,Grocery,2,70.83,Cash,3.9,141.66
INV8383,2026-03-17,C,Mumbai,Normal,Male,Apples,Fruits,7,129.09,UPI,3.8,903.63
INV8384,2026-03-22,C,Mumbai,Normal,Female,Chocolate,Snacks,7,48.19,Card,3.4,337.33
INV8385,2026-03-24,C,Mumbai,Member,Male,Chocolate,Snacks,5,46.8,UPI,4.1,234.0
INV8386,2026-04-10,D,Bengaluru,Member,Female,Cooking Oil,Grocery,7,144.92,UPI,4.0,1014.44
INV8387,2026-05-26,D,Bengaluru,Member,Male,Cold Drink,Beverages,6,65.97,UPI,4.0,395.82
INV8388,2026-03-22,B,Delhi,Member,Female,Biscuits,Snacks,10,25.51,UPI,4.7,255.1
INV8389,2026-03-08,A,Jaipur,Normal,Male,Bananas,Fruits,4,53.75,UPI,5.0,215.0
INV8390,2026-06-28,C,Mumbai,Member,Male,Soap,Personal Care,10,41.94,UPI,3.7,419.4
INV8391,2026-06-14,C,Mumbai,Normal,Female,Rice,Grocery,5,73.11,UPI,4.3,365.55
INV8392,2026-06-04,D,Bengaluru,Member,Female,Milk,Dairy,9,47.3,UPI,3.5,425.7
INV8393,2026-03-11,C,Mumbai,Member,Female,Soap,Personal Care,10,48.27,Cash,3.6,482.7
INV8394,2026-04-08,B,Delhi,Member,Male,Shampoo,Personal Care,10,190.76,Cash,4.3,1907.6
INV8395,2026-03-30,D,Bengaluru,Member,Male,Chips,Snacks,3,34.3,Cash,3.8,102.9
INV8396,2026-06-27,D,Bengaluru,Normal,Female,Tea,Beverages,9,108.66,Card,3.7,977.94
INV8397,2026-01-04,D,Bengaluru,Member,Female,Potato,Vegetables,9,32.07,Net Banking,3.1,288.63
INV8398,2026-06-04,D,Bengaluru,Member,Female,Cheese,Dairy,10,210.89,Card,3.5,2108.9
INV8399,2026-03-04,D,Bengaluru,Normal,Male,Cold Drink,Beverages,9,57.34,Card,4.5,516.06
INV8400,2026-06-09,B,Delhi,Member,Female,Potato,Vegetables,7,32.99,UPI,3.6,230.93
INV8401,2026-02-01,C,Mumbai,Normal,Female,Shampoo,Personal Care,9,167.11,Cash,4.2,1503.99
INV8402,2026-06-22,A,Jaipur,Normal,Male,Apples,Fruits,2,124.56,UPI,3.3,249.12
INV8403,2026-01-10,B,Delhi,Normal,Female,Rice,Grocery,3,78.09,UPI,4.1,234.27
INV8404,2026-05-16,C,Mumbai,Member,Male,Cooking Oil,Grocery,6,177.17,Cash,4.3,1063.02
INV8405,2026-03-17,C,Mumbai,Normal,Male,Face Wash,Personal Care,4,114.93,UPI,4.7,459.72
INV8406,2026-03-15,D,Bengaluru,Member,Male,Biscuits,Snacks,8,32.01,Net Banking,3.2,256.08
INV8407,2026-06-26,D,Bengaluru,Normal,Female,Rice,Grocery,2,72.32,Net Banking,4.6,144.64
INV8408,2026-03-08,A,Jaipur,Normal,Male,Chocolate,Snacks,7,52.06,Card,3.1,364.42
INV8409,2026-03-19,A,Jaipur,Member,Male,Face Wash,Personal Care,3,115.11,Cash,3.6,345.33
INV8410,2026-01-29,B,Delhi,Normal,Female,Shampoo,Personal Care,1,159.81,Net Banking,4.7,159.81
INV8411,2026-02-26,B,Delhi,Member,Male,Shampoo,Personal Care,6,170.29,Card,3.1,1021.74
INV8412,2026-03-17,A,Jaipur,Normal,Male,Bananas,Fruits,9,52.42,UPI,4.5,471.78
INV8413,2026-06-24,C,Mumbai,Member,Female,Cooking Oil,Grocery,3,170.9,Card,4.4,512.7
INV8414,2026-03-25,D,Bengaluru,Member,Male,Soap,Personal Care,7,40.66,Card,4.7,284.62
INV8415,2026-03-24,A,Jaipur,Normal,Female,Chocolate,Snacks,7,54.45,Net Banking,3.8,381.15
INV8416,2026-05-18,C,Mumbai,Normal,Male,Cheese,Dairy,4,254.99,Card,3.5,1019.96
INV8417,2026-03-20,C,Mumbai,Member,Male,Bananas,Fruits,1,56.47,Cash,4.0,56.47
INV8418,2026-01-06,C,Mumbai,Normal,Female,Chocolate,Snacks,4,48.87,UPI,4.9,195.48
INV8419,2026-06-21,C,Mumbai,Member,Male,Face Wash,Personal Care,1,132.02,Cash,4.0,132.02
INV8420,2026-06-09,C,Mumbai,Normal,Female,Bananas,Fruits,7,56.28,UPI,3.7,393.96
INV8421,2026-06-30,B,Delhi,Member,Female,Coffee,Beverages,7,190.35,Cash,5.0,1332.45
INV8422,2026-06-06,C,Mumbai,Member,Male,Noodles,Grocery,9,61.77,UPI,3.3,555.93
INV8423,2026-03-22,D,Bengaluru,Normal,Female,Face Wash,Personal Care,2,124.71,Cash,4.8,249.42
INV8424,2026-02-04,C,Mumbai,Member,Male,Milk,Dairy,6,58.14,UPI,4.4,348.84
INV8425,2026-05-11,B,Delhi,Member,Male,Rice,Grocery,1,80.25,Net Banking,3.4,80.25
INV8426,2026-04-06,B,Delhi,Normal,Female,Shampoo,Personal Care,4,152.99,Card,4.5,611.96
INV8427,2026-03-07,A,Jaipur,Normal,Male,Eggs,Dairy,8,91.33,Card,3.1,730.64
INV8428,2026-06-06,C,Mumbai,Member,Male,Face Wash,Personal Care,4,104.76,Card,4.2,419.04
INV8429,2026-03-07,A,Jaipur,Normal,Male,Cheese,Dairy,10,244.98,Card,4.9,2449.8
INV8430,2026-04-16,B,Delhi,Member,Male,Bananas,Fruits,7,51.59,UPI,3.5,361.13
INV8431,2026-06-03,C,Mumbai,Member,Male,Coffee,Beverages,2,166.32,Cash,3.6,332.64
INV8432,2026-01-18,C,Mumbai,Normal,Male,Tomato,Vegetables,5,50.04,Cash,3.0,250.2
INV8433,2026-02-26,D,Bengaluru,Normal,Male,Chips,Snacks,8,39.22,Net Banking,4.7,313.76
INV8434,2026-06-14,C,Mumbai,Normal,Female,Tomato,Vegetables,3,40.56,Card,4.5,121.68
INV8435,2026-04-12,B,Delhi,Member,Male,Tomato,Vegetables,10,47.41,Card,4.4,474.1
INV8436,2026-06-28,B,Delhi,Normal,Female,Eggs,Dairy,5,79.71,Net Banking,4.2,398.55
INV8437,2026-03-13,D,Bengaluru,Member,Female,Cheese,Dairy,3,218.19,Card,4.3,654.57
INV8438,2026-03-21,B,Delhi,Normal,Female,Coffee,Beverages,6,208.5,Net Banking,3.6,1251.0
INV8439,2026-03-11,D,Bengaluru,Member,Male,Tea,Beverages,3,138.23,Card,3.2,414.69
INV8440,2026-04-04,D,Bengaluru,Member,Female,Chocolate,Snacks,10,49.73,Cash,3.3,497.3
INV8441,2026-06-23,A,Jaipur,Normal,Male,Bananas,Fruits,6,60.33,Net Banking,4.9,361.98
INV8442,2026-05-28,C,Mumbai,Member,Female,Face Wash,Personal Care,8,116.19,Cash,3.7,929.52
INV8443,2026-01-31,C,Mumbai,Member,Female,Chocolate,Snacks,9,43.1,Card,4.4,387.9
INV8444,2026-02-15,B,Delhi,Member,Male,Coffee,Beverages,10,194.53,Cash,4.4,1945.3
INV8445,2026-02-06,C,Mumbai,Normal,Female,Face Wash,Personal Care,8,127.41,Cash,4.3,1019.28
INV8446,2026-05-20,D,Bengaluru,Member,Female,Soap,Personal Care,7,38.48,UPI,4.0,269.36
INV8447,2026-03-12,C,Mumbai,Normal,Male,Eggs,Dairy,8,90.8,Card,3.3,726.4
INV8448,2026-06-15,B,Delhi,Member,Male,Cooking Oil,Grocery,10,175.0,UPI,4.2,1750.0
INV8449,2026-04-22,B,Delhi,Member,Male,Coffee,Beverages,9,186.94,Net Banking,3.7,1682.46
INV8450,2026-04-28,C,Mumbai,Normal,Male,Cheese,Dairy,6,195.24,UPI,3.4,1171.44
INV8451,2026-01-21,B,Delhi,Member,Female,Bread,Bakery,4,34.67,Card,5.0,138.68
INV8452,2026-04-11,C,Mumbai,Member,Male,Potato,Vegetables,2,34.32,UPI,5.0,68.64
INV8453,2026-05-08,A,Jaipur,Member,Male,Coffee,Beverages,5,186.16,UPI,4.9,930.8
INV8454,2026-02-14,C,Mumbai,Normal,Female,Soap,Personal Care,7,52.34,Card,4.8,366.38
INV8455,2026-02-12,A,Jaipur,Normal,Female,Eggs,Dairy,7,80.53,Cash,4.0,563.71
INV8456,2026-06-05,A,Jaipur,Normal,Female,Face Wash,Personal Care,9,131.23,Net Banking,3.6,1181.07
INV8457,2026-01-26,D,Bengaluru,Member,Male,Rice,Grocery,10,65.08,UPI,3.8,650.8
INV8458,2026-01-22,B,Delhi,Normal,Male,Apples,Fruits,4,131.94,Card,4.8,527.76
INV8459,2026-06-27,A,Jaipur,Member,Female,Shampoo,Personal Care,10,197.23,UPI,4.5,1972.3
INV8460,2026-06-16,D,Bengaluru,Member,Female,Tea,Beverages,4,106.36,Net Banking,3.0,425.44
INV8461,2026-06-11,C,Mumbai,Member,Male,Tea,Beverages,9,123.4,Net Banking,4.6,1110.6
INV8462,2026-02-21,D,Bengaluru,Normal,Male,Tea,Beverages,5,124.13,Net Banking,4.6,620.65
INV8463,2026-07-01,B,Delhi,Normal,Male,Apples,Fruits,10,145.13,UPI,4.0,1451.3
INV8464,2026-03-23,B,Delhi,Normal,Female,Bread,Bakery,3,34.76,Cash,4.6,104.28
INV8465,2026-03-14,A,Jaipur,Member,Female,Chips,Snacks,6,34.23,Cash,3.1,205.38
INV8466,2026-05-16,D,Bengaluru,Normal,Female,Coffee,Beverages,3,175.14,Cash,4.1,525.42
INV8467,2026-03-13,C,Mumbai,Normal,Male,Tomato,Vegetables,7,47.11,Card,4.0,329.77
INV8468,2026-03-22,B,Delhi,Member,Male,Bread,Bakery,5,37.48,Cash,4.6,187.4
INV8469,2026-01-27,D,Bengaluru,Normal,Female,Bread,Bakery,9,34.19,Cash,3.5,307.71
INV8470,2026-06-27,B,Delhi,Normal,Female,Chocolate,Snacks,10,50.83,Net Banking,3.8,508.3
INV8471,2026-02-09,B,Delhi,Normal,Male,Eggs,Dairy,1,101.33,Card,4.8,101.33
INV8472,2026-06-07,B,Delhi,Normal,Female,Chocolate,Snacks,10,56.57,Net Banking,3.7,565.7
INV8473,2026-03-30,C,Mumbai,Normal,Male,Chocolate,Snacks,8,43.68,UPI,4.4,349.44
INV8474,2026-06-08,B,Delhi,Normal,Male,Coffee,Beverages,6,190.11,UPI,4.9,1140.66
INV8475,2026-02-24,D,Bengaluru,Member,Male,Biscuits,Snacks,3,31.48,Net Banking,4.8,94.44
INV8476,2026-01-30,B,Delhi,Member,Male,Bananas,Fruits,1,50.41,Card,4.1,50.41
INV8477,2026-04-12,B,Delhi,Member,Female,Tomato,Vegetables,4,48.08,Cash,3.5,192.32
INV8478,2026-01-10,C,Mumbai,Normal,Male,Cheese,Dairy,3,238.51,Cash,3.7,715.53
INV8479,2026-02-18,D,Bengaluru,Normal,Female,Chips,Snacks,7,34.03,Card,4.3,238.21
INV8480,2026-04-29,C,Mumbai,Member,Female,Cheese,Dairy,6,232.01,Cash,4.6,1392.06
INV8481,2026-02-18,D,Bengaluru,Member,Male,Tomato,Vegetables,5,42.74,Cash,4.1,213.7
INV8482,2026-02-21,C,Mumbai,Normal,Female,Cold Drink,Beverages,7,73.17,Net Banking,3.4,512.19
INV8483,2026-01-22,D,Bengaluru,Normal,Female,Coffee,Beverages,5,170.96,UPI,3.4,854.8
INV8484,2026-06-09,D,Bengaluru,Normal,Female,Soap,Personal Care,2,51.06,Card,4.2,102.12
INV8485,2026-03-28,D,Bengaluru,Normal,Female,Biscuits,Snacks,7,27.84,Card,4.6,194.88
INV8486,2026-02-19,B,Delhi,Normal,Female,Biscuits,Snacks,10,32.65,Cash,3.7,326.5
INV8487,2026-01-26,C,Mumbai,Normal,Male,Shampoo,Personal Care,5,194.18,Cash,3.9,970.9
INV8488,2026-06-15,B,Delhi,Member,Female,Soap,Personal Care,3,52.5,UPI,3.8,157.5
INV8489,2026-04-21,B,Delhi,Member,Male,Bananas,Fruits,6,57.17,Card,4.8,343.02
INV8490,2026-03-01,D,Bengaluru,Normal,Female,Chips,Snacks,8,36.77,Net Banking,3.9,294.16
INV8491,2026-03-03,D,Bengaluru,Member,Male,Cooking Oil,Grocery,4,166.61,UPI,3.7,666.44
INV8492,2026-04-25,C,Mumbai,Member,Female,Cold Drink,Beverages,1,73.63,Net Banking,3.6,73.63
INV8493,2026-06-21,C,Mumbai,Normal,Female,Cooking Oil,Grocery,4,166.79,UPI,4.4,667.16
INV8494,2026-04-04,A,Jaipur,Member,Female,Milk,Dairy,2,52.46,Net Banking,3.3,104.92
INV8495,2026-03-14,B,Delhi,Normal,Male,Cold Drink,Beverages,1,74.82,Net Banking,4.5,74.82
INV8496,2026-01-25,C,Mumbai,Normal,Male,Noodles,Grocery,10,53.22,Net Banking,3.7,532.2
INV8497,2026-02-19,C,Mumbai,Member,Female,Cheese,Dairy,9,256.14,Card,4.8,2305.26
INV8498,2026-02-10,C,Mumbai,Member,Male,Face Wash,Personal Care,10,117.39,Cash,4.1,1173.9
INV8499,2026-02-22,C,Mumbai,Member,Male,Face Wash,Personal Care,3,101.2,Card,4.1,303.6
INV8500,2026-03-02,B,Delhi,Normal,Female,Rice,Grocery,3,62.17,Net Banking,4.6,186.51
INV8501,2026-02-18,C,Mumbai,Normal,Male,Noodles,Grocery,7,50.44,Cash,4.0,353.08
INV8502,2026-02-28,B,Delhi,Normal,Female,Tomato,Vegetables,7,43.06,Net Banking,3.4,301.42
INV8503,2026-04-26,C,Mumbai,Normal,Male,Chocolate,Snacks,6,50.04,UPI,3.6,300.24
INV8504,2026-06-11,A,Jaipur,Member,Male,Chocolate,Snacks,2,51.27,Cash,3.8,102.54
INV8505,2026-06-10,B,Delhi,Member,Male,Biscuits,Snacks,6,25.35,Card,4.2,152.1
INV8506,2026-02-23,D,Bengaluru,Member,Male,Chips,Snacks,8,36.46,Net Banking,4.6,291.68
INV8507,2026-02-09,B,Delhi,Normal,Female,Tomato,Vegetables,4,45.85,Cash,4.0,183.4
INV8508,2026-01-10,B,Delhi,Normal,Male,Tea,Beverages,9,129.33,Card,3.7,1163.97
INV8509,2026-06-21,D,Bengaluru,Member,Male,Coffee,Beverages,10,195.86,UPI,3.5,1958.6
INV8510,2026-05-12,A,Jaipur,Normal,Female,Face Wash,Personal Care,3,122.19,Net Banking,4.7,366.57
INV8511,2026-05-04,D,Bengaluru,Normal,Female,Cooking Oil,Grocery,1,165.89,Card,4.1,165.89
INV8512,2026-03-31,B,Delhi,Member,Female,Coffee,Beverages,6,203.85,Cash,3.8,1223.1
INV8513,2026-03-06,A,Jaipur,Member,Female,Bread,Bakery,10,36.12,UPI,4.8,361.2
INV8514,2026-06-20,D,Bengaluru,Normal,Male,Shampoo,Personal Care,8,159.36,Net Banking,3.3,1274.88
INV8515,2026-03-02,D,Bengaluru,Normal,Male,Cold Drink,Beverages,9,59.25,Card,4.1,533.25
INV8516,2026-03-06,C,Mumbai,Member,Male,Apples,Fruits,3,141.37,UPI,4.5,424.11
INV8517,2026-02-12,A,Jaipur,Normal,Female,Eggs,Dairy,3,75.42,UPI,3.9,226.26
INV8518,2026-05-10,A,Jaipur,Member,Female,Eggs,Dairy,10,81.51,Card,3.8,815.1
INV8519,2026-03-14,B,Delhi,Member,Male,Eggs,Dairy,10,79.11,Net Banking,4.9,791.1
INV8520,2026-04-29,A,Jaipur,Member,Female,Biscuits,Snacks,10,26.47,Card,3.5,264.7
INV8521,2026-03-19,B,Delhi,Normal,Female,Coffee,Beverages,1,195.22,UPI,4.3,195.22
INV8522,2026-02-06,A,Jaipur,Member,Male,Cheese,Dairy,8,197.08,UPI,4.4,1576.64
INV8523,2026-03-28,A,Jaipur,Member,Male,Eggs,Dairy,6,91.49,Cash,3.4,548.94
INV8524,2026-04-09,B,Delhi,Member,Female,Cheese,Dairy,5,245.72,Net Banking,4.0,1228.6
INV8525,2026-06-18,D,Bengaluru,Member,Female,Potato,Vegetables,5,37.83,Card,4.0,189.15
INV8526,2026-04-18,B,Delhi,Normal,Male,Apples,Fruits,4,137.27,Net Banking,4.2,549.08
INV8527,2026-04-13,B,Delhi,Member,Male,Face Wash,Personal Care,9,105.06,Net Banking,3.8,945.54
INV8528,2026-01-12,A,Jaipur,Member,Female,Cold Drink,Beverages,7,64.07,UPI,3.4,448.49
INV8529,2026-01-08,A,Jaipur,Member,Male,Milk,Dairy,1,47.71,Cash,4.8,47.71
INV8530,2026-01-26,D,Bengaluru,Normal,Male,Coffee,Beverages,5,198.02,Card,3.6,990.1
INV8531,2026-03-07,D,Bengaluru,Normal,Female,Chips,Snacks,1,38.23,Card,4.5,38.23
INV8532,2026-01-27,D,Bengaluru,Member,Female,Cheese,Dairy,8,194.27,Cash,4.5,1554.16
INV8533,2026-02-16,C,Mumbai,Member,Female,Chocolate,Snacks,7,43.99,Cash,3.0,307.93
INV8534,2026-01-14,D,Bengaluru,Member,Male,Noodles,Grocery,5,51.01,UPI,3.3,255.05
INV8535,2026-06-04,D,Bengaluru,Member,Female,Cold Drink,Beverages,9,68.35,UPI,4.8,615.15
INV8536,2026-02-06,A,Jaipur,Normal,Female,Cooking Oil,Grocery,8,136.82,Card,3.3,1094.56
INV8537,2026-05-18,A,Jaipur,Member,Female,Noodles,Grocery,1,59.58,Cash,3.5,59.58
INV8538,2026-01-05,C,Mumbai,Normal,Female,Cheese,Dairy,2,202.52,Net Banking,3.4,405.04
INV8539,2026-01-26,B,Delhi,Member,Female,Tomato,Vegetables,3,53.31,Net Banking,4.8,159.93
INV8540,2026-05-25,A,Jaipur,Normal,Male,Potato,Vegetables,4,33.22,Cash,4.3,132.88
INV8541,2026-01-25,C,Mumbai,Normal,Female,Noodles,Grocery,8,57.56,Card,4.2,460.48
INV8542,2026-01-04,B,Delhi,Normal,Female,Eggs,Dairy,6,84.34,Net Banking,5.0,506.04
INV8543,2026-01-27,B,Delhi,Normal,Male,Soap,Personal Care,10,51.62,Net Banking,3.6,516.2
INV8544,2026-02-21,C,Mumbai,Normal,Female,Noodles,Grocery,1,46.05,Cash,3.7,46.05
INV8545,2026-03-09,C,Mumbai,Normal,Male,Tomato,Vegetables,1,43.97,UPI,4.1,43.97
INV8546,2026-03-15,A,Jaipur,Member,Male,Bread,Bakery,5,44.39,Net Banking,4.6,221.95
INV8547,2026-05-05,A,Jaipur,Normal,Female,Bananas,Fruits,9,55.26,UPI,4.5,497.34
INV8548,2026-06-06,D,Bengaluru,Normal,Female,Chocolate,Snacks,10,47.24,Net Banking,3.2,472.4
INV8549,2026-06-10,A,Jaipur,Member,Male,Potato,Vegetables,5,35.23,Card,3.1,176.15
INV8550,2026-04-08,B,Delhi,Normal,Female,Eggs,Dairy,4,79.03,UPI,4.3,316.12
INV8551,2026-03-20,B,Delhi,Member,Female,Coffee,Beverages,6,155.47,Card,3.7,932.82
INV8552,2026-03-07,C,Mumbai,Normal,Female,Chips,Snacks,7,32.14,UPI,4.2,224.98
INV8553,2026-06-29,A,Jaipur,Normal,Female,Chips,Snacks,2,31.12,Cash,3.4,62.24
INV8554,2026-03-01,D,Bengaluru,Normal,Female,Potato,Vegetables,7,39.12,Cash,3.7,273.84
INV8555,2026-01-26,D,Bengaluru,Member,Male,Noodles,Grocery,3,61.63,Net Banking,4.2,184.89
INV8556,2026-03-08,C,Mumbai,Normal,Male,Rice,Grocery,3,59.26,Card,4.7,177.78
INV8557,2026-02-07,D,Bengaluru,Normal,Male,Potato,Vegetables,1,29.29,UPI,3.7,29.29
INV8558,2026-02-18,A,Jaipur,Member,Male,Noodles,Grocery,6,49.87,Card,3.4,299.22
INV8559,2026-04-12,D,Bengaluru,Normal,Male,Chips,Snacks,9,39.4,Card,3.3,354.6
INV8560,2026-05-06,D,Bengaluru,Normal,Male,Chips,Snacks,5,36.5,Net Banking,4.8,182.5
INV8561,2026-05-29,A,Jaipur,Normal,Female,Bread,Bakery,3,41.36,Cash,3.3,124.08
INV8562,2026-02-22,D,Bengaluru,Member,Female,Biscuits,Snacks,4,25.63,UPI,4.0,102.52
INV8563,2026-04-03,B,Delhi,Normal,Male,Eggs,Dairy,8,95.76,Net Banking,3.9,766.08
INV8564,2026-02-16,C,Mumbai,Normal,Male,Chips,Snacks,1,41.21,Card,4.2,41.21
INV8565,2026-01-05,C,Mumbai,Normal,Female,Coffee,Beverages,10,166.67,Cash,3.4,1666.7
INV8566,2026-02-16,C,Mumbai,Normal,Female,Apples,Fruits,6,121.92,Cash,4.3,731.52
INV8567,2026-01-25,B,Delhi,Member,Female,Biscuits,Snacks,9,26.09,UPI,3.2,234.81
INV8568,2026-01-02,D,Bengaluru,Normal,Male,Bananas,Fruits,10,54.19,Cash,4.0,541.9
INV8569,2026-05-23,C,Mumbai,Normal,Male,Chocolate,Snacks,10,48.17,Card,4.3,481.7
INV8570,2026-03-27,C,Mumbai,Member,Female,Chips,Snacks,3,31.99,Cash,3.6,95.97
INV8571,2026-03-23,A,Jaipur,Normal,Male,Eggs,Dairy,4,89.55,Card,4.4,358.2
INV8572,2026-06-08,B,Delhi,Member,Male,Biscuits,Snacks,2,30.5,UPI,4.3,61.0
INV8573,2026-03-13,C,Mumbai,Member,Female,Tea,Beverages,2,106.04,Card,4.3,212.08
INV8574,2026-01-11,B,Delhi,Member,Female,Rice,Grocery,10,78.13,Cash,4.5,781.3
INV8575,2026-02-28,A,Jaipur,Member,Female,Bread,Bakery,8,45.83,Cash,4.6,366.64
INV8576,2026-03-02,A,Jaipur,Normal,Male,Chips,Snacks,8,29.37,UPI,3.5,234.96
INV8577,2026-02-07,C,Mumbai,Normal,Female,Noodles,Grocery,10,53.01,UPI,3.0,530.1
INV8578,2026-06-05,C,Mumbai,Normal,Male,Tea,Beverages,7,128.7,Cash,4.5,900.9
INV8579,2026-05-29,D,Bengaluru,Normal,Female,Tea,Beverages,5,102.6,UPI,4.3,513.0
INV8580,2026-03-06,D,Bengaluru,Member,Female,Rice,Grocery,8,80.91,Card,4.2,647.28
INV8581,2026-02-10,C,Mumbai,Normal,Female,Bananas,Fruits,5,63.25,Net Banking,4.0,316.25
INV8582,2026-05-23,B,Delhi,Member,Female,Eggs,Dairy,9,78.66,Card,4.1,707.94
INV8583,2026-03-18,B,Delhi,Normal,Male,Chips,Snacks,6,37.78,Card,3.7,226.68
INV8584,2026-04-22,D,Bengaluru,Normal,Female,Cooking Oil,Grocery,9,166.67,UPI,3.8,1500.03
INV8585,2026-06-01,D,Bengaluru,Member,Female,Noodles,Grocery,6,58.14,Net Banking,4.6,348.84
INV8586,2026-05-07,C,Mumbai,Normal,Female,Face Wash,Personal Care,5,137.48,Cash,3.6,687.4
INV8587,2026-02-05,D,Bengaluru,Normal,Male,Tomato,Vegetables,8,48.07,UPI,3.8,384.56
INV8588,2026-05-11,D,Bengaluru,Member,Female,Chips,Snacks,10,39.5,Card,3.5,395.0
INV8589,2026-01-07,B,Delhi,Normal,Male,Cold Drink,Beverages,8,58.55,Net Banking,3.6,468.4
INV8590,2026-06-06,C,Mumbai,Normal,Female,Milk,Dairy,4,57.24,UPI,4.9,228.96
INV8591,2026-05-31,B,Delhi,Normal,Male,Shampoo,Personal Care,4,151.44,Card,4.2,605.76
INV8592,2026-03-09,C,Mumbai,Member,Male,Soap,Personal Care,5,44.99,Card,3.7,224.95
INV8593,2026-04-08,A,Jaipur,Normal,Male,Coffee,Beverages,9,169.49,Cash,3.3,1525.41
INV8594,2026-06-20,C,Mumbai,Member,Male,Eggs,Dairy,8,84.24,Cash,3.1,673.92
INV8595,2026-01-24,D,Bengaluru,Member,Male,Cold Drink,Beverages,1,72.06,Net Banking,3.5,72.06
INV8596,2026-02-21,A,Jaipur,Normal,Male,Chocolate,Snacks,3,58.35,Card,4.9,175.05
INV8597,2026-01-22,A,Jaipur,Normal,Female,Cooking Oil,Grocery,6,159.88,Card,3.1,959.28
INV8598,2026-06-25,D,Bengaluru,Member,Male,Cold Drink,Beverages,7,61.95,Cash,3.5,433.65
INV8599,2026-06-12,C,Mumbai,Normal,Male,Noodles,Grocery,6,56.94,Card,4.6,341.64
INV8600,2026-03-24,D,Bengaluru,Normal,Female,Potato,Vegetables,3,30.19,Cash,5.0,90.57
INV8601,2026-03-01,B,Delhi,Member,Male,Cheese,Dairy,3,189.21,Card,3.9,567.63
INV8602,2026-03-13,A,Jaipur,Normal,Male,Eggs,Dairy,6,75.26,Cash,3.6,451.56
INV8603,2026-03-04,C,Mumbai,Normal,Female,Cheese,Dairy,10,208.12,Cash,3.1,2081.2
INV8604,2026-06-29,C,Mumbai,Member,Female,Bread,Bakery,10,46.17,Net Banking,4.7,461.7
INV8605,2026-05-20,C,Mumbai,Member,Female,Cooking Oil,Grocery,8,137.44,Card,4.4,1099.52
INV8606,2026-06-18,C,Mumbai,Normal,Female,Noodles,Grocery,5,58.16,Card,3.6,290.8
INV8607,2026-05-31,D,Bengaluru,Normal,Male,Noodles,Grocery,2,55.86,Cash,4.2,111.72
INV8608,2026-03-13,A,Jaipur,Member,Male,Rice,Grocery,5,66.89,Card,4.6,334.45
INV8609,2026-05-04,D,Bengaluru,Normal,Male,Soap,Personal Care,9,49.37,Cash,3.1,444.33
INV8610,2026-05-13,A,Jaipur,Member,Female,Chocolate,Snacks,7,48.48,Net Banking,3.5,339.36
INV8611,2026-05-18,A,Jaipur,Normal,Female,Cold Drink,Beverages,7,60.05,Net Banking,4.8,420.35
INV8612,2026-04-04,B,Delhi,Normal,Female,Tomato,Vegetables,6,51.12,Cash,3.2,306.72
INV8613,2026-02-14,D,Bengaluru,Member,Female,Rice,Grocery,7,70.22,UPI,3.7,491.54
INV8614,2026-01-29,C,Mumbai,Normal,Male,Cooking Oil,Grocery,10,168.85,Net Banking,4.4,1688.5
INV8615,2026-04-10,D,Bengaluru,Member,Female,Tea,Beverages,4,140.31,Card,3.6,561.24
INV8616,2026-06-05,A,Jaipur,Normal,Female,Potato,Vegetables,6,40.11,Cash,4.2,240.66
INV8617,2026-05-04,B,Delhi,Normal,Male,Bread,Bakery,10,41.31,Cash,3.4,413.1
INV8618,2026-01-19,A,Jaipur,Member,Female,Cooking Oil,Grocery,10,159.88,Net Banking,4.4,1598.8
INV8619,2026-02-23,B,Delhi,Member,Female,Tomato,Vegetables,1,47.33,Cash,3.2,47.33
INV8620,2026-05-20,C,Mumbai,Member,Male,Noodles,Grocery,2,54.11,Net Banking,3.0,108.22
INV8621,2026-03-17,C,Mumbai,Member,Female,Soap,Personal Care,10,37.45,Cash,4.7,374.5
INV8622,2026-05-25,D,Bengaluru,Normal,Female,Potato,Vegetables,9,31.23,Net Banking,4.5,281.07
INV8623,2026-05-06,C,Mumbai,Member,Male,Noodles,Grocery,1,62.29,Card,3.9,62.29
INV8624,2026-05-12,D,Bengaluru,Member,Female,Chocolate,Snacks,5,49.82,UPI,4.2,249.1
INV8625,2026-03-14,D,Bengaluru,Member,Female,Cooking Oil,Grocery,10,128.22,UPI,3.3,1282.2
INV8626,2026-01-27,C,Mumbai,Member,Male,Cheese,Dairy,10,252.83,UPI,3.8,2528.3
INV8627,2026-04-14,C,Mumbai,Normal,Male,Face Wash,Personal Care,8,113.61,UPI,3.8,908.88
INV8628,2026-05-28,D,Bengaluru,Member,Female,Milk,Dairy,4,63.33,Net Banking,4.1,253.32
INV8629,2026-04-06,C,Mumbai,Member,Male,Noodles,Grocery,8,47.81,Cash,4.7,382.48
INV8630,2026-03-17,D,Bengaluru,Normal,Male,Noodles,Grocery,5,64.78,UPI,3.2,323.9
INV8631,2026-03-22,B,Delhi,Normal,Female,Soap,Personal Care,3,48.14,Cash,3.1,144.42
INV8632,2026-04-28,B,Delhi,Member,Female,Shampoo,Personal Care,4,163.84,Net Banking,3.6,655.36
INV8633,2026-05-07,B,Delhi,Normal,Female,Tea,Beverages,6,107.08,Net Banking,4.2,642.48
INV8634,2026-06-23,D,Bengaluru,Normal,Female,Noodles,Grocery,6,55.29,UPI,4.1,331.74
INV8635,2026-03-04,C,Mumbai,Member,Male,Tea,Beverages,1,115.67,Card,3.5,115.67
INV8636,2026-05-07,C,Mumbai,Member,Male,Soap,Personal Care,9,40.65,UPI,3.9,365.85
INV8637,2026-06-10,D,Bengaluru,Member,Female,Biscuits,Snacks,8,31.85,Cash,5.0,254.8
INV8638,2026-03-03,B,Delhi,Member,Male,Rice,Grocery,7,63.09,UPI,5.0,441.63
INV8639,2026-03-07,C,Mumbai,Member,Female,Chips,Snacks,6,31.62,Net Banking,3.3,189.72
INV8640,2026-05-01,C,Mumbai,Normal,Female,Bananas,Fruits,6,65.0,Net Banking,5.0,390.0
INV8641,2026-06-29,B,Delhi,Member,Male,Cooking Oil,Grocery,6,143.81,Cash,4.0,862.86
INV8642,2026-05-28,B,Delhi,Normal,Female,Tomato,Vegetables,5,44.12,Cash,4.0,220.6
INV8643,2026-02-13,A,Jaipur,Normal,Female,Cold Drink,Beverages,7,65.72,Cash,4.4,460.04
INV8644,2026-03-12,B,Delhi,Normal,Male,Noodles,Grocery,7,46.86,UPI,4.3,328.02
INV8645,2026-05-13,A,Jaipur,Member,Female,Cold Drink,Beverages,5,67.65,UPI,4.6,338.25
INV8646,2026-06-03,D,Bengaluru,Normal,Female,Potato,Vegetables,3,34.83,Card,3.3,104.49
INV8647,2026-04-10,C,Mumbai,Member,Male,Chips,Snacks,2,39.21,Cash,4.1,78.42
INV8648,2026-01-14,C,Mumbai,Member,Female,Chocolate,Snacks,4,54.23,Card,3.1,216.92
INV8649,2026-05-05,B,Delhi,Member,Female,Tea,Beverages,10,128.38,Card,3.4,1283.8
INV8650,2026-05-17,D,Bengaluru,Normal,Female,Coffee,Beverages,3,201.37,Net Banking,5.0,604.11
INV8651,2026-01-06,A,Jaipur,Normal,Female,Cold Drink,Beverages,7,63.65,Card,3.4,445.55
INV8652,2026-02-09,B,Delhi,Normal,Female,Potato,Vegetables,10,38.87,Net Banking,3.6,388.7
INV8653,2026-03-09,D,Bengaluru,Member,Female,Shampoo,Personal Care,3,200.85,Cash,4.6,602.55
INV8654,2026-06-22,C,Mumbai,Normal,Male,Eggs,Dairy,6,97.82,Net Banking,3.5,586.92
INV8655,2026-03-27,A,Jaipur,Normal,Female,Milk,Dairy,2,61.39,Cash,4.2,122.78
INV8656,2026-05-10,B,Delhi,Member,Female,Potato,Vegetables,6,36.85,UPI,3.8,221.1
INV8657,2026-04-22,B,Delhi,Member,Female,Bananas,Fruits,9,56.0,Card,4.0,504.0
INV8658,2026-06-08,C,Mumbai,Member,Male,Potato,Vegetables,4,33.07,Cash,4.3,132.28
INV8659,2026-05-13,D,Bengaluru,Normal,Male,Cooking Oil,Grocery,8,133.71,UPI,3.2,1069.68
INV8660,2026-04-22,C,Mumbai,Member,Female,Cheese,Dairy,4,250.1,UPI,4.3,1000.4
INV8661,2026-01-05,B,Delhi,Normal,Female,Bread,Bakery,6,34.49,Cash,3.2,206.94
INV8662,2026-04-29,A,Jaipur,Member,Female,Apples,Fruits,8,164.32,Net Banking,4.1,1314.56
INV8663,2026-03-05,C,Mumbai,Normal,Male,Noodles,Grocery,10,56.82,Cash,4.1,568.2
INV8664,2026-03-16,C,Mumbai,Normal,Male,Noodles,Grocery,8,61.09,Card,3.1,488.72
INV8665,2026-03-29,C,Mumbai,Normal,Male,Bananas,Fruits,10,64.49,UPI,3.8,644.9
INV8666,2026-03-13,B,Delhi,Normal,Male,Bananas,Fruits,6,59.47,Net Banking,3.8,356.82
INV8667,2026-02-23,D,Bengaluru,Member,Female,Tomato,Vegetables,4,52.59,Cash,4.9,210.36
INV8668,2026-03-15,C,Mumbai,Normal,Female,Biscuits,Snacks,8,34.24,Cash,4.0,273.92
INV8669,2026-04-27,C,Mumbai,Normal,Female,Noodles,Grocery,5,53.09,UPI,4.9,265.45
INV8670,2026-03-14,C,Mumbai,Member,Male,Rice,Grocery,9,78.28,Cash,3.5,704.52
INV8671,2026-03-02,C,Mumbai,Member,Male,Rice,Grocery,8,78.08,Card,4.7,624.64
INV8672,2026-03-21,D,Bengaluru,Member,Male,Milk,Dairy,1,51.43,Net Banking,3.7,51.43
INV8673,2026-04-10,B,Delhi,Normal,Female,Bread,Bakery,2,41.49,Card,4.3,82.98
INV8674,2026-01-03,A,Jaipur,Normal,Male,Cold Drink,Beverages,5,55.94,UPI,3.1,279.7
INV8675,2026-07-01,A,Jaipur,Member,Female,Cheese,Dairy,10,237.19,Net Banking,3.0,2371.9
INV8676,2026-05-10,D,Bengaluru,Member,Male,Cheese,Dairy,4,200.92,UPI,4.7,803.68
INV8677,2026-04-13,C,Mumbai,Member,Male,Bread,Bakery,9,42.01,UPI,4.1,378.09
INV8678,2026-06-26,C,Mumbai,Normal,Female,Potato,Vegetables,8,39.25,Card,4.0,314.0
INV8679,2026-03-07,B,Delhi,Normal,Male,Cooking Oil,Grocery,1,167.52,Net Banking,3.4,167.52
INV8680,2026-01-30,A,Jaipur,Member,Female,Bread,Bakery,2,42.43,UPI,4.0,84.86
INV8681,2026-03-19,A,Jaipur,Normal,Male,Chocolate,Snacks,8,42.18,Card,3.8,337.44
INV8682,2026-02-09,A,Jaipur,Normal,Male,Shampoo,Personal Care,8,170.23,Card,4.9,1361.84
INV8683,2026-05-01,A,Jaipur,Member,Female,Cold Drink,Beverages,10,66.14,Net Banking,3.9,661.4
INV8684,2026-02-16,B,Delhi,Normal,Male,Noodles,Grocery,7,52.77,Cash,4.1,369.39
INV8685,2026-03-04,D,Bengaluru,Normal,Male,Chocolate,Snacks,6,42.61,Cash,3.1,255.66
INV8686,2026-05-28,A,Jaipur,Member,Female,Cooking Oil,Grocery,8,131.56,UPI,4.9,1052.48
INV8687,2026-03-06,C,Mumbai,Member,Male,Milk,Dairy,10,62.43,Cash,4.7,624.3
INV8688,2026-06-16,B,Delhi,Member,Female,Potato,Vegetables,4,40.33,Net Banking,4.1,161.32
INV8689,2026-01-20,A,Jaipur,Member,Female,Soap,Personal Care,7,50.68,Cash,4.5,354.76
INV8690,2026-06-04,B,Delhi,Member,Female,Face Wash,Personal Care,5,133.86,Net Banking,4.5,669.3
INV8691,2026-05-01,A,Jaipur,Normal,Male,Apples,Fruits,4,121.13,UPI,3.2,484.52
INV8692,2026-01-16,C,Mumbai,Normal,Female,Soap,Personal Care,5,48.28,Cash,4.9,241.4
INV8693,2026-03-12,D,Bengaluru,Normal,Male,Coffee,Beverages,1,159.3,Net Banking,4.5,159.3
INV8694,2026-02-01,B,Delhi,Member,Female,Bananas,Fruits,1,59.55,Net Banking,4.7,59.55
INV8695,2026-04-20,D,Bengaluru,Member,Female,Soap,Personal Care,4,43.0,Net Banking,4.7,172.0
INV8696,2026-01-02,C,Mumbai,Normal,Male,Potato,Vegetables,7,30.86,Card,4.2,216.02
INV8697,2026-03-04,A,Jaipur,Normal,Female,Cheese,Dairy,6,247.29,UPI,3.7,1483.74
INV8698,2026-02-09,C,Mumbai,Member,Female,Biscuits,Snacks,5,28.72,Net Banking,4.2,143.6
INV8699,2026-06-05,B,Delhi,Member,Female,Soap,Personal Care,2,43.82,Card,3.2,87.64
INV8700,2026-03-03,C,Mumbai,Normal,Male,Bananas,Fruits,7,57.74,Card,3.2,404.18
INV8701,2026-06-26,C,Mumbai,Normal,Female,Tea,Beverages,3,131.88,Net Banking,5.0,395.64
INV8702,2026-04-15,B,Delhi,Normal,Male,Rice,Grocery,3,76.52,UPI,3.2,229.56
INV8703,2026-01-06,A,Jaipur,Member,Male,Cooking Oil,Grocery,5,150.55,Cash,4.2,752.75
INV8704,2026-03-20,B,Delhi,Normal,Male,Potato,Vegetables,2,40.0,Card,4.6,80.0
INV8705,2026-01-19,B,Delhi,Normal,Male,Bananas,Fruits,8,51.13,Net Banking,3.7,409.04
INV8706,2026-05-08,D,Bengaluru,Member,Male,Chips,Snacks,3,36.17,UPI,4.8,108.51
INV8707,2026-04-23,A,Jaipur,Normal,Female,Milk,Dairy,10,47.05,UPI,3.2,470.5
INV8708,2026-04-14,D,Bengaluru,Member,Female,Rice,Grocery,1,72.96,Net Banking,4.2,72.96
INV8709,2026-04-22,C,Mumbai,Normal,Female,Tea,Beverages,2,137.02,Card,4.5,274.04
INV8710,2026-01-28,D,Bengaluru,Member,Male,Chips,Snacks,3,36.85,Cash,3.4,110.55
INV8711,2026-06-02,C,Mumbai,Member,Female,Cold Drink,Beverages,9,59.29,UPI,4.2,533.61
INV8712,2026-04-30,D,Bengaluru,Member,Female,Potato,Vegetables,5,33.39,Cash,3.6,166.95
INV8713,2026-03-19,D,Bengaluru,Member,Female,Shampoo,Personal Care,8,170.16,UPI,4.7,1361.28
INV8714,2026-01-06,D,Bengaluru,Member,Male,Potato,Vegetables,4,40.79,UPI,4.2,163.16
INV8715,2026-01-29,D,Bengaluru,Normal,Female,Tea,Beverages,6,106.66,UPI,4.1,639.96
INV8716,2026-04-13,C,Mumbai,Member,Female,Face Wash,Personal Care,2,123.65,Card,4.1,247.3
INV8717,2026-05-12,B,Delhi,Normal,Male,Biscuits,Snacks,5,34.97,Card,3.9,174.85
INV8718,2026-02-02,C,Mumbai,Member,Female,Noodles,Grocery,7,46.07,Net Banking,4.5,322.49
INV8719,2026-05-19,D,Bengaluru,Normal,Female,Tea,Beverages,10,127.13,Cash,4.4,1271.3
INV8720,2026-04-13,D,Bengaluru,Normal,Male,Biscuits,Snacks,5,34.39,Cash,4.9,171.95
INV8721,2026-02-12,C,Mumbai,Normal,Male,Rice,Grocery,8,66.83,Net Banking,4.1,534.64
INV8722,2026-04-14,B,Delhi,Member,Male,Tea,Beverages,7,104.78,Card,4.5,733.46
INV8723,2026-04-20,A,Jaipur,Normal,Male,Tomato,Vegetables,3,51.42,Cash,3.1,154.26
INV8724,2026-06-18,A,Jaipur,Normal,Female,Noodles,Grocery,6,53.93,Net Banking,4.0,323.58
INV8725,2026-02-23,B,Delhi,Member,Male,Chips,Snacks,5,40.07,UPI,4.3,200.35
INV8726,2026-06-04,D,Bengaluru,Normal,Female,Rice,Grocery,6,78.05,Cash,4.2,468.3
INV8727,2026-05-22,D,Bengaluru,Normal,Male,Cheese,Dairy,5,214.04,Card,3.2,1070.2
INV8728,2026-06-01,B,Delhi,Member,Male,Milk,Dairy,9,56.69,Cash,4.2,510.21
INV8729,2026-05-09,C,Mumbai,Member,Male,Bread,Bakery,10,37.29,UPI,4.8,372.9
INV8730,2026-04-15,C,Mumbai,Member,Female,Cooking Oil,Grocery,10,147.74,Card,4.3,1477.4
INV8731,2026-04-19,C,Mumbai,Member,Female,Eggs,Dairy,4,82.9,Card,3.5,331.6
INV8732,2026-03-29,A,Jaipur,Normal,Female,Bread,Bakery,1,36.74,Net Banking,4.5,36.74
INV8733,2026-03-10,A,Jaipur,Normal,Female,Coffee,Beverages,10,204.09,Card,4.7,2040.9
INV8734,2026-04-06,A,Jaipur,Member,Male,Tea,Beverages,9,123.44,Net Banking,4.2,1110.96
INV8735,2026-01-31,A,Jaipur,Normal,Male,Shampoo,Personal Care,8,166.4,Card,4.4,1331.2
INV8736,2026-05-07,A,Jaipur,Normal,Male,Shampoo,Personal Care,4,197.83,UPI,4.2,791.32
INV8737,2026-05-01,C,Mumbai,Member,Female,Cheese,Dairy,9,217.83,UPI,4.7,1960.47
INV8738,2026-06-20,D,Bengaluru,Normal,Female,Bread,Bakery,7,33.34,UPI,3.5,233.38
INV8739,2026-05-06,D,Bengaluru,Normal,Male,Tea,Beverages,2,106.15,UPI,3.9,212.3
INV8740,2026-05-03,D,Bengaluru,Member,Male,Shampoo,Personal Care,9,184.01,UPI,4.1,1656.09
INV8741,2026-01-23,D,Bengaluru,Normal,Female,Cooking Oil,Grocery,7,153.44,Cash,4.2,1074.08
INV8742,2026-04-13,D,Bengaluru,Member,Female,Bananas,Fruits,7,53.94,UPI,4.5,377.58
INV8743,2026-06-26,A,Jaipur,Normal,Male,Bread,Bakery,9,38.86,Card,4.7,349.74
INV8744,2026-04-17,B,Delhi,Normal,Male,Tomato,Vegetables,2,40.58,Net Banking,4.7,81.16
INV8745,2026-03-12,D,Bengaluru,Member,Male,Biscuits,Snacks,7,34.7,Cash,3.1,242.9
INV8746,2026-02-22,D,Bengaluru,Normal,Female,Potato,Vegetables,7,34.63,Card,3.8,242.41
INV8747,2026-04-08,B,Delhi,Member,Female,Eggs,Dairy,10,98.37,UPI,3.5,983.7
INV8748,2026-06-17,C,Mumbai,Member,Male,Apples,Fruits,2,147.31,UPI,3.5,294.62
INV8749,2026-05-25,D,Bengaluru,Member,Male,Tomato,Vegetables,9,40.95,Card,4.1,368.55
INV8750,2026-06-23,D,Bengaluru,Normal,Male,Biscuits,Snacks,2,30.09,Cash,3.8,60.18
INV8751,2026-01-20,A,Jaipur,Normal,Female,Potato,Vegetables,2,31.34,Net Banking,4.4,62.68
INV8752,2026-03-30,D,Bengaluru,Member,Female,Coffee,Beverages,4,177.93,Net Banking,3.3,711.72
INV8753,2026-05-15,D,Bengaluru,Member,Male,Tea,Beverages,6,127.68,Net Banking,4.4,766.08
INV8754,2026-01-05,C,Mumbai,Member,Male,Chips,Snacks,1,35.11,Net Banking,4.1,35.11
INV8755,2026-03-23,A,Jaipur,Normal,Male,Shampoo,Personal Care,9,169.05,UPI,4.8,1521.45
INV8756,2026-01-05,D,Bengaluru,Member,Female,Tea,Beverages,4,119.63,Cash,4.2,478.52
INV8757,2026-03-21,B,Delhi,Normal,Female,Bread,Bakery,7,38.44,UPI,3.9,269.08
INV8758,2026-03-02,A,Jaipur,Member,Female,Tea,Beverages,3,103.61,Cash,4.4,310.83
INV8759,2026-02-07,B,Delhi,Normal,Female,Face Wash,Personal Care,4,126.08,Net Banking,4.2,504.32
INV8760,2026-01-08,B,Delhi,Normal,Male,Tomato,Vegetables,3,47.97,Card,4.9,143.91
INV8761,2026-01-31,B,Delhi,Normal,Male,Bread,Bakery,3,36.88,Card,4.6,110.64
INV8762,2026-06-14,A,Jaipur,Normal,Female,Chips,Snacks,6,35.61,UPI,3.1,213.66
INV8763,2026-07-01,D,Bengaluru,Normal,Female,Noodles,Grocery,5,47.95,Card,3.9,239.75
INV8764,2026-04-03,B,Delhi,Normal,Female,Cooking Oil,Grocery,5,153.77,UPI,3.0,768.85
INV8765,2026-02-17,B,Delhi,Member,Male,Apples,Fruits,9,159.7,UPI,3.9,1437.3
INV8766,2026-06-30,A,Jaipur,Member,Female,Chips,Snacks,10,32.07,Cash,3.0,320.7
INV8767,2026-04-01,C,Mumbai,Member,Male,Noodles,Grocery,6,62.16,Net Banking,4.2,372.96
INV8768,2026-05-11,C,Mumbai,Normal,Male,Face Wash,Personal Care,8,110.94,Net Banking,3.8,887.52
INV8769,2026-05-25,A,Jaipur,Normal,Male,Bananas,Fruits,6,53.87,Net Banking,4.3,323.22
INV8770,2026-05-25,D,Bengaluru,Normal,Female,Chocolate,Snacks,6,44.88,Net Banking,3.0,269.28
INV8771,2026-04-09,C,Mumbai,Member,Female,Cooking Oil,Grocery,8,150.38,Cash,3.7,1203.04
INV8772,2026-04-30,C,Mumbai,Normal,Female,Apples,Fruits,3,144.74,Net Banking,4.6,434.22
INV8773,2026-03-04,B,Delhi,Member,Female,Coffee,Beverages,8,198.91,Net Banking,4.6,1591.28
INV8774,2026-06-06,B,Delhi,Member,Male,Biscuits,Snacks,2,30.44,Card,3.9,60.88
INV8775,2026-02-17,B,Delhi,Member,Male,Shampoo,Personal Care,9,198.02,Net Banking,4.8,1782.18
INV8776,2026-06-02,C,Mumbai,Normal,Female,Noodles,Grocery,6,60.02,Net Banking,3.6,360.12
INV8777,2026-03-02,C,Mumbai,Member,Male,Rice,Grocery,10,67.62,UPI,3.7,676.2
INV8778,2026-01-08,C,Mumbai,Member,Male,Noodles,Grocery,9,57.16,UPI,3.4,514.44
INV8779,2026-01-23,A,Jaipur,Normal,Female,Potato,Vegetables,7,35.59,Net Banking,4.1,249.13
INV8780,2026-06-30,A,Jaipur,Member,Female,Face Wash,Personal Care,1,119.64,UPI,3.4,119.64
INV8781,2026-06-11,C,Mumbai,Member,Male,Eggs,Dairy,3,86.49,Card,4.6,259.47
INV8782,2026-04-03,B,Delhi,Member,Female,Bread,Bakery,1,33.75,Card,4.9,33.75
INV8783,2026-02-13,C,Mumbai,Normal,Male,Potato,Vegetables,5,31.61,Card,4.3,158.05
INV8784,2026-06-30,C,Mumbai,Normal,Female,Cooking Oil,Grocery,8,126.21,Cash,3.6,1009.68
INV8785,2026-02-23,B,Delhi,Normal,Male,Cheese,Dairy,1,212.34,Card,3.5,212.34
INV8786,2026-02-26,C,Mumbai,Normal,Female,Potato,Vegetables,8,35.87,Net Banking,3.6,286.96
INV8787,2026-02-02,B,Delhi,Member,Male,Tomato,Vegetables,6,49.51,Card,3.3,297.06
INV8788,2026-04-15,D,Bengaluru,Normal,Female,Noodles,Grocery,10,49.48,Card,4.0,494.8
INV8789,2026-02-28,D,Bengaluru,Normal,Female,Shampoo,Personal Care,4,196.4,Card,4.3,785.6
INV8790,2026-05-01,B,Delhi,Member,Female,Tomato,Vegetables,7,48.18,Card,4.7,337.26
INV8791,2026-01-01,B,Delhi,Member,Male,Shampoo,Personal Care,6,184.47,UPI,3.2,1106.82
INV8792,2026-05-13,C,Mumbai,Normal,Female,Noodles,Grocery,10,58.74,Card,4.1,587.4
INV8793,2026-02-13,D,Bengaluru,Member,Female,Rice,Grocery,3,66.18,Card,3.6,198.54
INV8794,2026-05-31,C,Mumbai,Member,Male,Apples,Fruits,6,125.1,UPI,3.9,750.6
INV8795,2026-01-31,C,Mumbai,Normal,Female,Cheese,Dairy,10,200.62,UPI,3.6,2006.2
INV8796,2026-05-12,A,Jaipur,Normal,Male,Face Wash,Personal Care,7,107.33,Cash,4.9,751.31
INV8797,2026-01-18,B,Delhi,Member,Male,Shampoo,Personal Care,3,161.28,Net Banking,4.6,483.84
INV8798,2026-06-09,D,Bengaluru,Member,Male,Cold Drink,Beverages,5,73.2,Cash,4.4,366.0
INV8799,2026-01-20,C,Mumbai,Normal,Male,Bananas,Fruits,9,67.22,UPI,4.7,604.98
INV8800,2026-06-20,B,Delhi,Normal,Male,Bread,Bakery,7,39.21,UPI,3.7,274.47
INV8801,2026-04-14,B,Delhi,Normal,Male,Noodles,Grocery,8,49.37,UPI,3.7,394.96
INV8802,2026-02-05,B,Delhi,Member,Female,Shampoo,Personal Care,10,151.42,Cash,3.6,1514.2
INV8803,2026-01-20,B,Delhi,Member,Male,Face Wash,Personal Care,9,105.82,Card,4.6,952.38
INV8804,2026-06-15,C,Mumbai,Member,Female,Chips,Snacks,8,29.4,Net Banking,3.2,235.2
INV8805,2026-05-10,A,Jaipur,Normal,Male,Cold Drink,Beverages,5,75.77,Net Banking,4.2,378.85
INV8806,2026-06-18,A,Jaipur,Normal,Female,Face Wash,Personal Care,2,104.24,Card,3.1,208.48
INV8807,2026-06-15,D,Bengaluru,Normal,Male,Cold Drink,Beverages,7,76.14,Net Banking,3.2,532.98
INV8808,2026-02-18,A,Jaipur,Normal,Male,Noodles,Grocery,6,58.52,Card,3.5,351.12
INV8809,2026-02-09,A,Jaipur,Normal,Female,Milk,Dairy,8,53.13,Cash,3.6,425.04
INV8810,2026-06-10,B,Delhi,Member,Female,Eggs,Dairy,8,97.99,UPI,3.4,783.92
INV8811,2026-03-22,C,Mumbai,Member,Male,Bananas,Fruits,9,56.16,Card,4.9,505.44
INV8812,2026-05-22,D,Bengaluru,Member,Male,Soap,Personal Care,4,47.63,Card,3.8,190.52
INV8813,2026-03-31,C,Mumbai,Member,Female,Cheese,Dairy,4,208.37,UPI,3.8,833.48
INV8814,2026-03-01,A,Jaipur,Member,Female,Chips,Snacks,10,40.67,UPI,3.9,406.7
INV8815,2026-06-02,B,Delhi,Member,Male,Apples,Fruits,4,126.12,Net Banking,4.2,504.48
INV8816,2026-06-27,A,Jaipur,Normal,Male,Rice,Grocery,2,71.65,Card,3.2,143.3
INV8817,2026-05-15,A,Jaipur,Normal,Female,Potato,Vegetables,6,37.32,UPI,3.6,223.92
INV8818,2026-06-02,B,Delhi,Normal,Male,Shampoo,Personal Care,1,179.13,Net Banking,4.8,179.13
INV8819,2026-01-08,C,Mumbai,Normal,Male,Apples,Fruits,1,127.63,Cash,3.5,127.63
INV8820,2026-04-18,A,Jaipur,Member,Female,Noodles,Grocery,4,47.1,Card,3.4,188.4
INV8821,2026-05-28,B,Delhi,Member,Female,Tomato,Vegetables,3,50.48,Cash,4.1,151.44
INV8822,2026-03-12,C,Mumbai,Member,Male,Cooking Oil,Grocery,2,130.95,UPI,3.1,261.9
INV8823,2026-01-30,C,Mumbai,Normal,Male,Cooking Oil,Grocery,1,160.15,UPI,4.3,160.15
INV8824,2026-03-02,C,Mumbai,Normal,Female,Chips,Snacks,8,31.98,Card,3.6,255.84
INV8825,2026-05-20,D,Bengaluru,Normal,Female,Bread,Bakery,8,45.59,Cash,3.4,364.72
INV8826,2026-01-09,D,Bengaluru,Member,Female,Eggs,Dairy,3,93.77,UPI,3.7,281.31
INV8827,2026-01-10,A,Jaipur,Member,Female,Bread,Bakery,7,38.16,Card,4.1,267.12
INV8828,2026-05-10,A,Jaipur,Normal,Female,Eggs,Dairy,2,80.91,Card,3.0,161.82
INV8829,2026-02-12,A,Jaipur,Normal,Male,Rice,Grocery,1,69.06,Card,4.9,69.06
INV8830,2026-06-01,B,Delhi,Normal,Female,Cooking Oil,Grocery,1,134.89,UPI,3.8,134.89
INV8831,2026-04-09,B,Delhi,Normal,Female,Tea,Beverages,10,117.93,UPI,4.4,1179.3
INV8832,2026-05-18,B,Delhi,Normal,Female,Tea,Beverages,1,119.24,Card,5.0,119.24
INV8833,2026-04-10,B,Delhi,Normal,Male,Bread,Bakery,9,36.12,Net Banking,4.7,325.08
INV8834,2026-01-17,C,Mumbai,Member,Male,Face Wash,Personal Care,9,132.84,Card,4.5,1195.56
INV8835,2026-01-07,D,Bengaluru,Normal,Female,Rice,Grocery,1,59.28,Card,3.7,59.28
INV8836,2026-06-02,B,Delhi,Member,Male,Bread,Bakery,10,41.51,Card,4.1,415.1
INV8837,2026-02-03,C,Mumbai,Member,Female,Shampoo,Personal Care,4,152.1,Net Banking,4.0,608.4
INV8838,2026-05-06,B,Delhi,Normal,Female,Potato,Vegetables,3,35.13,Cash,3.3,105.39
INV8839,2026-01-05,A,Jaipur,Member,Female,Milk,Dairy,4,61.52,UPI,3.2,246.08
INV8840,2026-05-01,B,Delhi,Normal,Male,Face Wash,Personal Care,6,128.4,UPI,3.6,770.4
INV8841,2026-03-07,B,Delhi,Normal,Male,Noodles,Grocery,4,48.84,Cash,3.7,195.36
INV8842,2026-05-27,C,Mumbai,Normal,Male,Potato,Vegetables,3,29.57,Card,4.9,88.71
INV8843,2026-06-22,C,Mumbai,Normal,Female,Milk,Dairy,3,60.96,Card,4.4,182.88
INV8844,2026-06-27,C,Mumbai,Member,Male,Shampoo,Personal Care,7,194.32,UPI,3.4,1360.24
INV8845,2026-02-09,B,Delhi,Member,Female,Rice,Grocery,6,81.73,Card,3.1,490.38
INV8846,2026-01-29,C,Mumbai,Normal,Male,Bananas,Fruits,9,62.63,Cash,3.6,563.67
INV8847,2026-06-29,D,Bengaluru,Member,Female,Biscuits,Snacks,7,33.08,UPI,4.8,231.56
INV8848,2026-02-19,C,Mumbai,Normal,Female,Tea,Beverages,4,100.35,Net Banking,4.2,401.4
INV8849,2026-03-14,C,Mumbai,Normal,Male,Noodles,Grocery,6,58.77,Card,4.4,352.62
INV8850,2026-06-12,A,Jaipur,Normal,Female,Milk,Dairy,3,50.8,Cash,3.1,152.4
INV8851,2026-04-19,D,Bengaluru,Normal,Male,Tea,Beverages,7,100.4,UPI,4.2,702.8
INV8852,2026-05-24,B,Delhi,Normal,Female,Apples,Fruits,9,163.1,UPI,4.3,1467.9
INV8853,2026-03-25,C,Mumbai,Member,Female,Rice,Grocery,5,76.96,Net Banking,4.2,384.8
INV8854,2026-05-09,C,Mumbai,Member,Male,Chocolate,Snacks,6,56.87,Card,3.1,341.22
INV8855,2026-02-19,D,Bengaluru,Member,Female,Cheese,Dairy,2,204.91,Net Banking,4.2,409.82
INV8856,2026-02-19,D,Bengaluru,Normal,Female,Noodles,Grocery,4,62.35,Cash,3.7,249.4
INV8857,2026-05-11,B,Delhi,Normal,Female,Potato,Vegetables,1,35.63,UPI,3.5,35.63
INV8858,2026-04-25,C,Mumbai,Member,Female,Bread,Bakery,5,45.71,UPI,3.4,228.55
INV8859,2026-06-21,C,Mumbai,Member,Male,Cheese,Dairy,6,233.61,Net Banking,4.0,1401.66
INV8860,2026-02-25,B,Delhi,Normal,Male,Tomato,Vegetables,8,47.89,Net Banking,4.2,383.12
INV8861,2026-05-22,D,Bengaluru,Normal,Male,Cooking Oil,Grocery,5,152.58,Net Banking,3.7,762.9
INV8862,2026-05-03,C,Mumbai,Normal,Female,Shampoo,Personal Care,2,191.3,Card,3.5,382.6
INV8863,2026-04-24,A,Jaipur,Normal,Male,Rice,Grocery,3,74.03,UPI,3.5,222.09
INV8864,2026-05-10,A,Jaipur,Member,Male,Potato,Vegetables,3,30.98,Card,4.5,92.94
INV8865,2026-03-16,C,Mumbai,Member,Female,Biscuits,Snacks,3,28.62,Cash,3.6,85.86
INV8866,2026-03-01,B,Delhi,Normal,Female,Eggs,Dairy,6,87.21,Card,3.4,523.26
INV8867,2026-06-21,C,Mumbai,Member,Male,Biscuits,Snacks,4,28.89,Net Banking,4.5,115.56
INV8868,2026-06-13,C,Mumbai,Member,Male,Apples,Fruits,10,158.36,Cash,3.1,1583.6
INV8869,2026-06-24,A,Jaipur,Normal,Female,Tea,Beverages,5,117.19,Cash,3.2,585.95
INV8870,2026-05-14,A,Jaipur,Member,Female,Eggs,Dairy,10,91.52,Card,3.5,915.2
INV8871,2026-06-18,B,Delhi,Normal,Female,Tea,Beverages,10,132.12,Card,4.0,1321.2
INV8872,2026-04-05,B,Delhi,Member,Female,Tea,Beverages,5,107.77,Net Banking,3.5,538.85
INV8873,2026-03-05,C,Mumbai,Normal,Male,Soap,Personal Care,7,50.67,Net Banking,4.9,354.69
INV8874,2026-01-28,C,Mumbai,Normal,Male,Eggs,Dairy,1,90.71,Cash,3.9,90.71
INV8875,2026-02-01,D,Bengaluru,Member,Female,Soap,Personal Care,5,40.01,Net Banking,3.9,200.05
INV8876,2026-02-22,C,Mumbai,Normal,Female,Cooking Oil,Grocery,7,125.55,UPI,4.8,878.85
INV8877,2026-06-28,B,Delhi,Normal,Male,Coffee,Beverages,2,206.26,UPI,3.2,412.52
INV8878,2026-05-17,D,Bengaluru,Normal,Male,Tea,Beverages,9,109.6,Cash,4.9,986.4
INV8879,2026-03-05,C,Mumbai,Normal,Male,Noodles,Grocery,8,62.41,Card,4.9,499.28
INV8880,2026-06-10,D,Bengaluru,Member,Male,Tea,Beverages,6,131.48,Card,4.0,788.88
INV8881,2026-05-16,B,Delhi,Normal,Female,Biscuits,Snacks,7,29.78,UPI,4.1,208.46
INV8882,2026-03-16,D,Bengaluru,Member,Male,Chips,Snacks,10,32.11,Card,4.3,321.1
INV8883,2026-05-01,A,Jaipur,Member,Female,Shampoo,Personal Care,3,201.03,Net Banking,3.9,603.09
INV8884,2026-03-27,A,Jaipur,Member,Female,Noodles,Grocery,5,46.66,UPI,3.8,233.3
INV8885,2026-04-09,B,Delhi,Normal,Male,Bananas,Fruits,2,60.3,Cash,3.9,120.6
INV8886,2026-01-01,C,Mumbai,Member,Female,Potato,Vegetables,10,40.79,Card,5.0,407.9
INV8887,2026-03-23,D,Bengaluru,Normal,Female,Chips,Snacks,9,41.53,Cash,3.6,373.77
INV8888,2026-05-01,C,Mumbai,Normal,Female,Rice,Grocery,5,58.22,Cash,3.1,291.1
INV8889,2026-02-13,C,Mumbai,Normal,Female,Bananas,Fruits,5,61.09,Card,3.8,305.45
INV8890,2026-01-29,C,Mumbai,Member,Male,Face Wash,Personal Care,7,133.81,Card,3.3,936.67
INV8891,2026-03-22,C,Mumbai,Normal,Male,Soap,Personal Care,10,51.87,UPI,4.1,518.7
INV8892,2026-03-04,C,Mumbai,Member,Male,Cooking Oil,Grocery,4,132.28,UPI,3.1,529.12
INV8893,2026-02-18,C,Mumbai,Normal,Female,Chips,Snacks,2,34.1,Cash,3.0,68.2
INV8894,2026-06-16,C,Mumbai,Normal,Female,Cold Drink,Beverages,7,76.64,Cash,3.0,536.48
INV8895,2026-05-31,D,Bengaluru,Member,Male,Face Wash,Personal Care,7,138.53,UPI,4.2,969.71
INV8896,2026-04-13,D,Bengaluru,Normal,Female,Rice,Grocery,2,72.15,Cash,3.9,144.3
INV8897,2026-01-16,C,Mumbai,Normal,Male,Cooking Oil,Grocery,8,147.7,Net Banking,4.3,1181.6
INV8898,2026-05-31,D,Bengaluru,Member,Male,Cooking Oil,Grocery,8,147.38,Card,4.6,1179.04
INV8899,2026-02-13,B,Delhi,Member,Female,Soap,Personal Care,2,38.0,Card,3.9,76.0
INV8900,2026-04-22,A,Jaipur,Member,Male,Tomato,Vegetables,1,42.24,Net Banking,3.6,42.24
INV8901,2026-01-31,C,Mumbai,Member,Female,Cheese,Dairy,3,230.03,UPI,4.4,690.09
INV8902,2026-02-27,D,Bengaluru,Member,Male,Cooking Oil,Grocery,9,145.07,UPI,3.2,1305.63
INV8903,2026-04-08,C,Mumbai,Normal,Female,Milk,Dairy,8,48.8,Cash,3.1,390.4
INV8904,2026-03-11,C,Mumbai,Normal,Female,Bread,Bakery,4,35.29,Cash,4.3,141.16
INV8905,2026-03-16,B,Delhi,Member,Male,Soap,Personal Care,4,37.74,UPI,3.6,150.96
INV8906,2026-04-27,B,Delhi,Member,Male,Tomato,Vegetables,3,43.26,Cash,4.1,129.78
INV8907,2026-04-14,C,Mumbai,Normal,Female,Chips,Snacks,6,39.39,Net Banking,3.5,236.34
INV8908,2026-06-25,D,Bengaluru,Member,Female,Coffee,Beverages,4,151.74,Card,4.1,606.96
INV8909,2026-03-19,C,Mumbai,Normal,Female,Apples,Fruits,1,121.91,Net Banking,3.3,121.91
INV8910,2026-02-25,A,Jaipur,Member,Female,Tomato,Vegetables,1,51.26,Card,3.9,51.26
INV8911,2026-03-25,A,Jaipur,Normal,Male,Chips,Snacks,5,33.28,Card,4.2,166.4
INV8912,2026-03-16,A,Jaipur,Normal,Male,Tomato,Vegetables,6,44.44,Cash,3.8,266.64
INV8913,2026-04-20,C,Mumbai,Member,Female,Tea,Beverages,10,120.51,Cash,4.5,1205.1
INV8914,2026-03-01,C,Mumbai,Member,Female,Tea,Beverages,6,134.22,Card,4.4,805.32
INV8915,2026-06-28,A,Jaipur,Normal,Female,Apples,Fruits,3,153.77,Cash,3.8,461.31
INV8916,2026-06-13,A,Jaipur,Normal,Male,Potato,Vegetables,4,34.8,Net Banking,3.0,139.2
INV8917,2026-05-03,A,Jaipur,Member,Male,Bread,Bakery,7,42.14,UPI,4.4,294.98
INV8918,2026-02-16,C,Mumbai,Member,Female,Milk,Dairy,9,62.59,Cash,3.5,563.31
INV8919,2026-04-25,B,Delhi,Normal,Female,Tomato,Vegetables,5,45.88,Cash,4.7,229.4
INV8920,2026-01-17,B,Delhi,Normal,Female,Tea,Beverages,6,119.94,Cash,4.3,719.64
INV8921,2026-04-26,D,Bengaluru,Normal,Male,Rice,Grocery,1,60.03,UPI,3.4,60.03
INV8922,2026-02-22,D,Bengaluru,Member,Male,Milk,Dairy,9,55.42,Net Banking,4.1,498.78
INV8923,2026-04-29,A,Jaipur,Member,Female,Eggs,Dairy,5,97.3,Card,3.3,486.5
INV8924,2026-01-16,C,Mumbai,Member,Female,Face Wash,Personal Care,10,117.45,Net Banking,3.9,1174.5
INV8925,2026-05-10,D,Bengaluru,Member,Female,Soap,Personal Care,9,45.12,Cash,3.6,406.08
INV8926,2026-06-23,B,Delhi,Member,Male,Milk,Dairy,3,58.41,UPI,3.6,175.23
INV8927,2026-04-18,C,Mumbai,Normal,Female,Chips,Snacks,5,39.34,Net Banking,4.6,196.7
INV8928,2026-04-21,C,Mumbai,Normal,Female,Shampoo,Personal Care,5,171.92,Cash,4.8,859.6
INV8929,2026-04-08,B,Delhi,Member,Male,Cold Drink,Beverages,7,57.53,Cash,3.5,402.71
INV8930,2026-02-17,D,Bengaluru,Normal,Female,Chips,Snacks,5,29.34,Card,4.0,146.7
INV8931,2026-03-02,A,Jaipur,Normal,Male,Chips,Snacks,2,33.91,UPI,4.4,67.82
INV8932,2026-06-25,C,Mumbai,Normal,Female,Cold Drink,Beverages,7,59.66,Card,3.5,417.62
INV8933,2026-05-22,C,Mumbai,Normal,Male,Chips,Snacks,7,32.26,Net Banking,4.0,225.82
INV8934,2026-03-08,D,Bengaluru,Normal,Male,Milk,Dairy,3,52.78,Card,4.5,158.34
INV8935,2026-03-19,A,Jaipur,Member,Male,Eggs,Dairy,9,102.15,Net Banking,5.0,919.35
INV8936,2026-06-29,B,Delhi,Normal,Female,Apples,Fruits,4,140.33,Cash,4.9,561.32
INV8937,2026-05-19,A,Jaipur,Member,Female,Bread,Bakery,5,44.72,UPI,3.7,223.6
INV8938,2026-01-18,B,Delhi,Member,Male,Cheese,Dairy,4,213.7,UPI,3.7,854.8
INV8939,2026-03-30,C,Mumbai,Normal,Female,Soap,Personal Care,4,39.61,Cash,3.6,158.44
INV8940,2026-01-18,D,Bengaluru,Normal,Male,Shampoo,Personal Care,4,174.19,UPI,4.3,696.76
INV8941,2026-04-14,B,Delhi,Normal,Male,Potato,Vegetables,9,38.89,Card,3.3,350.01
INV8942,2026-01-26,C,Mumbai,Normal,Male,Potato,Vegetables,1,36.6,Net Banking,3.6,36.6
INV8943,2026-05-11,D,Bengaluru,Member,Female,Potato,Vegetables,9,30.87,Net Banking,3.5,277.83
INV8944,2026-05-27,D,Bengaluru,Normal,Male,Coffee,Beverages,10,173.72,Net Banking,4.5,1737.2
INV8945,2026-05-22,C,Mumbai,Member,Female,Milk,Dairy,5,62.2,Card,4.7,311.0
INV8946,2026-04-02,D,Bengaluru,Member,Female,Bread,Bakery,2,43.82,Net Banking,4.1,87.64
INV8947,2026-02-12,C,Mumbai,Normal,Male,Chips,Snacks,8,38.15,UPI,3.5,305.2
INV8948,2026-01-05,D,Bengaluru,Member,Female,Tea,Beverages,8,128.62,Net Banking,4.1,1028.96
INV8949,2026-06-22,A,Jaipur,Member,Female,Chips,Snacks,5,39.98,Card,3.1,199.9
INV8950,2026-05-12,D,Bengaluru,Member,Female,Coffee,Beverages,5,202.03,UPI,4.8,1010.15
INV8951,2026-02-14,C,Mumbai,Normal,Male,Noodles,Grocery,8,51.1,Cash,3.1,408.8
INV8952,2026-06-08,B,Delhi,Member,Female,Cold Drink,Beverages,7,69.13,UPI,4.2,483.91
INV8953,2026-06-24,A,Jaipur,Normal,Male,Cheese,Dairy,5,249.59,Card,3.6,1247.95
INV8954,2026-02-09,B,Delhi,Member,Male,Biscuits,Snacks,4,33.5,UPI,4.5,134.0
INV8955,2026-04-03,A,Jaipur,Member,Female,Cheese,Dairy,10,253.43,Net Banking,4.7,2534.3
INV8956,2026-02-13,D,Bengaluru,Normal,Male,Bread,Bakery,1,43.7,Card,4.6,43.7
INV8957,2026-01-30,B,Delhi,Member,Female,Face Wash,Personal Care,7,123.81,Cash,3.4,866.67
INV8958,2026-05-03,A,Jaipur,Normal,Male,Potato,Vegetables,1,35.14,Net Banking,4.8,35.14
INV8959,2026-02-20,D,Bengaluru,Member,Female,Tea,Beverages,6,131.96,Card,4.0,791.76
INV8960,2026-01-22,C,Mumbai,Member,Female,Coffee,Beverages,6,202.75,Card,4.9,1216.5
INV8961,2026-04-20,B,Delhi,Normal,Male,Tomato,Vegetables,6,42.02,Cash,3.1,252.12
INV8962,2026-02-20,A,Jaipur,Member,Male,Apples,Fruits,8,162.3,Cash,4.1,1298.4
INV8963,2026-06-20,A,Jaipur,Normal,Male,Tea,Beverages,2,110.98,Card,4.3,221.96
INV8964,2026-01-25,D,Bengaluru,Member,Male,Rice,Grocery,9,66.41,Cash,4.0,597.69
INV8965,2026-02-12,D,Bengaluru,Normal,Male,Tea,Beverages,8,109.46,Cash,3.2,875.68
INV8966,2026-06-03,B,Delhi,Member,Female,Biscuits,Snacks,6,31.02,Net Banking,4.2,186.12
INV8967,2026-03-20,C,Mumbai,Normal,Female,Rice,Grocery,9,60.0,Card,4.4,540.0
INV8968,2026-06-26,D,Bengaluru,Normal,Male,Tomato,Vegetables,10,48.75,UPI,4.3,487.5
INV8969,2026-01-30,D,Bengaluru,Normal,Male,Bread,Bakery,6,36.86,Net Banking,4.7,221.16
INV8970,2026-02-06,D,Bengaluru,Member,Female,Potato,Vegetables,4,38.35,Card,4.2,153.4
INV8971,2026-06-01,D,Bengaluru,Normal,Female,Cheese,Dairy,6,199.99,Card,4.7,1199.94
INV8972,2026-06-24,D,Bengaluru,Member,Female,Tea,Beverages,3,138.27,Net Banking,4.3,414.81
INV8973,2026-03-20,C,Mumbai,Normal,Male,Chips,Snacks,5,33.03,Cash,4.5,165.15
INV8974,2026-06-02,D,Bengaluru,Normal,Female,Cooking Oil,Grocery,1,172.63,UPI,4.2,172.63
INV8975,2026-05-04,D,Bengaluru,Normal,Male,Coffee,Beverages,6,196.74,UPI,3.1,1180.44
INV8976,2026-01-12,D,Bengaluru,Member,Male,Tea,Beverages,7,108.07,Card,3.7,756.49
INV8977,2026-04-16,D,Bengaluru,Normal,Male,Coffee,Beverages,10,159.65,Card,3.1,1596.5
INV8978,2026-04-29,B,Delhi,Member,Female,Tomato,Vegetables,4,50.39,UPI,4.5,201.56
INV8979,2026-05-02,C,Mumbai,Normal,Male,Bananas,Fruits,8,69.77,Card,3.7,558.16
INV8980,2026-05-16,B,Delhi,Normal,Female,Milk,Dairy,10,57.83,UPI,4.9,578.3
INV8981,2026-01-08,D,Bengaluru,Normal,Male,Tomato,Vegetables,1,45.58,Cash,4.6,45.58
INV8982,2026-03-26,C,Mumbai,Member,Female,Tomato,Vegetables,3,48.56,UPI,4.8,145.68
INV8983,2026-02-13,C,Mumbai,Normal,Female,Cold Drink,Beverages,7,63.09,UPI,3.6,441.63
INV8984,2026-03-10,C,Mumbai,Member,Male,Cheese,Dairy,5,200.47,UPI,3.0,1002.35
INV8985,2026-04-29,C,Mumbai,Normal,Male,Cooking Oil,Grocery,9,158.48,Card,3.8,1426.32
INV8986,2026-04-25,A,Jaipur,Member,Male,Bananas,Fruits,5,60.28,Cash,4.6,301.4
INV8987,2026-02-15,A,Jaipur,Member,Female,Bread,Bakery,6,39.64,Net Banking,4.1,237.84
INV8988,2026-06-13,A,Jaipur,Normal,Female,Biscuits,Snacks,4,31.81,Net Banking,3.9,127.24
INV8989,2026-02-11,C,Mumbai,Normal,Female,Biscuits,Snacks,2,26.04,UPI,4.3,52.08
INV8990,2026-01-01,C,Mumbai,Member,Female,Bananas,Fruits,6,59.82,Card,4.2,358.92
INV8991,2026-03-14,B,Delhi,Member,Male,Milk,Dairy,8,52.03,Net Banking,4.3,416.24
INV8992,2026-05-08,C,Mumbai,Member,Female,Bread,Bakery,8,46.92,Net Banking,4.0,375.36
INV8993,2026-06-23,C,Mumbai,Normal,Male,Soap,Personal Care,9,38.18,UPI,4.2,343.62
INV8994,2026-03-18,C,Mumbai,Member,Female,Bananas,Fruits,9,59.02,UPI,4.8,531.18
INV8995,2026-02-11,B,Delhi,Normal,Female,Chocolate,Snacks,3,51.73,Card,4.6,155.19
INV8996,2026-03-25,A,Jaipur,Normal,Male,Face Wash,Personal Care,9,133.27,Net Banking,4.9,1199.43
INV8997,2026-03-15,C,Mumbai,Member,Male,Chips,Snacks,7,38.37,UPI,3.7,268.59
INV8998,2026-06-12,A,Jaipur,Member,Female,Potato,Vegetables,3,32.26,Cash,4.8,96.78
INV8999,2026-01-22,D,Bengaluru,Member,Female,Potato,Vegetables,8,39.15,Cash,4.5,313.2
INV9000,2026-06-27,D,Bengaluru,Member,Male,Cold Drink,Beverages,5,58.33,Cash,3.4,291.65
INV9001,2026-06-17,C,Mumbai,Member,Female,Chips,Snacks,10,32.76,UPI,3.7,327.6
INV9002,2026-03-24,C,Mumbai,Member,Female,Noodles,Grocery,2,49.22,Card,3.3,98.44
INV9003,2026-05-16,C,Mumbai,Member,Male,Cheese,Dairy,7,202.31,Cash,3.6,1416.17
INV9004,2026-03-20,D,Bengaluru,Normal,Male,Tea,Beverages,7,111.79,Cash,3.0,782.53
INV9005,2026-02-15,A,Jaipur,Member,Male,Potato,Vegetables,4,37.11,Cash,3.6,148.44
INV9006,2026-01-09,A,Jaipur,Member,Female,Bananas,Fruits,1,58.09,UPI,3.8,58.09
INV9007,2026-06-12,A,Jaipur,Member,Male,Tea,Beverages,8,111.06,UPI,4.9,888.48
INV9008,2026-07-01,A,Jaipur,Normal,Male,Eggs,Dairy,5,101.1,UPI,3.6,505.5
INV9009,2026-04-01,C,Mumbai,Normal,Male,Cooking Oil,Grocery,6,164.93,Cash,3.9,989.58
INV9010,2026-07-01,B,Delhi,Member,Female,Soap,Personal Care,9,40.55,UPI,3.1,364.95
INV9011,2026-06-06,D,Bengaluru,Normal,Male,Tea,Beverages,6,102.3,UPI,3.7,613.8
INV9012,2026-06-12,C,Mumbai,Member,Female,Milk,Dairy,8,52.73,Card,4.5,421.84
INV9013,2026-02-03,C,Mumbai,Member,Female,Milk,Dairy,2,48.36,UPI,4.8,96.72
INV9014,2026-03-02,B,Delhi,Member,Male,Tea,Beverages,5,118.87,Net Banking,3.7,594.35
INV9015,2026-05-03,A,Jaipur,Normal,Female,Potato,Vegetables,5,31.84,UPI,3.9,159.2
INV9016,2026-03-22,C,Mumbai,Normal,Male,Cooking Oil,Grocery,1,157.02,UPI,4.4,157.02
INV9017,2026-06-16,D,Bengaluru,Normal,Female,Cold Drink,Beverages,4,70.4,Net Banking,4.7,281.6
INV9018,2026-05-27,B,Delhi,Normal,Male,Shampoo,Personal Care,5,189.89,Net Banking,3.7,949.45
INV9019,2026-04-29,C,Mumbai,Normal,Female,Potato,Vegetables,10,33.03,UPI,4.8,330.3
INV9020,2026-03-26,B,Delhi,Normal,Female,Shampoo,Personal Care,1,196.44,Card,4.4,196.44
INV9021,2026-05-01,D,Bengaluru,Member,Female,Shampoo,Personal Care,10,158.45,Cash,3.3,1584.5
INV9022,2026-05-30,C,Mumbai,Normal,Male,Biscuits,Snacks,7,33.18,Net Banking,4.8,232.26
INV9023,2026-04-08,C,Mumbai,Member,Male,Cheese,Dairy,8,201.13,Card,4.6,1609.04
INV9024,2026-05-06,B,Delhi,Normal,Female,Soap,Personal Care,6,48.44,UPI,3.5,290.64
INV9025,2026-02-21,D,Bengaluru,Member,Male,Biscuits,Snacks,8,31.13,UPI,3.7,249.04
INV9026,2026-01-03,A,Jaipur,Member,Female,Cold Drink,Beverages,8,69.09,Net Banking,3.8,552.72
INV9027,2026-05-28,C,Mumbai,Normal,Male,Noodles,Grocery,7,47.35,Net Banking,3.3,331.45
INV9028,2026-05-12,B,Delhi,Member,Male,Soap,Personal Care,8,44.45,Card,3.4,355.6
INV9029,2026-02-18,D,Bengaluru,Normal,Female,Coffee,Beverages,9,202.4,UPI,4.3,1821.6
INV9030,2026-01-16,B,Delhi,Member,Male,Rice,Grocery,8,76.66,Net Banking,4.5,613.28
INV9031,2026-05-18,B,Delhi,Member,Male,Shampoo,Personal Care,8,156.14,Net Banking,3.1,1249.12
INV9032,2026-05-25,B,Delhi,Normal,Female,Noodles,Grocery,1,58.43,Cash,3.5,58.43
INV9033,2026-01-29,B,Delhi,Member,Female,Potato,Vegetables,2,31.17,Net Banking,3.8,62.34
INV9034,2026-04-14,B,Delhi,Member,Male,Coffee,Beverages,8,183.46,Card,3.9,1467.68
INV9035,2026-05-17,D,Bengaluru,Member,Female,Coffee,Beverages,5,179.86,UPI,4.6,899.3
INV9036,2026-02-09,B,Delhi,Normal,Male,Bread,Bakery,10,45.05,Net Banking,4.0,450.5
INV9037,2026-04-21,D,Bengaluru,Member,Male,Rice,Grocery,4,78.03,Cash,3.3,312.12
INV9038,2026-01-24,C,Mumbai,Member,Male,Soap,Personal Care,10,39.67,Net Banking,4.5,396.7
INV9039,2026-03-08,C,Mumbai,Normal,Male,Cold Drink,Beverages,3,55.61,Net Banking,5.0,166.83
INV9040,2026-05-30,C,Mumbai,Member,Male,Bananas,Fruits,6,66.07,UPI,3.9,396.42
INV9041,2026-01-29,A,Jaipur,Member,Female,Cheese,Dairy,8,211.22,Cash,3.4,1689.76
INV9042,2026-03-21,B,Delhi,Normal,Female,Bananas,Fruits,8,60.07,Card,3.2,480.56
INV9043,2026-01-05,D,Bengaluru,Member,Male,Cooking Oil,Grocery,8,173.36,Card,4.3,1386.88
INV9044,2026-06-09,C,Mumbai,Member,Male,Soap,Personal Care,1,41.99,UPI,4.9,41.99
INV9045,2026-07-01,D,Bengaluru,Normal,Female,Rice,Grocery,4,68.52,Card,4.7,274.08
INV9046,2026-05-15,C,Mumbai,Normal,Female,Tomato,Vegetables,2,39.08,Card,3.7,78.16
INV9047,2026-04-22,B,Delhi,Normal,Female,Tea,Beverages,9,139.51,Net Banking,4.7,1255.59
INV9048,2026-06-20,C,Mumbai,Member,Male,Apples,Fruits,7,159.02,Card,3.8,1113.14
INV9049,2026-01-04,C,Mumbai,Member,Female,Chocolate,Snacks,5,56.21,Cash,4.0,281.05
INV9050,2026-04-27,C,Mumbai,Member,Female,Apples,Fruits,10,140.08,Net Banking,4.7,1400.8
INV9051,2026-06-26,D,Bengaluru,Member,Male,Rice,Grocery,5,76.84,Card,4.1,384.2
INV9052,2026-02-24,A,Jaipur,Member,Female,Apples,Fruits,7,130.47,Cash,4.5,913.29
INV9053,2026-06-15,B,Delhi,Member,Female,Biscuits,Snacks,3,32.21,Net Banking,4.3,96.63
INV9054,2026-02-14,A,Jaipur,Member,Female,Apples,Fruits,4,146.68,Cash,4.1,586.72
INV9055,2026-02-21,D,Bengaluru,Member,Male,Milk,Dairy,3,61.54,UPI,3.1,184.62
INV9056,2026-04-12,C,Mumbai,Member,Male,Shampoo,Personal Care,7,168.8,UPI,4.4,1181.6
INV9057,2026-06-08,C,Mumbai,Member,Male,Noodles,Grocery,1,59.65,Card,3.5,59.65
INV9058,2026-03-14,C,Mumbai,Normal,Female,Cooking Oil,Grocery,6,174.0,Cash,4.3,1044.0
INV9059,2026-03-14,C,Mumbai,Member,Female,Cheese,Dairy,9,188.45,Net Banking,3.9,1696.05
INV9060,2026-03-21,C,Mumbai,Normal,Female,Potato,Vegetables,2,37.19,Cash,4.0,74.38
INV9061,2026-02-23,D,Bengaluru,Member,Male,Chocolate,Snacks,5,56.12,Cash,3.6,280.6
INV9062,2026-07-01,D,Bengaluru,Normal,Male,Chocolate,Snacks,3,52.29,UPI,3.2,156.87
INV9063,2026-03-11,A,Jaipur,Normal,Female,Milk,Dairy,2,48.3,UPI,3.7,96.6
INV9064,2026-03-15,C,Mumbai,Normal,Female,Potato,Vegetables,10,30.88,Card,4.3,308.8
INV9065,2026-04-09,B,Delhi,Member,Female,Chips,Snacks,10,39.09,Cash,3.7,390.9
INV9066,2026-04-11,B,Delhi,Member,Male,Bread,Bakery,10,39.02,Cash,4.5,390.2
INV9067,2026-05-01,D,Bengaluru,Normal,Female,Cold Drink,Beverages,8,69.77,Net Banking,4.3,558.16
INV9068,2026-03-18,A,Jaipur,Member,Female,Apples,Fruits,3,145.45,Net Banking,5.0,436.35
INV9069,2026-02-21,A,Jaipur,Normal,Female,Cooking Oil,Grocery,2,162.87,UPI,4.3,325.74
INV9070,2026-04-21,D,Bengaluru,Member,Male,Cheese,Dairy,6,228.3,Cash,4.1,1369.8
INV9071,2026-03-09,A,Jaipur,Normal,Female,Eggs,Dairy,6,78.46,Card,4.6,470.76
INV9072,2026-04-22,C,Mumbai,Normal,Male,Face Wash,Personal Care,6,106.35,UPI,4.5,638.1
INV9073,2026-06-29,D,Bengaluru,Normal,Male,Chips,Snacks,3,41.28,Cash,4.2,123.84
INV9074,2026-06-03,B,Delhi,Normal,Female,Cheese,Dairy,9,212.29,UPI,3.9,1910.61
INV9075,2026-04-29,D,Bengaluru,Normal,Male,Biscuits,Snacks,4,25.6,Card,3.5,102.4
INV9076,2026-06-11,C,Mumbai,Member,Male,Potato,Vegetables,9,32.9,Cash,4.6,296.1
INV9077,2026-02-05,D,Bengaluru,Member,Female,Potato,Vegetables,7,39.65,Card,4.7,277.55
INV9078,2026-03-20,C,Mumbai,Normal,Male,Cooking Oil,Grocery,8,163.87,Cash,4.0,1310.96
INV9079,2026-04-27,B,Delhi,Member,Female,Shampoo,Personal Care,10,162.22,Cash,4.7,1622.2
INV9080,2026-02-03,C,Mumbai,Member,Female,Apples,Fruits,9,149.93,Card,4.9,1349.37
INV9081,2026-02-20,C,Mumbai,Normal,Female,Noodles,Grocery,8,59.66,Net Banking,4.7,477.28
INV9082,2026-03-10,A,Jaipur,Member,Female,Milk,Dairy,10,51.64,Card,3.2,516.4
INV9083,2026-06-19,A,Jaipur,Member,Male,Tea,Beverages,2,120.32,Card,3.5,240.64
INV9084,2026-02-15,A,Jaipur,Normal,Male,Face Wash,Personal Care,4,140.22,UPI,4.0,560.88
INV9085,2026-07-01,A,Jaipur,Member,Male,Cheese,Dairy,10,191.83,Card,3.4,1918.3
INV9086,2026-05-25,C,Mumbai,Normal,Female,Bananas,Fruits,10,65.32,Card,3.4,653.2
INV9087,2026-05-25,C,Mumbai,Normal,Female,Noodles,Grocery,8,50.93,UPI,3.2,407.44
INV9088,2026-05-12,C,Mumbai,Member,Male,Chips,Snacks,8,36.91,Net Banking,3.7,295.28
INV9089,2026-04-14,D,Bengaluru,Normal,Female,Biscuits,Snacks,8,29.71,Card,4.7,237.68
INV9090,2026-04-19,D,Bengaluru,Member,Female,Tomato,Vegetables,3,45.33,UPI,3.6,135.99
INV9091,2026-01-05,B,Delhi,Normal,Male,Soap,Personal Care,4,48.03,Net Banking,3.2,192.12
INV9092,2026-05-02,D,Bengaluru,Normal,Male,Potato,Vegetables,5,40.33,Net Banking,3.6,201.65
INV9093,2026-03-20,D,Bengaluru,Normal,Female,Cheese,Dairy,2,187.97,Card,4.8,375.94
INV9094,2026-05-13,C,Mumbai,Normal,Female,Milk,Dairy,5,63.42,Net Banking,4.7,317.1
INV9095,2026-05-15,C,Mumbai,Member,Female,Apples,Fruits,9,137.43,Card,4.4,1236.87
INV9096,2026-05-01,B,Delhi,Member,Male,Cooking Oil,Grocery,4,169.53,Net Banking,3.1,678.12
INV9097,2026-05-12,A,Jaipur,Member,Female,Eggs,Dairy,6,95.6,Net Banking,4.2,573.6
INV9098,2026-02-23,D,Bengaluru,Member,Male,Coffee,Beverages,5,205.06,Net Banking,4.6,1025.3
INV9099,2026-01-18,A,Jaipur,Member,Male,Coffee,Beverages,9,198.22,Card,3.5,1783.98
INV9100,2026-04-25,B,Delhi,Member,Male,Bread,Bakery,10,39.77,Net Banking,4.9,397.7
INV9101,2026-06-24,B,Delhi,Normal,Female,Cooking Oil,Grocery,4,174.72,Cash,3.4,698.88
INV9102,2026-06-20,C,Mumbai,Member,Male,Shampoo,Personal Care,6,211.02,UPI,3.9,1266.12
INV9103,2026-04-14,C,Mumbai,Member,Male,Soap,Personal Care,2,50.49,UPI,4.8,100.98
INV9104,2026-06-13,C,Mumbai,Member,Male,Noodles,Grocery,3,49.86,Cash,3.7,149.58
INV9105,2026-05-30,C,Mumbai,Member,Female,Chips,Snacks,8,33.45,Net Banking,3.4,267.6
INV9106,2026-03-30,D,Bengaluru,Member,Male,Biscuits,Snacks,4,30.74,Cash,3.1,122.96
INV9107,2026-05-15,A,Jaipur,Member,Female,Cold Drink,Beverages,4,58.16,Card,4.2,232.64
INV9108,2026-06-24,C,Mumbai,Member,Female,Tea,Beverages,9,118.84,UPI,3.7,1069.56
INV9109,2026-04-18,A,Jaipur,Member,Female,Bread,Bakery,2,38.83,Net Banking,3.7,77.66
INV9110,2026-06-04,A,Jaipur,Normal,Male,Bananas,Fruits,1,56.91,UPI,4.9,56.91
INV9111,2026-02-28,B,Delhi,Member,Male,Bread,Bakery,10,44.72,Cash,4.4,447.2
INV9112,2026-02-16,C,Mumbai,Normal,Female,Bread,Bakery,8,38.12,Cash,4.8,304.96
INV9113,2026-05-15,D,Bengaluru,Member,Male,Coffee,Beverages,1,204.24,UPI,3.0,204.24
INV9114,2026-03-12,C,Mumbai,Member,Female,Rice,Grocery,9,69.02,UPI,4.0,621.18
INV9115,2026-02-19,C,Mumbai,Member,Female,Rice,Grocery,4,73.3,UPI,3.6,293.2
INV9116,2026-02-10,D,Bengaluru,Member,Female,Soap,Personal Care,8,43.94,UPI,4.0,351.52
INV9117,2026-06-07,A,Jaipur,Member,Female,Soap,Personal Care,8,38.93,Cash,3.0,311.44
INV9118,2026-04-15,B,Delhi,Member,Male,Tea,Beverages,10,110.34,Net Banking,4.1,1103.4
INV9119,2026-02-22,D,Bengaluru,Member,Male,Cold Drink,Beverages,4,55.74,UPI,4.1,222.96
INV9120,2026-04-17,B,Delhi,Member,Male,Rice,Grocery,5,78.59,Net Banking,4.1,392.95
INV9121,2026-03-28,B,Delhi,Normal,Male,Noodles,Grocery,8,59.68,UPI,3.3,477.44
INV9122,2026-06-29,B,Delhi,Normal,Female,Soap,Personal Care,9,45.46,Card,3.2,409.14
INV9123,2026-06-16,A,Jaipur,Normal,Female,Cold Drink,Beverages,6,69.54,Net Banking,4.1,417.24
INV9124,2026-02-02,B,Delhi,Member,Male,Coffee,Beverages,7,152.01,Card,4.7,1064.07
INV9125,2026-05-11,C,Mumbai,Member,Female,Potato,Vegetables,10,40.69,Cash,4.8,406.9
INV9126,2026-04-21,D,Bengaluru,Member,Male,Tea,Beverages,6,135.88,Card,4.3,815.28
INV9127,2026-01-26,C,Mumbai,Normal,Female,Potato,Vegetables,6,30.33,Cash,3.1,181.98
INV9128,2026-06-06,A,Jaipur,Normal,Female,Potato,Vegetables,9,39.41,UPI,4.1,354.69
INV9129,2026-01-21,B,Delhi,Member,Male,Face Wash,Personal Care,1,119.54,Cash,4.9,119.54
INV9130,2026-07-01,C,Mumbai,Normal,Female,Cheese,Dairy,1,218.19,UPI,3.6,218.19
INV9131,2026-03-16,D,Bengaluru,Normal,Female,Tomato,Vegetables,9,53.37,UPI,3.5,480.33
INV9132,2026-01-16,B,Delhi,Member,Male,Eggs,Dairy,7,81.57,UPI,4.0,570.99
INV9133,2026-01-27,A,Jaipur,Normal,Male,Chips,Snacks,3,32.38,Cash,3.0,97.14
INV9134,2026-04-26,C,Mumbai,Normal,Male,Face Wash,Personal Care,8,102.07,UPI,3.9,816.56
INV9135,2026-06-11,C,Mumbai,Member,Female,Cooking Oil,Grocery,5,128.52,Card,4.4,642.6
INV9136,2026-05-13,C,Mumbai,Normal,Female,Face Wash,Personal Care,7,113.41,Card,4.4,793.87
INV9137,2026-05-04,C,Mumbai,Member,Female,Cold Drink,Beverages,7,59.85,UPI,3.3,418.95
INV9138,2026-06-15,C,Mumbai,Member,Male,Shampoo,Personal Care,4,180.95,UPI,3.5,723.8
INV9139,2026-06-30,C,Mumbai,Normal,Female,Coffee,Beverages,4,176.37,Net Banking,3.4,705.48
INV9140,2026-01-09,D,Bengaluru,Member,Male,Bread,Bakery,6,46.22,Cash,4.2,277.32
INV9141,2026-02-06,B,Delhi,Normal,Female,Bread,Bakery,6,39.62,Net Banking,4.7,237.72
INV9142,2026-05-15,B,Delhi,Normal,Female,Bread,Bakery,2,36.28,Card,4.6,72.56
INV9143,2026-06-02,C,Mumbai,Member,Female,Cold Drink,Beverages,9,60.86,Cash,5.0,547.74
INV9144,2026-02-13,C,Mumbai,Normal,Male,Noodles,Grocery,8,55.75,Card,4.2,446.0
INV9145,2026-05-02,B,Delhi,Member,Female,Eggs,Dairy,3,82.81,Cash,4.2,248.43
INV9146,2026-07-01,B,Delhi,Normal,Female,Chocolate,Snacks,1,53.97,Cash,3.5,53.97
INV9147,2026-02-22,A,Jaipur,Member,Male,Cold Drink,Beverages,1,75.51,Cash,3.5,75.51
INV9148,2026-02-13,D,Bengaluru,Member,Female,Soap,Personal Care,8,47.9,Card,3.5,383.2
INV9149,2026-01-02,C,Mumbai,Member,Female,Cold Drink,Beverages,2,64.88,UPI,5.0,129.76
INV9150,2026-02-01,C,Mumbai,Member,Female,Chips,Snacks,9,32.99,Card,3.7,296.91
INV9151,2026-03-29,B,Delhi,Member,Male,Rice,Grocery,9,68.13,Cash,3.9,613.17
INV9152,2026-02-04,C,Mumbai,Member,Female,Cheese,Dairy,9,246.46,Card,3.2,2218.14
INV9153,2026-02-28,D,Bengaluru,Member,Female,Tea,Beverages,6,141.36,Card,4.1,848.16
INV9154,2026-07-01,A,Jaipur,Member,Male,Shampoo,Personal Care,5,183.61,Net Banking,4.1,918.05
INV9155,2026-02-02,C,Mumbai,Normal,Male,Potato,Vegetables,6,35.22,Cash,3.8,211.32
INV9156,2026-06-25,B,Delhi,Normal,Female,Noodles,Grocery,8,55.81,Card,4.4,446.48
INV9157,2026-05-08,D,Bengaluru,Normal,Male,Milk,Dairy,7,48.41,Cash,4.0,338.87
INV9158,2026-07-01,A,Jaipur,Normal,Female,Shampoo,Personal Care,4,206.7,Card,3.2,826.8
INV9159,2026-06-18,A,Jaipur,Normal,Male,Cheese,Dairy,6,209.66,Net Banking,4.4,1257.96
INV9160,2026-03-09,D,Bengaluru,Normal,Female,Chocolate,Snacks,8,42.53,Card,3.8,340.24
INV9161,2026-06-22,B,Delhi,Normal,Male,Eggs,Dairy,9,99.46,UPI,4.5,895.14
INV9162,2026-02-03,D,Bengaluru,Normal,Male,Cooking Oil,Grocery,7,167.59,Cash,4.5,1173.13
INV9163,2026-01-10,B,Delhi,Member,Female,Cooking Oil,Grocery,9,170.23,Net Banking,3.9,1532.07
INV9164,2026-05-10,A,Jaipur,Normal,Male,Potato,Vegetables,4,37.69,Card,3.8,150.76
INV9165,2026-02-14,D,Bengaluru,Normal,Male,Biscuits,Snacks,1,26.22,Net Banking,3.3,26.22
INV9166,2026-03-22,D,Bengaluru,Normal,Male,Cold Drink,Beverages,4,54.33,Card,3.6,217.32
INV9167,2026-02-27,C,Mumbai,Normal,Male,Rice,Grocery,2,77.97,Cash,4.9,155.94
INV9168,2026-02-06,A,Jaipur,Member,Female,Bread,Bakery,4,42.65,Card,4.8,170.6
INV9169,2026-04-15,A,Jaipur,Member,Female,Cooking Oil,Grocery,9,160.91,Net Banking,4.7,1448.19
INV9170,2026-02-24,C,Mumbai,Normal,Female,Rice,Grocery,4,58.19,UPI,4.3,232.76
INV9171,2026-04-21,C,Mumbai,Normal,Female,Face Wash,Personal Care,9,138.47,Net Banking,4.6,1246.23
INV9172,2026-03-10,C,Mumbai,Member,Male,Cold Drink,Beverages,3,56.53,UPI,3.7,169.59
INV9173,2026-01-13,C,Mumbai,Member,Male,Cold Drink,Beverages,1,59.05,UPI,4.2,59.05
INV9174,2026-01-12,C,Mumbai,Member,Female,Bread,Bakery,10,33.46,Cash,3.4,334.6
INV9175,2026-04-26,B,Delhi,Normal,Male,Shampoo,Personal Care,1,151.33,Net Banking,3.1,151.33
INV9176,2026-02-08,A,Jaipur,Member,Male,Coffee,Beverages,7,158.96,Card,4.6,1112.72
INV9177,2026-06-24,B,Delhi,Member,Male,Coffee,Beverages,3,185.33,UPI,4.6,555.99
INV9178,2026-01-21,D,Bengaluru,Member,Male,Bananas,Fruits,3,62.17,Net Banking,4.9,186.51
INV9179,2026-05-29,B,Delhi,Member,Female,Biscuits,Snacks,8,33.16,Cash,3.6,265.28
INV9180,2026-04-05,B,Delhi,Member,Male,Bread,Bakery,3,34.68,Card,4.8,104.04
INV9181,2026-05-04,D,Bengaluru,Member,Female,Tomato,Vegetables,9,52.05,Card,3.7,468.45
INV9182,2026-06-20,C,Mumbai,Normal,Male,Chips,Snacks,10,38.84,Card,3.2,388.4
INV9183,2026-03-21,C,Mumbai,Normal,Female,Bread,Bakery,3,42.03,Net Banking,3.7,126.09
INV9184,2026-01-08,A,Jaipur,Member,Female,Biscuits,Snacks,7,35.28,Net Banking,4.5,246.96
INV9185,2026-01-03,D,Bengaluru,Member,Female,Apples,Fruits,2,121.0,Card,4.6,242.0
INV9186,2026-06-17,B,Delhi,Member,Female,Noodles,Grocery,2,61.55,Cash,4.1,123.1
INV9187,2026-04-16,B,Delhi,Normal,Female,Rice,Grocery,9,59.7,Card,4.9,537.3
INV9188,2026-01-02,D,Bengaluru,Normal,Male,Biscuits,Snacks,3,33.23,Card,4.2,99.69
INV9189,2026-04-14,D,Bengaluru,Normal,Male,Tea,Beverages,5,115.6,Cash,4.5,578.0
INV9190,2026-01-01,D,Bengaluru,Normal,Male,Cheese,Dairy,1,224.38,Cash,3.2,224.38
INV9191,2026-01-15,A,Jaipur,Member,Female,Cold Drink,Beverages,3,65.25,Cash,4.2,195.75
INV9192,2026-06-03,A,Jaipur,Normal,Male,Rice,Grocery,9,71.13,Card,3.9,640.17
INV9193,2026-05-08,A,Jaipur,Member,Female,Biscuits,Snacks,6,32.53,Cash,4.0,195.18
INV9194,2026-01-16,C,Mumbai,Member,Female,Noodles,Grocery,3,58.95,Net Banking,3.1,176.85
INV9195,2026-03-03,D,Bengaluru,Member,Female,Rice,Grocery,7,78.1,Cash,4.3,546.7
INV9196,2026-05-14,A,Jaipur,Member,Female,Biscuits,Snacks,8,29.56,Card,3.0,236.48
INV9197,2026-06-22,D,Bengaluru,Member,Female,Cooking Oil,Grocery,10,140.82,UPI,4.5,1408.2
INV9198,2026-01-17,A,Jaipur,Member,Female,Chips,Snacks,6,35.93,UPI,3.5,215.58
INV9199,2026-01-28,D,Bengaluru,Member,Female,Potato,Vegetables,6,39.05,Net Banking,3.8,234.3
INV9200,2026-04-27,C,Mumbai,Member,Male,Soap,Personal Care,4,52.07,UPI,3.0,208.28
INV9201,2026-03-05,B,Delhi,Normal,Female,Bread,Bakery,3,38.17,UPI,3.3,114.51
INV9202,2026-03-25,B,Delhi,Member,Female,Tea,Beverages,7,131.93,UPI,4.5,923.51
INV9203,2026-05-09,A,Jaipur,Normal,Male,Bananas,Fruits,7,55.37,Net Banking,3.4,387.59
INV9204,2026-02-04,A,Jaipur,Member,Male,Coffee,Beverages,1,164.56,UPI,3.7,164.56
INV9205,2026-04-16,A,Jaipur,Member,Male,Cold Drink,Beverages,5,75.95,Card,4.0,379.75
INV9206,2026-04-29,C,Mumbai,Member,Male,Chips,Snacks,6,30.11,UPI,4.4,180.66
INV9207,2026-06-25,A,Jaipur,Member,Female,Coffee,Beverages,2,172.89,Cash,3.1,345.78
INV9208,2026-01-29,B,Delhi,Member,Male,Face Wash,Personal Care,7,136.96,UPI,4.5,958.72
INV9209,2026-04-30,C,Mumbai,Normal,Male,Cold Drink,Beverages,6,60.33,UPI,3.1,361.98
INV9210,2026-04-26,C,Mumbai,Member,Female,Rice,Grocery,4,58.64,Card,3.2,234.56
INV9211,2026-03-07,C,Mumbai,Normal,Male,Cold Drink,Beverages,10,70.69,Net Banking,4.2,706.9
INV9212,2026-02-01,D,Bengaluru,Member,Male,Tea,Beverages,10,113.89,Net Banking,3.8,1138.9
INV9213,2026-06-29,A,Jaipur,Normal,Female,Bread,Bakery,3,42.37,UPI,3.2,127.11
INV9214,2026-06-15,C,Mumbai,Normal,Female,Cold Drink,Beverages,1,58.39,Card,4.1,58.39
INV9215,2026-02-24,B,Delhi,Normal,Male,Tomato,Vegetables,2,44.81,UPI,4.0,89.62
INV9216,2026-02-28,C,Mumbai,Member,Female,Rice,Grocery,10,69.37,Net Banking,3.3,693.7
INV9217,2026-06-03,C,Mumbai,Normal,Female,Cooking Oil,Grocery,10,127.58,Net Banking,4.7,1275.8
INV9218,2026-02-19,C,Mumbai,Normal,Female,Bananas,Fruits,10,55.86,Cash,4.9,558.6
INV9219,2026-06-02,A,Jaipur,Member,Male,Bread,Bakery,4,46.04,Cash,4.5,184.16
INV9220,2026-03-05,D,Bengaluru,Member,Male,Soap,Personal Care,3,48.97,Card,4.8,146.91
INV9221,2026-05-23,A,Jaipur,Member,Female,Chips,Snacks,1,40.23,Card,3.0,40.23
INV9222,2026-05-02,D,Bengaluru,Normal,Female,Cooking Oil,Grocery,10,162.05,Net Banking,4.5,1620.5
INV9223,2026-05-20,D,Bengaluru,Member,Female,Biscuits,Snacks,7,32.86,Net Banking,4.2,230.02
INV9224,2026-06-19,B,Delhi,Member,Male,Chocolate,Snacks,8,54.99,Net Banking,4.0,439.92
INV9225,2026-04-21,A,Jaipur,Normal,Male,Cheese,Dairy,4,195.86,UPI,3.1,783.44
INV9226,2026-06-06,B,Delhi,Member,Male,Biscuits,Snacks,2,33.4,Cash,4.0,66.8
INV9227,2026-02-27,C,Mumbai,Member,Male,Soap,Personal Care,8,46.64,Cash,3.6,373.12
INV9228,2026-03-08,B,Delhi,Member,Male,Soap,Personal Care,4,44.25,Net Banking,4.8,177.0
INV9229,2026-04-07,B,Delhi,Member,Male,Chips,Snacks,8,33.7,Net Banking,4.7,269.6
INV9230,2026-02-07,A,Jaipur,Normal,Female,Eggs,Dairy,3,97.87,Cash,3.9,293.61
INV9231,2026-01-21,D,Bengaluru,Member,Male,Cooking Oil,Grocery,7,161.48,Card,3.6,1130.36
INV9232,2026-03-08,C,Mumbai,Normal,Male,Biscuits,Snacks,3,29.66,Net Banking,5.0,88.98
INV9233,2026-05-03,A,Jaipur,Member,Male,Face Wash,Personal Care,1,102.59,Net Banking,3.6,102.59
INV9234,2026-02-10,A,Jaipur,Normal,Female,Bread,Bakery,2,35.88,Card,3.3,71.76
INV9235,2026-05-25,B,Delhi,Normal,Female,Cheese,Dairy,9,255.15,Net Banking,4.0,2296.35
INV9236,2026-03-04,C,Mumbai,Member,Female,Tea,Beverages,2,125.6,Cash,4.8,251.2
INV9237,2026-03-25,A,Jaipur,Member,Female,Cheese,Dairy,8,218.04,Cash,4.2,1744.32
INV9238,2026-04-25,B,Delhi,Member,Female,Milk,Dairy,7,57.64,Card,4.5,403.48
INV9239,2026-01-07,C,Mumbai,Normal,Female,Coffee,Beverages,1,161.0,Cash,4.3,161.0
INV9240,2026-04-02,D,Bengaluru,Normal,Female,Chocolate,Snacks,6,59.13,Card,4.3,354.78
INV9241,2026-02-25,A,Jaipur,Member,Female,Apples,Fruits,6,157.04,Card,3.4,942.24
INV9242,2026-01-22,D,Bengaluru,Normal,Male,Tea,Beverages,6,118.21,Cash,3.2,709.26
INV9243,2026-02-17,B,Delhi,Member,Male,Chocolate,Snacks,10,43.11,Card,4.1,431.1
INV9244,2026-05-22,C,Mumbai,Member,Male,Tea,Beverages,10,108.49,Cash,3.7,1084.9
INV9245,2026-06-24,A,Jaipur,Member,Male,Rice,Grocery,6,63.03,Card,4.9,378.18
INV9246,2026-02-27,A,Jaipur,Member,Female,Milk,Dairy,1,63.8,Card,4.7,63.8
INV9247,2026-05-14,B,Delhi,Normal,Male,Biscuits,Snacks,10,34.38,Card,3.3,343.8
INV9248,2026-06-21,B,Delhi,Member,Male,Biscuits,Snacks,3,27.52,Cash,4.8,82.56
INV9249,2026-06-21,B,Delhi,Normal,Male,Soap,Personal Care,8,37.8,Net Banking,3.5,302.4
INV9250,2026-05-25,C,Mumbai,Member,Male,Potato,Vegetables,10,32.83,UPI,4.3,328.3
INV9251,2026-06-11,D,Bengaluru,Member,Male,Coffee,Beverages,7,198.44,Net Banking,4.9,1389.08
INV9252,2026-02-12,B,Delhi,Normal,Female,Milk,Dairy,2,64.39,Card,4.3,128.78
INV9253,2026-03-16,C,Mumbai,Normal,Male,Bananas,Fruits,4,65.95,Cash,3.7,263.8
INV9254,2026-03-31,B,Delhi,Member,Female,Milk,Dairy,4,53.6,Card,4.7,214.4
INV9255,2026-06-16,C,Mumbai,Member,Female,Tea,Beverages,10,108.16,Net Banking,4.6,1081.6
INV9256,2026-04-15,C,Mumbai,Normal,Female,Soap,Personal Care,4,52.59,UPI,3.0,210.36
INV9257,2026-04-14,C,Mumbai,Normal,Male,Bananas,Fruits,9,69.44,Net Banking,3.6,624.96
INV9258,2026-04-19,B,Delhi,Normal,Female,Cheese,Dairy,8,226.76,Cash,3.9,1814.08
INV9259,2026-03-13,A,Jaipur,Member,Male,Coffee,Beverages,8,205.08,Cash,4.1,1640.64
INV9260,2026-05-03,B,Delhi,Member,Male,Cold Drink,Beverages,1,73.0,Net Banking,4.9,73.0
INV9261,2026-03-22,A,Jaipur,Member,Male,Tomato,Vegetables,4,46.81,Net Banking,3.0,187.24
INV9262,2026-02-03,A,Jaipur,Member,Female,Eggs,Dairy,5,97.49,UPI,3.3,487.45
INV9263,2026-04-02,C,Mumbai,Normal,Male,Eggs,Dairy,6,77.78,Card,4.1,466.68
INV9264,2026-02-04,C,Mumbai,Normal,Male,Coffee,Beverages,7,167.18,Cash,4.5,1170.26
INV9265,2026-01-03,B,Delhi,Normal,Female,Soap,Personal Care,7,50.97,Cash,4.3,356.79
INV9266,2026-03-24,D,Bengaluru,Normal,Female,Apples,Fruits,3,162.21,UPI,3.5,486.63
INV9267,2026-03-09,D,Bengaluru,Normal,Male,Cooking Oil,Grocery,2,140.19,Cash,3.0,280.38
INV9268,2026-02-07,B,Delhi,Normal,Female,Eggs,Dairy,1,92.18,Cash,3.2,92.18
INV9269,2026-05-17,B,Delhi,Member,Female,Tomato,Vegetables,6,42.48,Net Banking,3.1,254.88
INV9270,2026-06-14,B,Delhi,Member,Female,Apples,Fruits,4,121.69,Net Banking,4.0,486.76
INV9271,2026-05-19,D,Bengaluru,Normal,Male,Coffee,Beverages,4,166.82,UPI,5.0,667.28
INV9272,2026-05-05,C,Mumbai,Normal,Female,Shampoo,Personal Care,2,174.91,Cash,3.4,349.82
INV9273,2026-03-05,B,Delhi,Member,Male,Rice,Grocery,3,60.49,UPI,4.4,181.47
INV9274,2026-01-26,B,Delhi,Normal,Male,Bread,Bakery,6,43.74,Card,3.3,262.44
INV9275,2026-04-28,C,Mumbai,Member,Male,Noodles,Grocery,7,61.71,Card,4.9,431.97
INV9276,2026-05-01,D,Bengaluru,Member,Male,Tea,Beverages,9,122.98,UPI,3.7,1106.82
INV9277,2026-01-29,D,Bengaluru,Normal,Male,Tomato,Vegetables,5,51.62,Cash,3.6,258.1
INV9278,2026-04-06,A,Jaipur,Normal,Female,Cold Drink,Beverages,4,58.36,Card,4.2,233.44
INV9279,2026-02-14,C,Mumbai,Member,Male,Eggs,Dairy,5,85.56,Cash,5.0,427.8
INV9280,2026-06-26,B,Delhi,Member,Male,Chocolate,Snacks,4,55.61,Net Banking,4.5,222.44
INV9281,2026-02-20,C,Mumbai,Normal,Male,Bananas,Fruits,10,53.12,UPI,4.5,531.2
INV9282,2026-03-24,B,Delhi,Member,Female,Bananas,Fruits,1,68.89,Card,4.4,68.89
INV9283,2026-03-22,D,Bengaluru,Normal,Male,Soap,Personal Care,10,40.21,Cash,3.7,402.1
INV9284,2026-06-05,C,Mumbai,Member,Female,Bread,Bakery,5,35.64,Net Banking,3.0,178.2
INV9285,2026-02-25,A,Jaipur,Normal,Female,Tomato,Vegetables,5,38.79,UPI,4.8,193.95
INV9286,2026-02-18,A,Jaipur,Member,Female,Potato,Vegetables,3,40.54,Card,5.0,121.62
INV9287,2026-06-04,C,Mumbai,Normal,Male,Face Wash,Personal Care,9,129.99,Net Banking,3.3,1169.91
INV9288,2026-03-18,B,Delhi,Normal,Male,Biscuits,Snacks,9,31.82,UPI,4.3,286.38
INV9289,2026-01-30,C,Mumbai,Normal,Male,Cheese,Dairy,2,259.56,Card,4.9,519.12
INV9290,2026-04-15,A,Jaipur,Normal,Female,Rice,Grocery,6,66.65,Cash,4.3,399.9
INV9291,2026-03-26,A,Jaipur,Normal,Male,Cheese,Dairy,4,239.17,Net Banking,3.7,956.68
INV9292,2026-06-05,A,Jaipur,Member,Male,Chips,Snacks,2,31.48,Net Banking,3.5,62.96
INV9293,2026-03-13,C,Mumbai,Member,Female,Eggs,Dairy,2,88.39,Cash,3.2,176.78
INV9294,2026-01-28,A,Jaipur,Normal,Male,Face Wash,Personal Care,2,117.27,Net Banking,4.8,234.54
INV9295,2026-04-01,A,Jaipur,Member,Female,Potato,Vegetables,7,30.38,Net Banking,3.2,212.66
INV9296,2026-06-28,C,Mumbai,Member,Male,Milk,Dairy,8,53.44,UPI,3.0,427.52
INV9297,2026-01-22,A,Jaipur,Normal,Male,Eggs,Dairy,7,86.09,Cash,4.5,602.63
INV9298,2026-01-15,B,Delhi,Member,Female,Tea,Beverages,8,119.51,Net Banking,3.4,956.08
INV9299,2026-02-04,B,Delhi,Member,Female,Soap,Personal Care,10,38.03,Cash,3.3,380.3
INV9300,2026-02-04,B,Delhi,Member,Male,Chips,Snacks,7,29.98,UPI,4.4,209.86
INV9301,2026-03-12,B,Delhi,Normal,Male,Bread,Bakery,6,43.84,UPI,3.7,263.04
INV9302,2026-03-09,B,Delhi,Member,Male,Soap,Personal Care,6,40.45,Cash,4.2,242.7
INV9303,2026-06-17,A,Jaipur,Member,Female,Chips,Snacks,5,29.16,Cash,3.5,145.8
INV9304,2026-01-01,C,Mumbai,Normal,Male,Cheese,Dairy,7,210.34,Card,4.0,1472.38
INV9305,2026-02-11,D,Bengaluru,Member,Male,Potato,Vegetables,3,31.99,UPI,3.6,95.97
INV9306,2026-03-11,A,Jaipur,Normal,Female,Milk,Dairy,10,46.77,Net Banking,4.7,467.7
INV9307,2026-01-21,B,Delhi,Member,Male,Bananas,Fruits,9,52.12,UPI,4.5,469.08
INV9308,2026-04-21,A,Jaipur,Normal,Male,Potato,Vegetables,5,35.6,UPI,4.8,178.0
INV9309,2026-06-18,A,Jaipur,Normal,Male,Potato,Vegetables,7,29.42,Card,3.8,205.94
INV9310,2026-02-23,B,Delhi,Normal,Female,Chocolate,Snacks,8,51.07,Cash,4.8,408.56
INV9311,2026-02-03,A,Jaipur,Member,Male,Biscuits,Snacks,2,33.04,UPI,3.2,66.08
INV9312,2026-05-14,B,Delhi,Normal,Female,Chips,Snacks,6,30.41,Card,4.1,182.46
INV9313,2026-04-05,A,Jaipur,Member,Male,Soap,Personal Care,10,47.11,Cash,4.1,471.1
INV9314,2026-06-15,B,Delhi,Member,Female,Cheese,Dairy,10,215.55,UPI,3.8,2155.5
INV9315,2026-03-29,B,Delhi,Member,Female,Eggs,Dairy,5,79.99,Card,4.4,399.95
INV9316,2026-04-02,C,Mumbai,Member,Female,Shampoo,Personal Care,1,167.73,UPI,4.5,167.73
INV9317,2026-05-12,D,Bengaluru,Normal,Female,Biscuits,Snacks,1,31.24,Net Banking,3.9,31.24
INV9318,2026-02-16,B,Delhi,Normal,Female,Biscuits,Snacks,8,30.3,Cash,3.8,242.4
INV9319,2026-04-30,A,Jaipur,Normal,Female,Cheese,Dairy,3,222.02,Cash,4.9,666.06
INV9320,2026-02-06,B,Delhi,Member,Male,Potato,Vegetables,6,34.93,UPI,3.1,209.58
INV9321,2026-03-19,D,Bengaluru,Normal,Female,Tomato,Vegetables,5,38.69,Card,4.6,193.45
INV9322,2026-05-05,C,Mumbai,Member,Male,Soap,Personal Care,6,44.31,Card,4.6,265.86
INV9323,2026-03-19,B,Delhi,Member,Male,Coffee,Beverages,9,175.56,Net Banking,3.6,1580.04
INV9324,2026-01-08,D,Bengaluru,Normal,Female,Tea,Beverages,8,139.95,Net Banking,3.8,1119.6
INV9325,2026-02-08,D,Bengaluru,Normal,Male,Chocolate,Snacks,4,49.0,Card,4.0,196.0
INV9326,2026-05-11,D,Bengaluru,Member,Male,Potato,Vegetables,6,40.25,Cash,4.3,241.5
INV9327,2026-02-26,D,Bengaluru,Member,Male,Tea,Beverages,10,127.68,Net Banking,4.8,1276.8
INV9328,2026-06-17,B,Delhi,Normal,Female,Biscuits,Snacks,10,32.04,UPI,3.1,320.4
INV9329,2026-06-27,D,Bengaluru,Normal,Male,Coffee,Beverages,6,202.11,UPI,3.1,1212.66
INV9330,2026-06-07,C,Mumbai,Normal,Male,Milk,Dairy,4,48.47,Cash,4.7,193.88
INV9331,2026-06-11,C,Mumbai,Member,Male,Chocolate,Snacks,10,46.2,Cash,4.4,462.0
INV9332,2026-06-26,B,Delhi,Member,Female,Face Wash,Personal Care,3,104.29,Net Banking,4.6,312.87
INV9333,2026-04-13,B,Delhi,Normal,Female,Cooking Oil,Grocery,3,164.2,UPI,4.3,492.6
INV9334,2026-05-13,C,Mumbai,Member,Male,Cold Drink,Beverages,8,59.48,Cash,4.8,475.84
INV9335,2026-06-03,B,Delhi,Member,Male,Tea,Beverages,6,114.1,UPI,3.9,684.6
INV9336,2026-01-12,A,Jaipur,Normal,Female,Noodles,Grocery,8,49.44,Net Banking,4.8,395.52
INV9337,2026-05-22,B,Delhi,Normal,Male,Cheese,Dairy,3,251.35,Cash,4.5,754.05
INV9338,2026-02-28,B,Delhi,Member,Male,Bread,Bakery,5,45.85,Card,4.5,229.25
INV9339,2026-04-11,A,Jaipur,Member,Female,Cheese,Dairy,4,213.01,UPI,4.7,852.04
INV9340,2026-03-12,C,Mumbai,Normal,Male,Bananas,Fruits,5,50.02,Cash,3.7,250.1
INV9341,2026-03-20,B,Delhi,Normal,Male,Cold Drink,Beverages,9,59.84,Net Banking,4.7,538.56
INV9342,2026-06-01,B,Delhi,Normal,Male,Coffee,Beverages,10,153.17,Card,4.3,1531.7
INV9343,2026-05-12,C,Mumbai,Normal,Female,Tea,Beverages,1,126.56,Cash,3.4,126.56
INV9344,2026-01-06,B,Delhi,Normal,Female,Biscuits,Snacks,10,31.0,UPI,3.1,310.0
INV9345,2026-02-28,B,Delhi,Member,Female,Apples,Fruits,3,165.48,UPI,3.1,496.44
INV9346,2026-03-24,D,Bengaluru,Normal,Female,Noodles,Grocery,5,56.86,Net Banking,4.8,284.3
INV9347,2026-04-24,B,Delhi,Normal,Male,Chips,Snacks,8,37.72,UPI,3.8,301.76
INV9348,2026-03-29,D,Bengaluru,Member,Female,Chips,Snacks,10,30.6,Card,3.9,306.0
INV9349,2026-04-16,A,Jaipur,Normal,Female,Coffee,Beverages,9,195.33,Net Banking,3.9,1757.97
INV9350,2026-06-03,B,Delhi,Member,Female,Tomato,Vegetables,1,41.51,Net Banking,3.7,41.51
INV9351,2026-01-17,D,Bengaluru,Normal,Male,Biscuits,Snacks,3,26.95,Cash,3.7,80.85
INV9352,2026-03-25,C,Mumbai,Member,Male,Face Wash,Personal Care,3,132.03,Net Banking,4.1,396.09
INV9353,2026-03-16,A,Jaipur,Member,Female,Rice,Grocery,9,60.81,Cash,4.9,547.29
INV9354,2026-01-23,B,Delhi,Normal,Male,Cold Drink,Beverages,8,57.71,Net Banking,5.0,461.68
INV9355,2026-03-09,A,Jaipur,Normal,Female,Coffee,Beverages,6,193.89,Cash,3.9,1163.34
INV9356,2026-01-12,D,Bengaluru,Member,Male,Tea,Beverages,5,116.32,Cash,4.4,581.6
INV9357,2026-02-21,A,Jaipur,Member,Female,Rice,Grocery,5,72.2,Cash,4.4,361.0
INV9358,2026-03-02,B,Delhi,Normal,Male,Bread,Bakery,8,34.59,Card,3.8,276.72
INV9359,2026-02-08,D,Bengaluru,Member,Female,Chocolate,Snacks,8,52.14,Cash,3.8,417.12
INV9360,2026-05-04,D,Bengaluru,Member,Male,Chips,Snacks,5,36.05,Card,3.4,180.25
INV9361,2026-05-09,B,Delhi,Member,Male,Biscuits,Snacks,3,29.2,Cash,4.2,87.6
INV9362,2026-03-15,C,Mumbai,Normal,Female,Shampoo,Personal Care,10,208.09,Cash,4.6,2080.9
INV9363,2026-04-14,A,Jaipur,Member,Female,Shampoo,Personal Care,10,184.46,Card,3.7,1844.6
INV9364,2026-01-23,A,Jaipur,Normal,Male,Rice,Grocery,9,81.41,Card,4.3,732.69
INV9365,2026-06-16,C,Mumbai,Member,Male,Apples,Fruits,1,137.91,Card,4.6,137.91
INV9366,2026-06-19,C,Mumbai,Member,Female,Bananas,Fruits,7,56.71,Card,4.7,396.97
INV9367,2026-02-10,C,Mumbai,Normal,Female,Tea,Beverages,2,113.54,Cash,3.8,227.08
INV9368,2026-05-18,D,Bengaluru,Normal,Male,Potato,Vegetables,7,30.08,Cash,3.4,210.56
INV9369,2026-05-25,D,Bengaluru,Normal,Male,Rice,Grocery,3,79.91,Net Banking,4.7,239.73
INV9370,2026-01-24,A,Jaipur,Member,Female,Chocolate,Snacks,10,59.06,Net Banking,4.1,590.6
INV9371,2026-05-01,B,Delhi,Member,Female,Soap,Personal Care,6,48.22,Cash,4.2,289.32
INV9372,2026-01-06,D,Bengaluru,Normal,Male,Noodles,Grocery,6,61.91,Net Banking,4.5,371.46
INV9373,2026-02-19,D,Bengaluru,Member,Male,Biscuits,Snacks,7,27.23,Card,4.8,190.61
INV9374,2026-02-17,A,Jaipur,Normal,Male,Tea,Beverages,5,140.47,Net Banking,5.0,702.35
INV9375,2026-03-09,C,Mumbai,Member,Female,Shampoo,Personal Care,2,193.55,Card,4.2,387.1
INV9376,2026-05-29,C,Mumbai,Normal,Male,Potato,Vegetables,3,34.37,Cash,3.8,103.11
INV9377,2026-05-17,C,Mumbai,Normal,Female,Soap,Personal Care,2,37.73,Net Banking,5.0,75.46
INV9378,2026-02-10,D,Bengaluru,Member,Male,Rice,Grocery,8,74.91,Card,4.7,599.28
INV9379,2026-04-05,B,Delhi,Normal,Male,Bananas,Fruits,10,63.49,Cash,4.5,634.9
INV9380,2026-01-01,A,Jaipur,Normal,Female,Face Wash,Personal Care,1,136.42,Cash,4.5,136.42
INV9381,2026-04-29,A,Jaipur,Normal,Female,Eggs,Dairy,2,79.6,Card,5.0,159.2
INV9382,2026-01-27,A,Jaipur,Normal,Female,Cold Drink,Beverages,4,74.16,Card,4.3,296.64
INV9383,2026-03-07,D,Bengaluru,Normal,Male,Bread,Bakery,2,43.18,Cash,3.8,86.36
INV9384,2026-06-05,C,Mumbai,Member,Male,Chips,Snacks,6,29.79,UPI,3.9,178.74
INV9385,2026-03-05,A,Jaipur,Normal,Female,Shampoo,Personal Care,3,185.27,UPI,4.7,555.81
INV9386,2026-02-10,C,Mumbai,Member,Male,Noodles,Grocery,6,62.87,Card,3.6,377.22
INV9387,2026-05-06,B,Delhi,Normal,Female,Milk,Dairy,5,58.4,Net Banking,3.1,292.0
INV9388,2026-01-30,C,Mumbai,Member,Male,Bananas,Fruits,10,67.64,Card,5.0,676.4
INV9389,2026-01-09,A,Jaipur,Normal,Male,Eggs,Dairy,5,94.12,Cash,3.2,470.6
INV9390,2026-06-18,D,Bengaluru,Member,Female,Cheese,Dairy,8,238.74,Card,4.2,1909.92
INV9391,2026-04-15,D,Bengaluru,Normal,Female,Rice,Grocery,10,75.62,UPI,4.2,756.2
INV9392,2026-02-15,A,Jaipur,Normal,Female,Shampoo,Personal Care,1,164.94,Card,4.5,164.94
INV9393,2026-03-04,B,Delhi,Member,Male,Potato,Vegetables,8,39.09,UPI,4.9,312.72
INV9394,2026-03-17,B,Delhi,Member,Male,Shampoo,Personal Care,4,173.7,Net Banking,3.2,694.8
INV9395,2026-02-26,B,Delhi,Member,Male,Tea,Beverages,7,126.71,Net Banking,4.5,886.97
INV9396,2026-07-01,A,Jaipur,Normal,Male,Shampoo,Personal Care,6,205.21,Net Banking,3.7,1231.26
INV9397,2026-01-11,C,Mumbai,Member,Female,Apples,Fruits,3,165.57,Card,3.1,496.71
INV9398,2026-04-08,C,Mumbai,Normal,Female,Face Wash,Personal Care,7,132.37,UPI,3.8,926.59
INV9399,2026-03-22,C,Mumbai,Member,Male,Apples,Fruits,5,118.31,Card,3.4,591.55
INV9400,2026-03-31,B,Delhi,Normal,Female,Apples,Fruits,1,152.75,Net Banking,3.1,152.75
INV9401,2026-04-01,D,Bengaluru,Normal,Male,Coffee,Beverages,9,177.08,Card,3.5,1593.72
INV9402,2026-03-22,D,Bengaluru,Member,Female,Shampoo,Personal Care,1,171.58,UPI,4.8,171.58
INV9403,2026-06-07,D,Bengaluru,Normal,Female,Biscuits,Snacks,9,25.92,Cash,3.3,233.28
INV9404,2026-03-14,D,Bengaluru,Normal,Male,Chocolate,Snacks,2,58.24,UPI,3.3,116.48
INV9405,2026-01-02,C,Mumbai,Member,Male,Soap,Personal Care,7,46.98,Net Banking,4.6,328.86
INV9406,2026-02-06,C,Mumbai,Member,Female,Bread,Bakery,8,37.93,Net Banking,3.7,303.44
INV9407,2026-01-13,C,Mumbai,Member,Male,Noodles,Grocery,10,54.75,Net Banking,5.0,547.5
INV9408,2026-06-25,D,Bengaluru,Member,Female,Bread,Bakery,2,42.54,Card,4.8,85.08
INV9409,2026-01-05,D,Bengaluru,Member,Male,Cheese,Dairy,5,192.7,UPI,3.1,963.5
INV9410,2026-04-01,D,Bengaluru,Normal,Female,Rice,Grocery,6,62.2,Card,4.5,373.2
INV9411,2026-02-16,B,Delhi,Normal,Male,Noodles,Grocery,7,56.11,Net Banking,3.5,392.77
INV9412,2026-05-13,C,Mumbai,Normal,Female,Tomato,Vegetables,2,43.51,UPI,4.5,87.02
INV9413,2026-02-19,D,Bengaluru,Normal,Male,Tomato,Vegetables,10,39.64,Cash,4.4,396.4
INV9414,2026-05-08,C,Mumbai,Member,Female,Shampoo,Personal Care,6,162.82,Net Banking,3.9,976.92
INV9415,2026-04-13,C,Mumbai,Member,Female,Chocolate,Snacks,1,48.79,UPI,4.1,48.79
INV9416,2026-01-22,C,Mumbai,Normal,Male,Apples,Fruits,7,142.92,UPI,4.7,1000.44
INV9417,2026-06-06,B,Delhi,Normal,Female,Apples,Fruits,8,125.54,Net Banking,4.4,1004.32
INV9418,2026-01-26,C,Mumbai,Normal,Male,Biscuits,Snacks,3,35.25,Cash,3.3,105.75
INV9419,2026-02-26,D,Bengaluru,Normal,Male,Cooking Oil,Grocery,7,156.91,UPI,4.4,1098.37
INV9420,2026-02-02,A,Jaipur,Normal,Female,Face Wash,Personal Care,2,109.18,UPI,4.3,218.36
INV9421,2026-06-25,C,Mumbai,Member,Male,Tea,Beverages,10,122.98,Cash,3.8,1229.8
INV9422,2026-03-04,A,Jaipur,Normal,Male,Eggs,Dairy,2,95.53,Net Banking,3.3,191.06
INV9423,2026-04-08,B,Delhi,Normal,Male,Shampoo,Personal Care,5,159.96,UPI,3.8,799.8
INV9424,2026-04-21,D,Bengaluru,Normal,Male,Tea,Beverages,7,127.97,Net Banking,4.8,895.79
INV9425,2026-06-25,B,Delhi,Normal,Male,Potato,Vegetables,6,29.67,Card,4.6,178.02
INV9426,2026-03-04,A,Jaipur,Member,Female,Bread,Bakery,10,36.61,Card,4.2,366.1
INV9427,2026-04-18,A,Jaipur,Member,Male,Soap,Personal Care,6,44.91,Cash,4.8,269.46
INV9428,2026-05-07,D,Bengaluru,Normal,Male,Chips,Snacks,6,37.56,Net Banking,3.1,225.36
INV9429,2026-03-05,B,Delhi,Normal,Female,Bananas,Fruits,3,62.67,UPI,4.5,188.01
INV9430,2026-04-09,C,Mumbai,Member,Male,Soap,Personal Care,10,38.43,Cash,3.3,384.3
INV9431,2026-01-28,C,Mumbai,Member,Male,Cheese,Dairy,10,212.45,Card,4.7,2124.5
INV9432,2026-04-03,D,Bengaluru,Member,Female,Bananas,Fruits,10,62.53,Net Banking,4.2,625.3
INV9433,2026-02-16,B,Delhi,Normal,Female,Tomato,Vegetables,2,44.4,Cash,4.6,88.8
INV9434,2026-01-01,A,Jaipur,Normal,Female,Coffee,Beverages,10,178.3,Cash,3.1,1783.0
INV9435,2026-04-18,C,Mumbai,Normal,Male,Shampoo,Personal Care,1,163.64,Net Banking,3.5,163.64
INV9436,2026-03-11,B,Delhi,Normal,Male,Bananas,Fruits,7,67.99,UPI,3.4,475.93
INV9437,2026-02-15,B,Delhi,Normal,Female,Face Wash,Personal Care,6,129.1,UPI,5.0,774.6
INV9438,2026-06-02,A,Jaipur,Normal,Female,Cold Drink,Beverages,7,57.27,UPI,4.6,400.89
INV9439,2026-04-06,A,Jaipur,Normal,Female,Chocolate,Snacks,7,58.4,Net Banking,4.4,408.8
INV9440,2026-03-24,C,Mumbai,Normal,Male,Coffee,Beverages,1,194.76,Card,4.6,194.76
INV9441,2026-05-22,C,Mumbai,Normal,Female,Apples,Fruits,1,131.98,Cash,3.5,131.98
INV9442,2026-06-19,A,Jaipur,Normal,Male,Potato,Vegetables,7,39.23,Net Banking,4.6,274.61
INV9443,2026-02-28,A,Jaipur,Normal,Female,Shampoo,Personal Care,4,171.76,UPI,3.8,687.04
INV9444,2026-03-01,B,Delhi,Member,Male,Coffee,Beverages,7,158.68,UPI,4.7,1110.76
INV9445,2026-05-04,D,Bengaluru,Member,Female,Cooking Oil,Grocery,8,169.38,Cash,4.1,1355.04
INV9446,2026-02-26,C,Mumbai,Normal,Female,Bread,Bakery,7,34.21,Cash,3.8,239.47
INV9447,2026-03-03,C,Mumbai,Normal,Female,Bananas,Fruits,9,56.0,Cash,4.4,504.0
INV9448,2026-05-01,D,Bengaluru,Normal,Female,Cold Drink,Beverages,8,74.96,Cash,3.8,599.68
INV9449,2026-06-26,C,Mumbai,Member,Male,Tea,Beverages,8,142.01,Cash,4.4,1136.08
INV9450,2026-01-30,C,Mumbai,Normal,Female,Tomato,Vegetables,3,50.66,Net Banking,3.3,151.98
INV9451,2026-05-22,C,Mumbai,Normal,Female,Coffee,Beverages,1,211.28,UPI,4.6,211.28
INV9452,2026-02-15,D,Bengaluru,Normal,Female,Biscuits,Snacks,8,25.9,UPI,5.0,207.2
INV9453,2026-04-10,D,Bengaluru,Member,Male,Soap,Personal Care,10,37.54,Net Banking,4.7,375.4
INV9454,2026-06-24,C,Mumbai,Normal,Female,Face Wash,Personal Care,2,134.68,Card,3.2,269.36
INV9455,2026-02-22,A,Jaipur,Member,Female,Shampoo,Personal Care,8,213.3,UPI,4.7,1706.4
INV9456,2026-04-25,D,Bengaluru,Normal,Female,Coffee,Beverages,3,175.22,Card,4.7,525.66
INV9457,2026-05-21,C,Mumbai,Member,Male,Rice,Grocery,5,70.28,Card,4.6,351.4
INV9458,2026-04-23,B,Delhi,Member,Male,Bread,Bakery,9,39.55,Card,4.4,355.95
INV9459,2026-03-03,B,Delhi,Normal,Male,Tomato,Vegetables,10,49.08,Card,3.2,490.8
INV9460,2026-05-17,C,Mumbai,Normal,Male,Rice,Grocery,6,65.23,UPI,3.5,391.38
INV9461,2026-04-01,D,Bengaluru,Member,Male,Coffee,Beverages,3,211.71,UPI,3.7,635.13
INV9462,2026-06-28,A,Jaipur,Normal,Male,Coffee,Beverages,5,182.44,Net Banking,4.8,912.2
INV9463,2026-04-02,B,Delhi,Member,Female,Tomato,Vegetables,5,45.33,UPI,3.3,226.65
INV9464,2026-03-11,D,Bengaluru,Member,Male,Cheese,Dairy,1,238.31,Net Banking,3.8,238.31
INV9465,2026-04-07,C,Mumbai,Normal,Female,Cooking Oil,Grocery,2,166.23,Card,4.8,332.46
INV9466,2026-05-18,B,Delhi,Member,Female,Biscuits,Snacks,10,33.69,Net Banking,4.8,336.9
INV9467,2026-05-29,A,Jaipur,Member,Female,Bananas,Fruits,1,64.73,Net Banking,3.0,64.73
INV9468,2026-01-01,A,Jaipur,Member,Male,Cooking Oil,Grocery,10,171.69,UPI,3.1,1716.9
INV9469,2026-02-26,B,Delhi,Normal,Male,Eggs,Dairy,5,94.58,Net Banking,3.9,472.9
INV9470,2026-03-07,B,Delhi,Normal,Female,Apples,Fruits,8,157.17,Card,3.1,1257.36
INV9471,2026-02-20,A,Jaipur,Member,Female,Bread,Bakery,3,46.09,UPI,3.6,138.27
INV9472,2026-02-08,B,Delhi,Normal,Female,Biscuits,Snacks,8,31.61,UPI,4.0,252.88
INV9473,2026-04-07,A,Jaipur,Normal,Male,Noodles,Grocery,4,59.43,UPI,3.7,237.72
INV9474,2026-04-23,D,Bengaluru,Normal,Female,Coffee,Beverages,7,166.45,Cash,3.9,1165.15
INV9475,2026-06-19,C,Mumbai,Member,Female,Cold Drink,Beverages,5,55.6,Card,4.4,278.0
INV9476,2026-06-30,C,Mumbai,Normal,Female,Cheese,Dairy,6,195.86,Net Banking,3.7,1175.16
INV9477,2026-04-21,A,Jaipur,Normal,Male,Cold Drink,Beverages,9,77.16,Cash,3.5,694.44
INV9478,2026-01-13,D,Bengaluru,Normal,Male,Rice,Grocery,4,73.02,UPI,3.0,292.08
INV9479,2026-04-26,B,Delhi,Member,Male,Chocolate,Snacks,1,59.1,Cash,4.0,59.1
INV9480,2026-01-20,B,Delhi,Normal,Male,Tomato,Vegetables,9,45.14,Cash,4.6,406.26
INV9481,2026-06-02,B,Delhi,Normal,Male,Eggs,Dairy,8,101.22,Net Banking,4.0,809.76
INV9482,2026-01-10,B,Delhi,Member,Female,Cold Drink,Beverages,7,76.5,Card,4.7,535.5
INV9483,2026-02-27,C,Mumbai,Normal,Female,Cooking Oil,Grocery,10,146.06,Cash,4.0,1460.6
INV9484,2026-05-05,C,Mumbai,Normal,Female,Face Wash,Personal Care,3,122.46,Card,4.2,367.38
INV9485,2026-05-27,B,Delhi,Normal,Male,Tomato,Vegetables,5,38.26,Card,3.9,191.3
INV9486,2026-03-05,D,Bengaluru,Member,Female,Chocolate,Snacks,6,49.81,UPI,4.2,298.86
INV9487,2026-01-07,A,Jaipur,Normal,Male,Eggs,Dairy,3,92.5,UPI,3.3,277.5
INV9488,2026-03-27,A,Jaipur,Member,Male,Bananas,Fruits,6,67.09,Net Banking,4.8,402.54
INV9489,2026-03-01,A,Jaipur,Normal,Female,Cold Drink,Beverages,2,61.32,Net Banking,4.1,122.64
INV9490,2026-05-18,A,Jaipur,Member,Female,Bread,Bakery,1,46.71,Cash,4.9,46.71
INV9491,2026-03-20,C,Mumbai,Normal,Female,Soap,Personal Care,2,46.34,UPI,4.0,92.68
INV9492,2026-04-28,C,Mumbai,Member,Male,Noodles,Grocery,10,46.0,Card,3.1,460.0
INV9493,2026-03-29,D,Bengaluru,Member,Female,Bread,Bakery,7,47.3,Card,3.3,331.1
INV9494,2026-02-08,C,Mumbai,Normal,Female,Bread,Bakery,8,45.64,Cash,3.1,365.12
INV9495,2026-01-19,A,Jaipur,Member,Female,Biscuits,Snacks,4,34.25,UPI,3.2,137.0
INV9496,2026-05-29,B,Delhi,Normal,Male,Face Wash,Personal Care,9,127.21,Net Banking,4.2,1144.89
INV9497,2026-05-31,A,Jaipur,Member,Male,Cooking Oil,Grocery,6,139.95,Cash,3.9,839.7
INV9498,2026-06-17,D,Bengaluru,Normal,Female,Tea,Beverages,9,130.97,Card,4.8,1178.73
INV9499,2026-06-15,D,Bengaluru,Member,Male,Cold Drink,Beverages,3,67.61,UPI,3.6,202.83
INV9500,2026-05-09,A,Jaipur,Normal,Female,Shampoo,Personal Care,2,205.01,Net Banking,3.2,410.02
INV9501,2026-04-20,A,Jaipur,Member,Male,Cold Drink,Beverages,9,64.3,Net Banking,4.6,578.7
INV9502,2026-05-29,B,Delhi,Member,Female,Eggs,Dairy,1,90.34,Card,3.8,90.34
INV9503,2026-02-18,C,Mumbai,Normal,Male,Cooking Oil,Grocery,6,174.48,Card,3.6,1046.88
INV9504,2026-05-02,C,Mumbai,Normal,Male,Chips,Snacks,7,39.9,Card,4.6,279.3
INV9505,2026-02-22,D,Bengaluru,Member,Female,Biscuits,Snacks,3,33.0,Card,4.4,99.0
INV9506,2026-02-06,A,Jaipur,Member,Male,Noodles,Grocery,3,58.03,Net Banking,4.6,174.09
INV9507,2026-06-23,B,Delhi,Member,Female,Face Wash,Personal Care,9,110.47,UPI,4.3,994.23
INV9508,2026-01-10,B,Delhi,Member,Female,Tomato,Vegetables,6,42.63,Net Banking,3.6,255.78
INV9509,2026-01-03,B,Delhi,Normal,Female,Soap,Personal Care,10,50.77,Card,4.8,507.7
INV9510,2026-02-11,C,Mumbai,Normal,Male,Cheese,Dairy,3,251.97,UPI,3.8,755.91
INV9511,2026-03-25,B,Delhi,Member,Male,Tea,Beverages,10,128.25,Net Banking,3.3,1282.5
INV9512,2026-01-07,C,Mumbai,Normal,Female,Noodles,Grocery,1,54.19,UPI,3.1,54.19
INV9513,2026-03-10,C,Mumbai,Normal,Female,Bananas,Fruits,7,53.97,Net Banking,4.5,377.79
INV9514,2026-04-14,A,Jaipur,Member,Male,Chocolate,Snacks,10,52.3,UPI,3.2,523.0
INV9515,2026-03-30,A,Jaipur,Member,Female,Biscuits,Snacks,4,34.45,Net Banking,4.1,137.8
INV9516,2026-05-02,B,Delhi,Member,Female,Tomato,Vegetables,4,44.17,Net Banking,4.4,176.68
INV9517,2026-01-04,C,Mumbai,Normal,Female,Cold Drink,Beverages,7,73.81,Cash,4.8,516.67
INV9518,2026-07-01,C,Mumbai,Normal,Female,Chips,Snacks,6,33.14,Card,4.6,198.84
INV9519,2026-06-26,D,Bengaluru,Member,Male,Tomato,Vegetables,6,48.88,Cash,4.6,293.28
INV9520,2026-01-10,A,Jaipur,Member,Female,Potato,Vegetables,5,35.84,Net Banking,3.0,179.2
INV9521,2026-05-13,B,Delhi,Member,Male,Bananas,Fruits,4,53.07,Card,4.4,212.28
INV9522,2026-01-06,C,Mumbai,Normal,Male,Potato,Vegetables,5,37.11,Net Banking,4.0,185.55
INV9523,2026-06-16,B,Delhi,Member,Male,Tomato,Vegetables,5,47.79,Cash,3.0,238.95
INV9524,2026-06-29,D,Bengaluru,Normal,Male,Soap,Personal Care,10,49.31,UPI,3.3,493.1
INV9525,2026-04-28,D,Bengaluru,Normal,Female,Cheese,Dairy,4,216.65,UPI,3.8,866.6
INV9526,2026-04-25,A,Jaipur,Normal,Female,Soap,Personal Care,4,50.06,Card,5.0,200.24
INV9527,2026-05-14,B,Delhi,Member,Female,Cooking Oil,Grocery,4,127.23,Cash,4.0,508.92
INV9528,2026-06-13,D,Bengaluru,Normal,Female,Cold Drink,Beverages,4,63.48,Cash,4.9,253.92
INV9529,2026-01-07,C,Mumbai,Normal,Male,Face Wash,Personal Care,8,116.1,Net Banking,4.6,928.8
INV9530,2026-05-10,C,Mumbai,Normal,Male,Eggs,Dairy,4,80.42,Card,4.4,321.68
INV9531,2026-06-02,D,Bengaluru,Member,Male,Cheese,Dairy,5,212.94,UPI,3.5,1064.7
INV9532,2026-03-07,B,Delhi,Member,Female,Tomato,Vegetables,5,41.46,Cash,3.9,207.3
INV9533,2026-06-04,A,Jaipur,Normal,Male,Milk,Dairy,1,61.86,Net Banking,3.5,61.86
INV9534,2026-06-09,A,Jaipur,Normal,Male,Tomato,Vegetables,5,47.91,Card,3.7,239.55
INV9535,2026-05-18,B,Delhi,Normal,Female,Soap,Personal Care,5,48.08,Cash,3.3,240.4
INV9536,2026-02-12,B,Delhi,Normal,Male,Cold Drink,Beverages,8,60.29,Cash,3.2,482.32
INV9537,2026-01-23,D,Bengaluru,Normal,Male,Noodles,Grocery,6,62.25,UPI,3.4,373.5
INV9538,2026-03-31,B,Delhi,Member,Female,Tomato,Vegetables,9,43.91,Cash,3.7,395.19
INV9539,2026-05-25,D,Bengaluru,Normal,Male,Cooking Oil,Grocery,1,162.74,UPI,4.5,162.74
INV9540,2026-04-29,C,Mumbai,Member,Male,Cooking Oil,Grocery,7,155.87,Cash,3.8,1091.09
INV9541,2026-04-02,D,Bengaluru,Member,Male,Coffee,Beverages,9,193.95,Net Banking,3.2,1745.55
INV9542,2026-03-06,A,Jaipur,Normal,Male,Coffee,Beverages,3,159.1,Net Banking,4.8,477.3
INV9543,2026-04-19,C,Mumbai,Normal,Male,Soap,Personal Care,7,50.24,Net Banking,5.0,351.68
INV9544,2026-06-08,B,Delhi,Normal,Female,Bananas,Fruits,5,67.03,Card,3.2,335.15
INV9545,2026-04-27,C,Mumbai,Member,Male,Eggs,Dairy,7,97.74,Card,4.0,684.18
INV9546,2026-03-23,B,Delhi,Normal,Male,Milk,Dairy,2,47.54,Net Banking,3.4,95.08
INV9547,2026-05-09,C,Mumbai,Member,Female,Rice,Grocery,9,62.73,Net Banking,3.9,564.57
INV9548,2026-04-09,B,Delhi,Normal,Female,Tomato,Vegetables,7,40.58,Net Banking,3.8,284.06
INV9549,2026-01-28,A,Jaipur,Normal,Male,Apples,Fruits,7,119.06,UPI,3.4,833.42
INV9550,2026-06-11,A,Jaipur,Member,Female,Eggs,Dairy,5,83.45,Net Banking,4.0,417.25
INV9551,2026-01-15,C,Mumbai,Normal,Male,Bananas,Fruits,1,50.05,Card,4.1,50.05
INV9552,2026-03-09,A,Jaipur,Member,Male,Milk,Dairy,4,53.47,UPI,3.2,213.88
INV9553,2026-06-02,A,Jaipur,Normal,Female,Soap,Personal Care,1,46.61,Net Banking,3.5,46.61
INV9554,2026-05-14,A,Jaipur,Member,Male,Shampoo,Personal Care,4,196.6,Card,4.3,786.4
INV9555,2026-01-19,A,Jaipur,Member,Female,Apples,Fruits,9,151.93,UPI,4.6,1367.37
INV9556,2026-05-15,C,Mumbai,Normal,Male,Biscuits,Snacks,5,33.08,UPI,3.4,165.4
INV9557,2026-04-02,D,Bengaluru,Normal,Female,Potato,Vegetables,4,37.18,Card,3.4,148.72
INV9558,2026-02-03,C,Mumbai,Normal,Female,Cheese,Dairy,1,259.59,Card,3.6,259.59
INV9559,2026-06-24,D,Bengaluru,Member,Male,Tomato,Vegetables,3,40.67,UPI,3.1,122.01
INV9560,2026-05-20,D,Bengaluru,Normal,Female,Cold Drink,Beverages,4,71.56,Card,3.7,286.24
INV9561,2026-05-13,B,Delhi,Normal,Male,Apples,Fruits,5,143.34,UPI,3.4,716.7
INV9562,2026-01-31,A,Jaipur,Normal,Male,Chips,Snacks,8,39.81,UPI,3.8,318.48
INV9563,2026-03-09,D,Bengaluru,Member,Male,Noodles,Grocery,9,47.64,UPI,4.0,428.76
INV9564,2026-01-27,C,Mumbai,Member,Male,Cooking Oil,Grocery,6,145.98,UPI,3.2,875.88
INV9565,2026-01-18,B,Delhi,Member,Female,Eggs,Dairy,7,91.62,Net Banking,4.8,641.34
INV9566,2026-01-20,A,Jaipur,Normal,Male,Milk,Dairy,2,52.72,Card,3.6,105.44
INV9567,2026-07-01,A,Jaipur,Member,Female,Cooking Oil,Grocery,10,155.19,Net Banking,4.3,1551.9
INV9568,2026-06-29,A,Jaipur,Member,Female,Cold Drink,Beverages,9,54.25,Net Banking,4.9,488.25
INV9569,2026-03-14,D,Bengaluru,Normal,Male,Rice,Grocery,2,65.86,Net Banking,3.7,131.72
INV9570,2026-01-18,C,Mumbai,Normal,Male,Milk,Dairy,2,60.88,Net Banking,4.0,121.76
INV9571,2026-05-07,D,Bengaluru,Normal,Male,Coffee,Beverages,5,213.07,UPI,3.1,1065.35
INV9572,2026-03-12,C,Mumbai,Normal,Male,Apples,Fruits,7,125.52,UPI,4.6,878.64
INV9573,2026-06-20,B,Delhi,Member,Female,Chocolate,Snacks,2,46.98,UPI,3.0,93.96
INV9574,2026-06-25,A,Jaipur,Member,Female,Potato,Vegetables,9,39.63,Cash,3.6,356.67
INV9575,2026-03-14,B,Delhi,Member,Female,Bananas,Fruits,1,63.22,UPI,3.6,63.22
INV9576,2026-04-16,C,Mumbai,Member,Male,Soap,Personal Care,1,51.01,Net Banking,3.0,51.01
INV9577,2026-03-10,A,Jaipur,Normal,Male,Chips,Snacks,8,30.12,Cash,5.0,240.96
INV9578,2026-01-07,B,Delhi,Member,Male,Tomato,Vegetables,8,52.96,Cash,4.5,423.68
INV9579,2026-06-25,C,Mumbai,Normal,Female,Rice,Grocery,1,80.08,Cash,3.1,80.08
INV9580,2026-01-03,A,Jaipur,Normal,Male,Coffee,Beverages,4,169.18,UPI,4.1,676.72
INV9581,2026-06-30,B,Delhi,Member,Female,Bananas,Fruits,9,58.86,Net Banking,3.5,529.74
INV9582,2026-04-11,B,Delhi,Normal,Male,Bananas,Fruits,9,59.53,UPI,3.2,535.77
INV9583,2026-05-03,C,Mumbai,Normal,Female,Rice,Grocery,2,67.54,Card,4.6,135.08
INV9584,2026-05-10,B,Delhi,Normal,Male,Coffee,Beverages,4,170.88,Cash,3.0,683.52
INV9585,2026-01-25,B,Delhi,Normal,Male,Tomato,Vegetables,10,45.34,Card,3.2,453.4
INV9586,2026-01-27,A,Jaipur,Normal,Female,Chocolate,Snacks,5,44.75,Cash,3.1,223.75
INV9587,2026-05-12,D,Bengaluru,Member,Female,Chips,Snacks,2,35.96,Cash,4.9,71.92
INV9588,2026-03-14,C,Mumbai,Normal,Female,Potato,Vegetables,4,34.58,Card,3.1,138.32
INV9589,2026-05-31,C,Mumbai,Member,Female,Chocolate,Snacks,3,46.48,Card,3.3,139.44
INV9590,2026-04-29,D,Bengaluru,Normal,Female,Noodles,Grocery,1,57.13,UPI,3.3,57.13
INV9591,2026-06-21,B,Delhi,Normal,Female,Milk,Dairy,7,56.54,Card,4.8,395.78
INV9592,2026-06-25,C,Mumbai,Member,Female,Milk,Dairy,6,49.97,Card,3.3,299.82
INV9593,2026-02-04,B,Delhi,Member,Female,Chips,Snacks,10,31.5,Net Banking,4.9,315.0
INV9594,2026-02-17,B,Delhi,Normal,Female,Bread,Bakery,9,42.27,Card,4.3,380.43
INV9595,2026-02-04,B,Delhi,Member,Female,Bread,Bakery,7,36.96,UPI,4.2,258.72
INV9596,2026-06-13,D,Bengaluru,Member,Female,Biscuits,Snacks,4,29.09,Cash,4.7,116.36
INV9597,2026-01-07,B,Delhi,Member,Male,Apples,Fruits,4,126.15,Cash,4.2,504.6
INV9598,2026-04-29,D,Bengaluru,Normal,Female,Rice,Grocery,1,60.53,Net Banking,3.8,60.53
INV9599,2026-01-04,C,Mumbai,Member,Female,Milk,Dairy,4,45.79,UPI,4.7,183.16
INV9600,2026-04-07,B,Delhi,Member,Female,Shampoo,Personal Care,1,182.97,Cash,3.2,182.97
INV9601,2026-03-11,C,Mumbai,Member,Female,Bread,Bakery,5,45.74,Net Banking,3.7,228.7
INV9602,2026-02-24,D,Bengaluru,Normal,Female,Bananas,Fruits,8,66.81,Cash,4.9,534.48
INV9603,2026-06-13,B,Delhi,Member,Male,Shampoo,Personal Care,3,152.12,UPI,3.1,456.36
INV9604,2026-06-01,D,Bengaluru,Member,Male,Rice,Grocery,6,72.34,Card,4.1,434.04
INV9605,2026-01-24,D,Bengaluru,Normal,Female,Cold Drink,Beverages,4,67.58,Net Banking,4.6,270.32
INV9606,2026-05-03,D,Bengaluru,Member,Female,Biscuits,Snacks,3,26.18,Card,3.9,78.54
INV9607,2026-06-06,B,Delhi,Normal,Female,Rice,Grocery,3,81.38,UPI,4.0,244.14
INV9608,2026-05-29,B,Delhi,Normal,Female,Apples,Fruits,1,149.1,UPI,4.7,149.1
INV9609,2026-05-16,A,Jaipur,Normal,Male,Bread,Bakery,6,44.19,Cash,3.9,265.14
INV9610,2026-06-05,C,Mumbai,Member,Female,Face Wash,Personal Care,8,110.04,Cash,4.8,880.32
INV9611,2026-03-09,B,Delhi,Member,Male,Soap,Personal Care,5,41.28,Net Banking,5.0,206.4
INV9612,2026-05-12,D,Bengaluru,Normal,Male,Chips,Snacks,2,40.1,Cash,4.3,80.2
INV9613,2026-03-27,C,Mumbai,Member,Male,Eggs,Dairy,7,97.5,Cash,4.2,682.5
INV9614,2026-03-31,B,Delhi,Member,Male,Cold Drink,Beverages,7,73.48,UPI,4.4,514.36
INV9615,2026-02-20,A,Jaipur,Normal,Female,Face Wash,Personal Care,3,115.09,UPI,4.3,345.27
INV9616,2026-06-15,C,Mumbai,Member,Male,Tea,Beverages,9,135.09,Net Banking,3.7,1215.81
INV9617,2026-03-19,A,Jaipur,Member,Female,Cold Drink,Beverages,8,67.74,Card,3.9,541.92
INV9618,2026-06-19,C,Mumbai,Member,Male,Milk,Dairy,10,56.01,Net Banking,4.7,560.1
INV9619,2026-02-26,B,Delhi,Member,Female,Soap,Personal Care,5,47.15,UPI,4.1,235.75
INV9620,2026-03-09,D,Bengaluru,Normal,Female,Cooking Oil,Grocery,4,142.74,UPI,4.2,570.96
INV9621,2026-02-08,C,Mumbai,Member,Male,Soap,Personal Care,3,43.61,Net Banking,3.2,130.83
INV9622,2026-01-28,D,Bengaluru,Normal,Male,Bananas,Fruits,8,68.14,Net Banking,3.0,545.12
INV9623,2026-01-16,A,Jaipur,Normal,Male,Face Wash,Personal Care,3,102.77,Card,4.4,308.31
INV9624,2026-03-10,D,Bengaluru,Normal,Male,Cold Drink,Beverages,7,73.82,UPI,4.3,516.74
INV9625,2026-01-28,D,Bengaluru,Member,Female,Potato,Vegetables,2,30.45,Cash,4.7,60.9
INV9626,2026-03-04,D,Bengaluru,Normal,Male,Soap,Personal Care,10,38.19,UPI,4.4,381.9
INV9627,2026-05-14,B,Delhi,Member,Male,Eggs,Dairy,5,82.07,Cash,4.6,410.35
INV9628,2026-05-08,B,Delhi,Normal,Female,Apples,Fruits,3,137.57,Cash,3.2,412.71
INV9629,2026-04-18,C,Mumbai,Member,Female,Tea,Beverages,5,117.58,Cash,5.0,587.9
INV9630,2026-05-21,D,Bengaluru,Normal,Female,Cooking Oil,Grocery,8,159.11,Card,4.1,1272.88
INV9631,2026-05-02,A,Jaipur,Normal,Female,Rice,Grocery,4,59.76,Net Banking,4.4,239.04
INV9632,2026-01-15,B,Delhi,Normal,Female,Biscuits,Snacks,6,34.21,Cash,4.7,205.26
INV9633,2026-01-04,D,Bengaluru,Normal,Male,Cheese,Dairy,9,253.46,Net Banking,4.0,2281.14
INV9634,2026-04-03,D,Bengaluru,Normal,Male,Cold Drink,Beverages,5,63.67,Cash,3.5,318.35
INV9635,2026-03-05,C,Mumbai,Normal,Male,Face Wash,Personal Care,7,132.24,Card,4.2,925.68
INV9636,2026-06-23,C,Mumbai,Normal,Female,Cooking Oil,Grocery,10,125.85,Cash,3.9,1258.5
INV9637,2026-04-21,B,Delhi,Normal,Male,Chips,Snacks,1,39.57,Net Banking,3.1,39.57
INV9638,2026-06-21,B,Delhi,Normal,Male,Soap,Personal Care,9,47.18,Card,3.1,424.62
INV9639,2026-01-03,B,Delhi,Member,Male,Face Wash,Personal Care,6,135.63,Net Banking,3.3,813.78
INV9640,2026-02-07,A,Jaipur,Member,Female,Milk,Dairy,6,51.89,Net Banking,4.9,311.34
INV9641,2026-02-17,A,Jaipur,Member,Female,Noodles,Grocery,3,53.0,Net Banking,3.8,159.0
INV9642,2026-01-14,B,Delhi,Normal,Male,Bread,Bakery,9,41.21,Cash,3.4,370.89
INV9643,2026-04-25,A,Jaipur,Member,Male,Face Wash,Personal Care,10,116.18,Card,4.9,1161.8
INV9644,2026-05-24,B,Delhi,Normal,Male,Face Wash,Personal Care,1,125.25,Card,4.2,125.25
INV9645,2026-04-28,C,Mumbai,Member,Male,Apples,Fruits,1,150.65,Card,4.8,150.65
INV9646,2026-05-04,A,Jaipur,Member,Female,Tea,Beverages,4,133.84,UPI,4.3,535.36
INV9647,2026-01-03,D,Bengaluru,Normal,Female,Coffee,Beverages,9,163.0,UPI,3.2,1467.0
INV9648,2026-04-10,D,Bengaluru,Member,Female,Tea,Beverages,2,116.44,Card,4.3,232.88
INV9649,2026-05-17,D,Bengaluru,Normal,Female,Soap,Personal Care,1,42.15,Cash,3.1,42.15
INV9650,2026-03-20,C,Mumbai,Member,Female,Milk,Dairy,8,51.38,UPI,5.0,411.04
INV9651,2026-06-27,B,Delhi,Member,Male,Chips,Snacks,5,35.0,Cash,4.3,175.0
INV9652,2026-01-06,B,Delhi,Member,Female,Shampoo,Personal Care,3,175.19,Cash,3.2,525.57
INV9653,2026-03-03,C,Mumbai,Normal,Female,Rice,Grocery,2,63.69,UPI,3.9,127.38
INV9654,2026-06-11,C,Mumbai,Member,Male,Bread,Bakery,9,40.12,Net Banking,3.9,361.08
INV9655,2026-03-08,B,Delhi,Normal,Female,Tomato,Vegetables,10,48.89,Net Banking,4.3,488.9
INV9656,2026-02-13,C,Mumbai,Member,Male,Bread,Bakery,8,41.95,Net Banking,3.1,335.6
INV9657,2026-04-03,D,Bengaluru,Member,Female,Milk,Dairy,8,46.41,UPI,3.7,371.28
INV9658,2026-06-28,B,Delhi,Normal,Female,Noodles,Grocery,7,47.43,Cash,4.9,332.01
INV9659,2026-07-01,B,Delhi,Normal,Female,Milk,Dairy,8,59.03,UPI,4.2,472.24
INV9660,2026-01-28,A,Jaipur,Member,Male,Chips,Snacks,6,38.45,Card,4.7,230.7
INV9661,2026-02-18,C,Mumbai,Member,Male,Face Wash,Personal Care,4,101.62,Cash,3.9,406.48
INV9662,2026-05-15,A,Jaipur,Normal,Male,Chocolate,Snacks,9,43.63,UPI,3.7,392.67
INV9663,2026-06-03,A,Jaipur,Normal,Female,Eggs,Dairy,3,78.65,Cash,3.4,235.95
INV9664,2026-06-18,D,Bengaluru,Member,Male,Potato,Vegetables,6,34.6,UPI,3.5,207.6
INV9665,2026-04-18,B,Delhi,Normal,Male,Tomato,Vegetables,6,41.18,Card,4.0,247.08
INV9666,2026-01-12,C,Mumbai,Member,Female,Noodles,Grocery,9,47.41,Card,3.7,426.69
INV9667,2026-01-03,C,Mumbai,Normal,Female,Potato,Vegetables,1,29.69,Card,3.8,29.69
INV9668,2026-03-20,C,Mumbai,Normal,Female,Chips,Snacks,3,30.21,Net Banking,4.5,90.63
INV9669,2026-04-10,D,Bengaluru,Member,Female,Coffee,Beverages,7,205.78,Card,3.7,1440.46
INV9670,2026-02-16,C,Mumbai,Member,Male,Cold Drink,Beverages,10,70.75,Net Banking,4.3,707.5
INV9671,2026-06-29,D,Bengaluru,Member,Male,Noodles,Grocery,9,53.2,Cash,3.8,478.8
INV9672,2026-05-29,C,Mumbai,Member,Male,Soap,Personal Care,8,41.51,Cash,3.9,332.08
INV9673,2026-02-07,D,Bengaluru,Normal,Female,Coffee,Beverages,4,178.22,Cash,3.0,712.88
INV9674,2026-05-21,D,Bengaluru,Normal,Female,Noodles,Grocery,10,53.57,UPI,4.6,535.7
INV9675,2026-03-29,D,Bengaluru,Normal,Female,Chocolate,Snacks,10,48.31,UPI,4.7,483.1
INV9676,2026-04-23,B,Delhi,Normal,Male,Soap,Personal Care,5,43.94,Net Banking,5.0,219.7
INV9677,2026-02-16,C,Mumbai,Normal,Male,Face Wash,Personal Care,5,109.76,Net Banking,3.0,548.8
INV9678,2026-03-27,B,Delhi,Member,Male,Coffee,Beverages,1,165.46,Net Banking,3.2,165.46
INV9679,2026-06-27,A,Jaipur,Member,Male,Cheese,Dairy,9,242.2,UPI,3.9,2179.8
INV9680,2026-02-17,C,Mumbai,Normal,Female,Potato,Vegetables,4,36.1,UPI,4.4,144.4
INV9681,2026-02-15,D,Bengaluru,Normal,Female,Biscuits,Snacks,7,32.12,Cash,4.3,224.84
INV9682,2026-02-25,D,Bengaluru,Member,Female,Cold Drink,Beverages,10,73.45,Card,3.0,734.5
INV9683,2026-05-19,C,Mumbai,Normal,Male,Chocolate,Snacks,9,50.74,Card,4.0,456.66
INV9684,2026-06-03,C,Mumbai,Member,Male,Chips,Snacks,1,33.41,UPI,3.5,33.41
INV9685,2026-01-04,C,Mumbai,Normal,Male,Apples,Fruits,7,136.34,Card,4.3,954.38
INV9686,2026-02-25,C,Mumbai,Normal,Male,Bananas,Fruits,8,62.24,Cash,3.4,497.92
INV9687,2026-05-15,C,Mumbai,Normal,Female,Cold Drink,Beverages,7,63.79,Card,4.2,446.53
INV9688,2026-02-14,D,Bengaluru,Member,Female,Milk,Dairy,5,53.53,Net Banking,4.0,267.65
INV9689,2026-01-24,A,Jaipur,Member,Male,Soap,Personal Care,1,37.37,Cash,4.3,37.37
INV9690,2026-03-24,C,Mumbai,Normal,Male,Cold Drink,Beverages,4,61.56,UPI,3.6,246.24
INV9691,2026-01-09,A,Jaipur,Normal,Male,Tomato,Vegetables,5,50.99,Net Banking,3.3,254.95
INV9692,2026-01-16,D,Bengaluru,Member,Female,Chips,Snacks,6,29.29,UPI,4.3,175.74
INV9693,2026-03-08,D,Bengaluru,Member,Male,Tea,Beverages,4,105.86,UPI,4.4,423.44
INV9694,2026-01-25,A,Jaipur,Normal,Male,Eggs,Dairy,7,88.67,Net Banking,3.2,620.69
INV9695,2026-03-02,B,Delhi,Member,Male,Bread,Bakery,7,47.35,Cash,4.4,331.45
INV9696,2026-01-01,C,Mumbai,Normal,Male,Potato,Vegetables,3,36.34,UPI,4.1,109.02
INV9697,2026-04-21,B,Delhi,Normal,Female,Eggs,Dairy,2,92.07,Net Banking,3.4,184.14
INV9698,2026-04-25,B,Delhi,Normal,Female,Tea,Beverages,10,114.71,Net Banking,3.2,1147.1
INV9699,2026-04-21,C,Mumbai,Member,Female,Soap,Personal Care,2,47.57,UPI,3.1,95.14
INV9700,2026-02-28,A,Jaipur,Member,Female,Milk,Dairy,7,58.8,UPI,4.9,411.6
INV9701,2026-05-29,A,Jaipur,Normal,Female,Shampoo,Personal Care,1,195.74,Cash,5.0,195.74
INV9702,2026-02-24,B,Delhi,Normal,Male,Bananas,Fruits,1,60.22,Net Banking,3.6,60.22
INV9703,2026-04-19,A,Jaipur,Normal,Male,Rice,Grocery,8,64.01,Card,4.8,512.08
INV9704,2026-05-13,D,Bengaluru,Normal,Male,Soap,Personal Care,7,44.56,Card,3.4,311.92
INV9705,2026-06-14,C,Mumbai,Member,Male,Cheese,Dairy,1,184.97,UPI,4.4,184.97
INV9706,2026-04-29,B,Delhi,Normal,Male,Milk,Dairy,9,51.71,UPI,4.3,465.39
INV9707,2026-03-01,C,Mumbai,Member,Male,Tomato,Vegetables,7,48.98,Cash,3.2,342.86
INV9708,2026-04-06,C,Mumbai,Normal,Female,Cheese,Dairy,10,249.56,Card,4.3,2495.6
INV9709,2026-05-19,A,Jaipur,Normal,Male,Face Wash,Personal Care,4,111.18,UPI,3.9,444.72
INV9710,2026-04-13,B,Delhi,Member,Male,Chocolate,Snacks,6,46.1,UPI,4.0,276.6
INV9711,2026-03-21,B,Delhi,Member,Female,Cold Drink,Beverages,1,73.82,Card,4.5,73.82
INV9712,2026-06-02,A,Jaipur,Member,Female,Cooking Oil,Grocery,4,135.65,UPI,3.2,542.6
INV9713,2026-05-09,B,Delhi,Member,Female,Shampoo,Personal Care,4,164.02,Card,4.7,656.08
INV9714,2026-05-29,C,Mumbai,Member,Male,Rice,Grocery,4,59.15,Card,4.8,236.6
INV9715,2026-06-16,C,Mumbai,Member,Male,Cooking Oil,Grocery,8,175.0,Cash,4.4,1400.0
INV9716,2026-06-20,B,Delhi,Normal,Female,Coffee,Beverages,2,180.78,Card,4.4,361.56
INV9717,2026-05-14,C,Mumbai,Member,Female,Cold Drink,Beverages,2,61.99,UPI,4.0,123.98
INV9718,2026-05-23,A,Jaipur,Normal,Female,Soap,Personal Care,4,42.51,Net Banking,4.5,170.04
INV9719,2026-02-26,A,Jaipur,Member,Female,Potato,Vegetables,6,35.19,Net Banking,4.5,211.14
INV9720,2026-04-11,C,Mumbai,Member,Male,Cooking Oil,Grocery,2,148.26,Net Banking,4.2,296.52
INV9721,2026-03-17,C,Mumbai,Member,Female,Apples,Fruits,6,124.59,Cash,4.2,747.54
INV9722,2026-06-17,D,Bengaluru,Normal,Female,Chocolate,Snacks,7,58.37,UPI,3.5,408.59
INV9723,2026-04-22,B,Delhi,Normal,Male,Soap,Personal Care,6,43.7,Cash,3.8,262.2
INV9724,2026-04-24,A,Jaipur,Member,Male,Apples,Fruits,1,123.29,Cash,4.2,123.29
INV9725,2026-04-12,B,Delhi,Member,Female,Bananas,Fruits,6,61.81,Cash,3.1,370.86
INV9726,2026-06-09,B,Delhi,Normal,Male,Tomato,Vegetables,9,52.34,UPI,3.9,471.06
INV9727,2026-01-28,D,Bengaluru,Member,Male,Chocolate,Snacks,4,52.5,UPI,3.5,210.0
INV9728,2026-02-26,A,Jaipur,Normal,Female,Milk,Dairy,5,58.19,UPI,4.4,290.95
INV9729,2026-06-27,B,Delhi,Member,Female,Eggs,Dairy,1,79.75,Net Banking,4.0,79.75
INV9730,2026-02-06,C,Mumbai,Normal,Male,Bananas,Fruits,2,64.53,Card,3.1,129.06
INV9731,2026-03-05,C,Mumbai,Normal,Female,Noodles,Grocery,7,58.96,UPI,3.4,412.72
INV9732,2026-03-01,A,Jaipur,Member,Female,Face Wash,Personal Care,7,133.22,UPI,4.1,932.54
INV9733,2026-02-27,D,Bengaluru,Member,Male,Soap,Personal Care,8,40.77,Cash,4.3,326.16
INV9734,2026-06-30,B,Delhi,Normal,Male,Eggs,Dairy,1,88.22,UPI,4.3,88.22
INV9735,2026-02-20,A,Jaipur,Member,Male,Cheese,Dairy,8,192.8,Card,3.7,1542.4
INV9736,2026-06-03,B,Delhi,Member,Male,Tomato,Vegetables,6,47.25,Net Banking,3.7,283.5
INV9737,2026-04-25,C,Mumbai,Member,Male,Biscuits,Snacks,5,33.03,UPI,4.1,165.15
INV9738,2026-03-18,B,Delhi,Member,Female,Potato,Vegetables,9,35.55,Net Banking,4.9,319.95
INV9739,2026-04-29,B,Delhi,Normal,Male,Cooking Oil,Grocery,2,142.26,UPI,4.5,284.52
INV9740,2026-06-18,C,Mumbai,Normal,Female,Bananas,Fruits,6,62.97,Net Banking,3.2,377.82
INV9741,2026-06-29,A,Jaipur,Normal,Female,Shampoo,Personal Care,7,212.97,UPI,3.3,1490.79
INV9742,2026-04-02,C,Mumbai,Normal,Female,Cold Drink,Beverages,7,69.17,Cash,3.6,484.19
INV9743,2026-03-21,A,Jaipur,Normal,Female,Cheese,Dairy,10,232.73,Net Banking,4.2,2327.3
INV9744,2026-03-12,C,Mumbai,Member,Female,Potato,Vegetables,2,30.7,Cash,3.6,61.4
INV9745,2026-04-21,C,Mumbai,Normal,Male,Tea,Beverages,10,141.31,Cash,3.5,1413.1
INV9746,2026-02-22,B,Delhi,Normal,Female,Biscuits,Snacks,8,34.42,UPI,3.5,275.36
INV9747,2026-01-14,A,Jaipur,Member,Female,Cold Drink,Beverages,7,59.58,Cash,4.2,417.06
INV9748,2026-06-12,B,Delhi,Normal,Male,Tea,Beverages,3,134.16,Cash,4.9,402.48
INV9749,2026-06-28,C,Mumbai,Member,Female,Apples,Fruits,8,145.81,UPI,3.3,1166.48
INV9750,2026-04-20,D,Bengaluru,Normal,Male,Bread,Bakery,7,44.27,Cash,4.5,309.89
INV9751,2026-06-20,D,Bengaluru,Member,Female,Milk,Dairy,5,48.5,Net Banking,3.1,242.5
INV9752,2026-01-20,D,Bengaluru,Normal,Male,Cooking Oil,Grocery,2,144.09,Net Banking,4.0,288.18
INV9753,2026-03-09,C,Mumbai,Normal,Male,Noodles,Grocery,5,58.88,Card,3.5,294.4
INV9754,2026-03-13,C,Mumbai,Normal,Female,Potato,Vegetables,7,37.64,Card,3.6,263.48
INV9755,2026-06-24,A,Jaipur,Member,Male,Shampoo,Personal Care,4,164.84,Card,4.8,659.36
INV9756,2026-07-01,A,Jaipur,Member,Male,Cooking Oil,Grocery,2,141.53,Card,4.4,283.06
INV9757,2026-02-13,B,Delhi,Normal,Female,Soap,Personal Care,9,37.47,Cash,4.2,337.23
INV9758,2026-03-16,B,Delhi,Normal,Female,Coffee,Beverages,8,153.36,Net Banking,4.3,1226.88
INV9759,2026-03-11,B,Delhi,Member,Female,Eggs,Dairy,1,101.03,Card,3.5,101.03
INV9760,2026-04-21,C,Mumbai,Member,Female,Potato,Vegetables,10,32.82,Cash,4.1,328.2
INV9761,2026-03-13,B,Delhi,Normal,Female,Cold Drink,Beverages,2,74.04,UPI,3.9,148.08
INV9762,2026-06-27,A,Jaipur,Member,Female,Cheese,Dairy,10,204.34,Net Banking,4.1,2043.4
INV9763,2026-02-06,B,Delhi,Member,Male,Soap,Personal Care,8,48.53,UPI,4.3,388.24
INV9764,2026-01-27,D,Bengaluru,Member,Female,Cheese,Dairy,6,231.58,Card,4.5,1389.48
INV9765,2026-05-17,B,Delhi,Member,Female,Milk,Dairy,9,54.51,Card,3.0,490.59
INV9766,2026-01-19,D,Bengaluru,Member,Female,Biscuits,Snacks,6,25.5,Card,4.4,153.0
INV9767,2026-05-03,A,Jaipur,Member,Female,Face Wash,Personal Care,7,100.98,Net Banking,4.6,706.86
INV9768,2026-06-01,A,Jaipur,Member,Female,Eggs,Dairy,6,83.04,UPI,3.2,498.24
INV9769,2026-05-24,A,Jaipur,Member,Female,Cheese,Dairy,8,185.59,UPI,3.5,1484.72
INV9770,2026-06-01,B,Delhi,Normal,Female,Coffee,Beverages,8,188.22,Net Banking,3.0,1505.76
INV9771,2026-01-17,D,Bengaluru,Member,Female,Tea,Beverages,2,116.0,Card,3.2,232.0
INV9772,2026-01-01,A,Jaipur,Member,Female,Face Wash,Personal Care,5,103.29,Card,4.4,516.45
INV9773,2026-01-02,C,Mumbai,Member,Male,Face Wash,Personal Care,8,101.99,Cash,3.1,815.92
INV9774,2026-03-06,C,Mumbai,Member,Male,Tea,Beverages,3,132.7,Net Banking,4.4,398.1
INV9775,2026-04-05,A,Jaipur,Normal,Male,Eggs,Dairy,3,80.85,UPI,3.4,242.55
INV9776,2026-05-30,D,Bengaluru,Normal,Female,Potato,Vegetables,9,35.23,Cash,4.5,317.07
INV9777,2026-06-03,D,Bengaluru,Normal,Female,Cold Drink,Beverages,10,54.47,UPI,3.7,544.7
INV9778,2026-03-25,D,Bengaluru,Member,Male,Tea,Beverages,4,104.26,UPI,4.9,417.04
INV9779,2026-06-27,C,Mumbai,Normal,Female,Chocolate,Snacks,1,49.07,Cash,3.8,49.07
INV9780,2026-02-27,A,Jaipur,Normal,Male,Eggs,Dairy,4,82.88,UPI,4.3,331.52
INV9781,2026-06-26,C,Mumbai,Normal,Female,Bananas,Fruits,6,50.21,Cash,3.1,301.26
INV9782,2026-02-25,D,Bengaluru,Member,Female,Tea,Beverages,10,103.3,Cash,4.7,1033.0
INV9783,2026-04-05,A,Jaipur,Member,Female,Eggs,Dairy,2,79.11,Cash,3.0,158.22
INV9784,2026-05-20,C,Mumbai,Normal,Female,Tea,Beverages,10,121.88,Card,4.0,1218.8
INV9785,2026-04-27,B,Delhi,Normal,Male,Apples,Fruits,4,155.04,Card,3.1,620.16
INV9786,2026-02-18,B,Delhi,Member,Female,Cooking Oil,Grocery,2,172.23,Net Banking,4.5,344.46
INV9787,2026-01-16,C,Mumbai,Member,Male,Rice,Grocery,10,58.5,Net Banking,3.4,585.0
INV9788,2026-01-05,C,Mumbai,Normal,Female,Cooking Oil,Grocery,10,175.15,Cash,3.4,1751.5
INV9789,2026-01-03,D,Bengaluru,Member,Male,Chocolate,Snacks,4,56.19,Net Banking,4.0,224.76
INV9790,2026-01-10,A,Jaipur,Normal,Female,Shampoo,Personal Care,5,174.89,Card,3.3,874.45
INV9791,2026-05-24,D,Bengaluru,Member,Female,Bread,Bakery,6,45.45,Card,4.9,272.7
INV9792,2026-01-16,B,Delhi,Normal,Female,Chocolate,Snacks,4,48.19,Cash,5.0,192.76
INV9793,2026-03-29,A,Jaipur,Normal,Female,Chocolate,Snacks,9,51.1,Card,3.3,459.9
INV9794,2026-01-20,A,Jaipur,Normal,Male,Bread,Bakery,2,44.63,Cash,3.3,89.26
INV9795,2026-05-06,B,Delhi,Normal,Male,Bananas,Fruits,4,53.01,Net Banking,3.3,212.04
INV9796,2026-04-27,C,Mumbai,Normal,Male,Apples,Fruits,1,131.42,Card,3.6,131.42
INV9797,2026-05-21,C,Mumbai,Normal,Male,Apples,Fruits,5,146.42,Cash,3.1,732.1
INV9798,2026-01-29,C,Mumbai,Member,Male,Cooking Oil,Grocery,10,147.78,Cash,3.9,1477.8
INV9799,2026-04-06,C,Mumbai,Member,Female,Cheese,Dairy,8,234.82,UPI,4.2,1878.56
INV9800,2026-05-18,B,Delhi,Normal,Male,Cheese,Dairy,7,250.14,Cash,4.1,1750.98
INV9801,2026-06-12,C,Mumbai,Member,Male,Soap,Personal Care,8,47.34,Cash,4.3,378.72
INV9802,2026-01-06,A,Jaipur,Member,Male,Milk,Dairy,1,54.5,Card,4.8,54.5
INV9803,2026-01-22,B,Delhi,Member,Female,Tomato,Vegetables,10,48.4,UPI,3.6,484.0
INV9804,2026-01-22,C,Mumbai,Normal,Male,Soap,Personal Care,9,43.14,UPI,3.9,388.26
INV9805,2026-02-19,A,Jaipur,Normal,Male,Bread,Bakery,3,40.15,UPI,4.2,120.45
INV9806,2026-03-02,A,Jaipur,Member,Male,Cheese,Dairy,1,252.24,Card,3.7,252.24
INV9807,2026-06-17,B,Delhi,Member,Male,Rice,Grocery,7,81.33,Net Banking,3.1,569.31
INV9808,2026-05-23,D,Bengaluru,Normal,Female,Cooking Oil,Grocery,5,139.86,Cash,4.2,699.3
INV9809,2026-01-15,C,Mumbai,Normal,Female,Face Wash,Personal Care,7,103.58,UPI,4.7,725.06
INV9810,2026-05-23,A,Jaipur,Member,Male,Potato,Vegetables,8,36.72,UPI,3.3,293.76
INV9811,2026-03-01,A,Jaipur,Member,Female,Coffee,Beverages,7,175.96,Card,3.5,1231.72
INV9812,2026-02-08,C,Mumbai,Member,Female,Cooking Oil,Grocery,4,147.41,Card,4.0,589.64
INV9813,2026-03-03,B,Delhi,Member,Male,Coffee,Beverages,3,203.0,UPI,4.1,609.0
INV9814,2026-01-13,B,Delhi,Member,Female,Soap,Personal Care,7,49.39,Net Banking,4.1,345.73
INV9815,2026-03-25,D,Bengaluru,Member,Female,Cheese,Dairy,2,214.55,Card,3.7,429.1
INV9816,2026-06-13,B,Delhi,Member,Female,Rice,Grocery,8,80.42,UPI,4.1,643.36
INV9817,2026-06-06,A,Jaipur,Member,Female,Cooking Oil,Grocery,4,159.63,Net Banking,3.1,638.52
INV9818,2026-02-18,C,Mumbai,Member,Female,Cheese,Dairy,8,211.75,Card,3.6,1694.0
INV9819,2026-03-27,C,Mumbai,Normal,Female,Milk,Dairy,9,53.33,Net Banking,3.9,479.97
INV9820,2026-01-10,A,Jaipur,Normal,Female,Cooking Oil,Grocery,10,175.75,UPI,3.4,1757.5
INV9821,2026-06-03,B,Delhi,Normal,Female,Apples,Fruits,7,131.78,Net Banking,4.2,922.46
INV9822,2026-01-27,B,Delhi,Member,Male,Bread,Bakery,3,36.88,UPI,3.8,110.64
INV9823,2026-06-08,C,Mumbai,Member,Female,Tomato,Vegetables,2,39.16,Card,3.7,78.32
INV9824,2026-01-03,C,Mumbai,Normal,Female,Cold Drink,Beverages,2,68.11,Cash,4.7,136.22
INV9825,2026-02-14,C,Mumbai,Member,Female,Chocolate,Snacks,10,53.89,Cash,3.9,538.9
INV9826,2026-02-12,D,Bengaluru,Member,Male,Biscuits,Snacks,4,32.17,UPI,4.2,128.68
INV9827,2026-02-01,B,Delhi,Normal,Male,Potato,Vegetables,2,30.64,Cash,3.5,61.28
INV9828,2026-06-27,A,Jaipur,Normal,Female,Face Wash,Personal Care,2,124.16,UPI,4.6,248.32
INV9829,2026-03-09,B,Delhi,Normal,Male,Chips,Snacks,6,39.75,Cash,4.1,238.5
INV9830,2026-03-01,D,Bengaluru,Member,Male,Coffee,Beverages,10,154.41,Cash,4.8,1544.1
INV9831,2026-05-11,B,Delhi,Normal,Female,Shampoo,Personal Care,8,206.38,Card,4.4,1651.04
INV9832,2026-03-12,C,Mumbai,Normal,Male,Noodles,Grocery,9,62.73,UPI,3.7,564.57
INV9833,2026-06-20,A,Jaipur,Member,Male,Biscuits,Snacks,10,28.49,Net Banking,3.2,284.9
INV9834,2026-06-29,B,Delhi,Normal,Male,Tea,Beverages,4,133.44,Card,4.0,533.76
INV9835,2026-04-15,D,Bengaluru,Member,Male,Tea,Beverages,7,139.25,Net Banking,4.7,974.75
INV9836,2026-06-10,C,Mumbai,Member,Male,Noodles,Grocery,1,54.37,Card,4.2,54.37
INV9837,2026-02-28,D,Bengaluru,Member,Male,Tea,Beverages,7,128.24,UPI,3.8,897.68
INV9838,2026-06-16,D,Bengaluru,Member,Male,Tea,Beverages,1,132.07,Net Banking,4.8,132.07
INV9839,2026-03-05,B,Delhi,Member,Female,Bananas,Fruits,5,65.65,Card,4.3,328.25
INV9840,2026-01-29,D,Bengaluru,Normal,Male,Tea,Beverages,2,136.15,Cash,4.8,272.3
INV9841,2026-03-17,C,Mumbai,Normal,Male,Soap,Personal Care,5,43.92,Net Banking,3.2,219.6
INV9842,2026-06-17,C,Mumbai,Member,Male,Eggs,Dairy,6,87.81,Card,3.8,526.86
INV9843,2026-06-15,B,Delhi,Member,Female,Tea,Beverages,10,126.98,Card,3.3,1269.8
INV9844,2026-05-29,C,Mumbai,Normal,Female,Soap,Personal Care,5,45.58,Net Banking,4.3,227.9
INV9845,2026-03-01,B,Delhi,Normal,Female,Coffee,Beverages,2,152.04,Cash,3.2,304.08
INV9846,2026-04-28,D,Bengaluru,Member,Male,Cold Drink,Beverages,5,55.27,Net Banking,3.8,276.35
INV9847,2026-06-10,C,Mumbai,Normal,Female,Noodles,Grocery,4,61.08,Net Banking,3.8,244.32
INV9848,2026-04-25,A,Jaipur,Member,Male,Biscuits,Snacks,4,28.0,Net Banking,3.7,112.0
INV9849,2026-05-13,B,Delhi,Member,Female,Cheese,Dairy,10,226.64,Card,4.6,2266.4
INV9850,2026-02-08,A,Jaipur,Normal,Male,Eggs,Dairy,2,84.25,Cash,3.1,168.5
INV9851,2026-03-16,C,Mumbai,Member,Male,Tea,Beverages,6,118.79,Net Banking,3.6,712.74
INV9852,2026-05-19,D,Bengaluru,Member,Male,Cold Drink,Beverages,10,56.32,Net Banking,3.4,563.2
INV9853,2026-01-01,A,Jaipur,Normal,Female,Cooking Oil,Grocery,6,131.71,Net Banking,3.0,790.26
INV9854,2026-04-08,C,Mumbai,Normal,Female,Cooking Oil,Grocery,2,166.86,Net Banking,3.3,333.72
INV9855,2026-03-09,C,Mumbai,Normal,Female,Bananas,Fruits,2,59.12,Net Banking,4.2,118.24
INV9856,2026-04-02,C,Mumbai,Member,Female,Noodles,Grocery,8,58.1,Net Banking,4.0,464.8
INV9857,2026-04-29,D,Bengaluru,Normal,Female,Cold Drink,Beverages,6,71.53,Cash,4.1,429.18
INV9858,2026-05-29,B,Delhi,Member,Male,Biscuits,Snacks,9,34.01,Cash,4.3,306.09
INV9859,2026-05-08,C,Mumbai,Member,Male,Noodles,Grocery,8,47.1,Cash,4.3,376.8
INV9860,2026-03-04,D,Bengaluru,Member,Female,Chocolate,Snacks,3,47.78,UPI,4.4,143.34
INV9861,2026-01-16,A,Jaipur,Member,Male,Soap,Personal Care,1,51.77,UPI,3.7,51.77
INV9862,2026-04-27,D,Bengaluru,Normal,Female,Noodles,Grocery,9,55.01,Card,4.5,495.09
INV9863,2026-05-28,B,Delhi,Member,Male,Chocolate,Snacks,7,49.27,Cash,4.3,344.89
INV9864,2026-06-12,B,Delhi,Normal,Male,Bread,Bakery,4,45.7,Cash,3.5,182.8
INV9865,2026-05-09,A,Jaipur,Normal,Female,Milk,Dairy,4,53.75,Cash,4.6,215.0
INV9866,2026-06-17,C,Mumbai,Normal,Male,Shampoo,Personal Care,3,153.17,Net Banking,3.3,459.51
INV9867,2026-02-25,B,Delhi,Normal,Female,Potato,Vegetables,8,40.39,Net Banking,4.5,323.12
INV9868,2026-01-06,B,Delhi,Normal,Male,Chips,Snacks,8,37.27,Card,3.9,298.16
INV9869,2026-03-08,A,Jaipur,Normal,Male,Bread,Bakery,4,34.96,Cash,4.7,139.84
INV9870,2026-02-12,D,Bengaluru,Normal,Male,Tea,Beverages,7,128.77,Net Banking,3.6,901.39
INV9871,2026-03-07,C,Mumbai,Normal,Male,Cooking Oil,Grocery,3,169.93,Cash,3.2,509.79
INV9872,2026-02-10,C,Mumbai,Normal,Female,Soap,Personal Care,7,43.64,Cash,3.6,305.48
INV9873,2026-01-10,A,Jaipur,Member,Female,Milk,Dairy,3,53.57,Net Banking,3.3,160.71
INV9874,2026-05-25,A,Jaipur,Normal,Male,Cooking Oil,Grocery,3,141.28,Net Banking,3.9,423.84
INV9875,2026-03-09,D,Bengaluru,Member,Female,Noodles,Grocery,5,51.86,UPI,4.2,259.3
INV9876,2026-04-29,B,Delhi,Member,Female,Noodles,Grocery,6,54.94,Net Banking,4.3,329.64
INV9877,2026-04-20,C,Mumbai,Member,Female,Soap,Personal Care,6,44.4,UPI,3.4,266.4
INV9878,2026-05-06,D,Bengaluru,Normal,Male,Coffee,Beverages,7,183.24,Net Banking,3.8,1282.68
INV9879,2026-04-24,D,Bengaluru,Normal,Female,Tomato,Vegetables,6,39.73,Cash,3.5,238.38
INV9880,2026-05-23,A,Jaipur,Member,Female,Rice,Grocery,5,60.32,Net Banking,3.7,301.6
INV9881,2026-06-22,D,Bengaluru,Normal,Female,Noodles,Grocery,7,52.41,Card,4.4,366.87
INV9882,2026-02-01,A,Jaipur,Member,Female,Rice,Grocery,9,73.88,Cash,3.3,664.92
INV9883,2026-06-20,C,Mumbai,Normal,Male,Potato,Vegetables,10,33.3,Card,4.1,333.0
INV9884,2026-01-23,C,Mumbai,Normal,Male,Chocolate,Snacks,7,47.39,Cash,3.9,331.73
INV9885,2026-01-06,A,Jaipur,Member,Female,Chocolate,Snacks,1,56.31,Net Banking,4.2,56.31
INV9886,2026-06-05,C,Mumbai,Normal,Female,Cooking Oil,Grocery,10,151.63,Net Banking,4.9,1516.3
INV9887,2026-02-27,B,Delhi,Normal,Female,Cold Drink,Beverages,8,68.08,Net Banking,4.8,544.64
INV9888,2026-01-10,C,Mumbai,Member,Male,Tomato,Vegetables,1,50.69,UPI,4.9,50.69
INV9889,2026-01-13,C,Mumbai,Member,Female,Rice,Grocery,7,77.0,Net Banking,5.0,539.0
INV9890,2026-02-03,A,Jaipur,Normal,Female,Cheese,Dairy,10,187.34,Card,4.8,1873.4
INV9891,2026-03-26,D,Bengaluru,Normal,Male,Cold Drink,Beverages,4,75.67,UPI,4.9,302.68
INV9892,2026-06-01,A,Jaipur,Member,Male,Tea,Beverages,8,134.14,Net Banking,3.7,1073.12
INV9893,2026-04-15,B,Delhi,Member,Female,Coffee,Beverages,8,152.78,UPI,4.6,1222.24
INV9894,2026-04-29,C,Mumbai,Member,Male,Shampoo,Personal Care,3,195.7,UPI,3.9,587.1
INV9895,2026-06-28,B,Delhi,Member,Male,Tea,Beverages,5,109.29,Cash,4.2,546.45
INV9896,2026-04-28,D,Bengaluru,Normal,Male,Chocolate,Snacks,3,54.78,UPI,4.6,164.34
INV9897,2026-02-01,C,Mumbai,Member,Male,Cheese,Dairy,8,207.89,UPI,3.7,1663.12
INV9898,2026-02-05,A,Jaipur,Member,Male,Apples,Fruits,3,134.93,Cash,4.2,404.79
INV9899,2026-07-01,D,Bengaluru,Member,Male,Face Wash,Personal Care,2,138.18,Net Banking,3.9,276.36
INV9900,2026-05-09,B,Delhi,Normal,Male,Cold Drink,Beverages,9,74.48,Card,3.8,670.32
INV9901,2026-04-21,B,Delhi,Member,Male,Coffee,Beverages,7,184.29,UPI,3.4,1290.03
INV9902,2026-06-10,C,Mumbai,Normal,Female,Rice,Grocery,8,81.5,Card,3.9,652.0
INV9903,2026-03-01,C,Mumbai,Member,Female,Coffee,Beverages,2,198.71,UPI,4.3,397.42
INV9904,2026-02-21,A,Jaipur,Normal,Male,Chips,Snacks,8,29.5,Card,4.3,236.0
INV9905,2026-05-05,D,Bengaluru,Member,Female,Chips,Snacks,5,37.05,Cash,3.6,185.25
INV9906,2026-04-05,B,Delhi,Normal,Female,Tomato,Vegetables,6,47.99,UPI,3.8,287.94
INV9907,2026-01-07,C,Mumbai,Normal,Female,Soap,Personal Care,1,46.89,UPI,4.3,46.89
INV9908,2026-03-14,A,Jaipur,Member,Male,Apples,Fruits,2,127.2,Net Banking,4.3,254.4
INV9909,2026-01-18,C,Mumbai,Member,Female,Cheese,Dairy,2,218.67,Net Banking,4.2,437.34
INV9910,2026-03-09,B,Delhi,Normal,Female,Rice,Grocery,2,72.94,UPI,3.2,145.88
INV9911,2026-06-28,A,Jaipur,Member,Female,Rice,Grocery,6,68.79,Cash,4.0,412.74
INV9912,2026-03-18,D,Bengaluru,Member,Female,Biscuits,Snacks,4,31.5,Card,3.5,126.0
INV9913,2026-05-30,C,Mumbai,Normal,Male,Shampoo,Personal Care,6,177.17,Net Banking,3.9,1063.02
INV9914,2026-05-07,A,Jaipur,Member,Female,Face Wash,Personal Care,1,104.85,Net Banking,4.0,104.85
INV9915,2026-02-26,D,Bengaluru,Member,Female,Chips,Snacks,4,37.72,Net Banking,4.5,150.88
INV9916,2026-03-13,D,Bengaluru,Member,Female,Chocolate,Snacks,6,47.84,Net Banking,3.4,287.04
INV9917,2026-06-17,D,Bengaluru,Member,Male,Tomato,Vegetables,6,39.07,Cash,4.2,234.42
INV9918,2026-01-17,A,Jaipur,Normal,Female,Cold Drink,Beverages,7,58.16,UPI,4.5,407.12
INV9919,2026-05-26,D,Bengaluru,Normal,Male,Potato,Vegetables,1,29.33,Card,3.3,29.33
INV9920,2026-03-15,A,Jaipur,Normal,Male,Eggs,Dairy,5,97.97,Net Banking,4.6,489.85
INV9921,2026-06-24,B,Delhi,Normal,Male,Apples,Fruits,7,147.39,Cash,3.3,1031.73
INV9922,2026-01-23,D,Bengaluru,Member,Female,Coffee,Beverages,4,193.22,Cash,4.1,772.88
INV9923,2026-02-02,D,Bengaluru,Normal,Male,Potato,Vegetables,2,34.59,Net Banking,5.0,69.18
INV9924,2026-02-04,C,Mumbai,Member,Male,Noodles,Grocery,3,50.71,Card,4.2,152.13
INV9925,2026-05-21,C,Mumbai,Member,Male,Eggs,Dairy,7,91.72,Net Banking,3.3,642.04
INV9926,2026-04-26,A,Jaipur,Normal,Female,Cold Drink,Beverages,9,63.04,Cash,4.9,567.36
INV9927,2026-05-21,A,Jaipur,Member,Female,Bread,Bakery,9,39.15,Card,4.6,352.35
INV9928,2026-04-10,B,Delhi,Normal,Male,Potato,Vegetables,9,36.85,Cash,3.5,331.65
INV9929,2026-01-31,B,Delhi,Member,Female,Tea,Beverages,3,103.56,UPI,3.9,310.68
INV9930,2026-01-16,A,Jaipur,Member,Female,Tomato,Vegetables,1,47.59,Cash,3.5,47.59
INV9931,2026-01-24,A,Jaipur,Normal,Female,Cheese,Dairy,1,259.3,Net Banking,3.7,259.3
INV9932,2026-04-29,D,Bengaluru,Member,Male,Chocolate,Snacks,4,46.44,Card,4.9,185.76
INV9933,2026-03-10,A,Jaipur,Member,Female,Face Wash,Personal Care,6,113.1,Net Banking,4.8,678.6
INV9934,2026-06-06,C,Mumbai,Normal,Female,Shampoo,Personal Care,10,165.12,UPI,3.2,1651.2
INV9935,2026-02-19,B,Delhi,Normal,Male,Rice,Grocery,7,72.95,Card,4.8,510.65
INV9936,2026-04-10,B,Delhi,Member,Male,Eggs,Dairy,6,89.67,Card,4.7,538.02
INV9937,2026-03-27,B,Delhi,Normal,Female,Tea,Beverages,6,120.0,Card,3.2,720.0
INV9938,2026-06-20,B,Delhi,Member,Female,Cold Drink,Beverages,1,64.54,Cash,3.8,64.54
INV9939,2026-05-14,C,Mumbai,Normal,Male,Tea,Beverages,10,139.16,Net Banking,4.2,1391.6
INV9940,2026-03-17,A,Jaipur,Normal,Female,Cold Drink,Beverages,10,71.79,Card,4.9,717.9
INV9941,2026-04-02,D,Bengaluru,Member,Male,Tea,Beverages,10,111.6,Card,3.2,1116.0
INV9942,2026-04-21,D,Bengaluru,Normal,Male,Chocolate,Snacks,5,57.39,Card,4.1,286.95
INV9943,2026-03-31,C,Mumbai,Member,Female,Biscuits,Snacks,5,27.33,UPI,4.3,136.65
INV9944,2026-06-07,B,Delhi,Normal,Male,Face Wash,Personal Care,6,116.84,Card,4.6,701.04
INV9945,2026-04-18,C,Mumbai,Member,Female,Bananas,Fruits,2,62.95,Cash,4.1,125.9
INV9946,2026-06-07,C,Mumbai,Member,Female,Cheese,Dairy,4,240.25,Cash,4.0,961.0
INV9947,2026-05-12,C,Mumbai,Normal,Male,Rice,Grocery,1,71.35,Card,3.2,71.35
INV9948,2026-06-27,A,Jaipur,Normal,Female,Cooking Oil,Grocery,1,173.56,Cash,3.4,173.56
INV9949,2026-01-26,C,Mumbai,Member,Female,Tomato,Vegetables,3,41.16,Cash,4.8,123.48
INV9950,2026-06-18,C,Mumbai,Normal,Male,Potato,Vegetables,9,38.68,Card,4.1,348.12
INV9951,2026-06-07,D,Bengaluru,Member,Female,Bananas,Fruits,9,50.83,Cash,3.8,457.47
INV9952,2026-03-11,C,Mumbai,Member,Male,Apples,Fruits,8,158.78,UPI,4.2,1270.24
INV9953,2026-03-11,C,Mumbai,Member,Male,Cheese,Dairy,7,193.63,Card,4.6,1355.41
INV9954,2026-06-21,D,Bengaluru,Normal,Female,Tea,Beverages,5,114.69,Net Banking,4.2,573.45
INV9955,2026-01-05,D,Bengaluru,Normal,Female,Chocolate,Snacks,8,46.86,Cash,3.4,374.88
INV9956,2026-02-24,C,Mumbai,Member,Female,Chocolate,Snacks,6,49.77,Card,4.6,298.62
INV9957,2026-04-25,C,Mumbai,Normal,Female,Apples,Fruits,10,122.04,Net Banking,3.5,1220.4
INV9958,2026-06-16,C,Mumbai,Normal,Male,Noodles,Grocery,10,56.29,UPI,3.6,562.9
INV9959,2026-03-03,C,Mumbai,Normal,Female,Bananas,Fruits,4,65.0,UPI,3.4,260.0
INV9960,2026-02-07,B,Delhi,Member,Female,Bread,Bakery,4,34.91,Card,3.7,139.64
INV9961,2026-06-27,C,Mumbai,Member,Female,Apples,Fruits,1,151.12,Card,3.3,151.12
INV9962,2026-06-27,B,Delhi,Normal,Male,Tea,Beverages,2,124.35,UPI,4.9,248.7
INV9963,2026-06-29,D,Bengaluru,Member,Male,Potato,Vegetables,5,30.85,UPI,4.9,154.25
INV9964,2026-05-01,C,Mumbai,Member,Male,Cheese,Dairy,1,184.68,UPI,5.0,184.68
INV9965,2026-06-07,A,Jaipur,Member,Female,Face Wash,Personal Care,3,137.02,Net Banking,4.7,411.06
INV9966,2026-02-07,B,Delhi,Normal,Male,Shampoo,Personal Care,7,155.15,Net Banking,3.4,1086.05
INV9967,2026-05-11,D,Bengaluru,Member,Male,Cooking Oil,Grocery,4,175.06,Card,3.4,700.24
INV9968,2026-02-27,B,Delhi,Member,Female,Tea,Beverages,8,115.31,Net Banking,4.3,922.48
INV9969,2026-01-14,A,Jaipur,Normal,Female,Noodles,Grocery,10,51.47,Cash,4.0,514.7
INV9970,2026-06-08,D,Bengaluru,Normal,Male,Chocolate,Snacks,3,47.77,UPI,4.4,143.31
INV9971,2026-03-11,A,Jaipur,Member,Male,Bread,Bakery,10,35.59,Card,4.4,355.9
INV9972,2026-02-09,A,Jaipur,Normal,Female,Bread,Bakery,1,39.53,Net Banking,3.7,39.53
INV9973,2026-01-24,A,Jaipur,Member,Female,Bread,Bakery,2,37.61,Card,4.2,75.22
INV9974,2026-02-01,D,Bengaluru,Normal,Male,Tea,Beverages,5,133.96,Net Banking,3.4,669.8
INV9975,2026-02-04,C,Mumbai,Member,Male,Milk,Dairy,3,47.54,Card,3.7,142.62
INV9976,2026-04-08,A,Jaipur,Normal,Male,Eggs,Dairy,9,101.39,UPI,4.6,912.51
INV9977,2026-01-10,C,Mumbai,Member,Male,Biscuits,Snacks,5,26.4,UPI,3.7,132.0
INV9978,2026-06-27,A,Jaipur,Member,Male,Coffee,Beverages,8,187.85,UPI,4.2,1502.8
INV9979,2026-04-26,D,Bengaluru,Member,Female,Soap,Personal Care,8,53.16,Net Banking,5.0,425.28
INV9980,2026-03-24,C,Mumbai,Member,Female,Milk,Dairy,1,49.82,Card,4.8,49.82
INV9981,2026-06-13,B,Delhi,Normal,Male,Tea,Beverages,1,139.02,Card,3.7,139.02
INV9982,2026-06-25,A,Jaipur,Member,Female,Shampoo,Personal Care,9,207.99,Card,4.9,1871.91
INV9983,2026-06-24,A,Jaipur,Member,Female,Milk,Dairy,9,53.4,Cash,4.4,480.6
INV9984,2026-04-01,A,Jaipur,Normal,Female,Rice,Grocery,1,76.44,Net Banking,4.5,76.44
INV9985,2026-02-08,D,Bengaluru,Normal,Female,Rice,Grocery,6,60.82,UPI,4.4,364.92
INV9986,2026-06-04,C,Mumbai,Member,Female,Chips,Snacks,1,40.99,UPI,4.4,40.99
INV9987,2026-06-24,B,Delhi,Normal,Male,Milk,Dairy,3,46.17,Card,4.8,138.51
INV9988,2026-01-18,B,Delhi,Member,Male,Soap,Personal Care,2,37.9,Card,3.9,75.8
INV9989,2026-05-07,C,Mumbai,Normal,Female,Tea,Beverages,2,129.94,Cash,3.4,259.88
INV9990,2026-01-27,D,Bengaluru,Normal,Male,Biscuits,Snacks,4,31.19,Net Banking,3.3,124.76
INV9991,2026-06-20,D,Bengaluru,Member,Female,Tea,Beverages,7,120.75,Card,4.8,845.25
INV9992,2026-05-06,A,Jaipur,Member,Female,Tomato,Vegetables,8,49.59,Card,3.6,396.72
INV9993,2026-04-07,C,Mumbai,Member,Male,Shampoo,Personal Care,7,203.1,Net Banking,4.7,1421.7
INV9994,2026-03-10,C,Mumbai,Member,Female,Soap,Personal Care,8,37.95,Card,4.3,303.6
INV9995,2026-06-21,A,Jaipur,Member,Male,Cheese,Dairy,8,187.05,UPI,3.2,1496.4
INV9996,2026-05-18,A,Jaipur,Normal,Female,Bread,Bakery,6,33.91,Net Banking,4.1,203.46
INV9997,2026-01-05,A,Jaipur,Normal,Female,Biscuits,Snacks,1,26.35,UPI,3.2,26.35
INV9998,2026-06-08,A,Jaipur,Normal,Female,Coffee,Beverages,1,206.09,Cash,4.1,206.09
INV9999,2026-01-11,A,Jaipur,Normal,Male,Chocolate,Snacks,3,51.01,Card,4.9,153.03
INV10000,2026-01-10,D,Bengaluru,Member,Male,Chocolate,Snacks,6,41.98,Card,3.3,251.88
INV10001,2026-03-28,C,Mumbai,Normal,Female,Tomato,Vegetables,7,42.99,Net Banking,4.0,300.93
INV10002,2026-02-11,D,Bengaluru,Normal,Male,Soap,Personal Care,3,47.36,Cash,3.2,142.08
INV10003,2026-03-19,A,Jaipur,Normal,Female,Shampoo,Personal Care,9,168.91,Net Banking,4.6,1520.19
INV10004,2026-01-11,C,Mumbai,Normal,Male,Noodles,Grocery,7,56.23,Cash,3.8,393.61
INV10005,2026-05-12,B,Delhi,Member,Female,Biscuits,Snacks,10,34.91,Net Banking,4.2,349.1
INV10006,2026-06-08,A,Jaipur,Member,Female,Milk,Dairy,6,47.02,Net Banking,4.4,282.12
INV10007,2026-03-01,B,Delhi,Normal,Female,Tea,Beverages,9,102.56,Card,3.4,923.04
INV10008,2026-02-11,C,Mumbai,Normal,Male,Noodles,Grocery,8,45.86,Card,4.9,366.88
INV10009,2026-05-19,C,Mumbai,Normal,Female,Noodles,Grocery,5,64.85,Cash,4.4,324.25
INV10010,2026-05-12,B,Delhi,Normal,Male,Bread,Bakery,8,34.25,UPI,4.2,274.0
INV10011,2026-01-21,B,Delhi,Member,Male,Chocolate,Snacks,7,43.8,UPI,4.1,306.6
INV10012,2026-02-27,C,Mumbai,Normal,Male,Biscuits,Snacks,3,27.46,Net Banking,4.6,82.38
INV10013,2026-06-12,B,Delhi,Member,Male,Biscuits,Snacks,10,34.12,Card,3.3,341.2
INV10014,2026-01-27,B,Delhi,Normal,Male,Potato,Vegetables,4,33.87,Net Banking,4.8,135.48
INV10015,2026-05-08,C,Mumbai,Member,Female,Chips,Snacks,1,32.37,Cash,3.2,32.37
INV10016,2026-04-23,B,Delhi,Normal,Female,Cooking Oil,Grocery,8,138.11,Net Banking,4.4,1104.88
INV10017,2026-05-07,A,Jaipur,Member,Male,Chocolate,Snacks,8,46.31,Net Banking,4.7,370.48
INV10018,2026-02-07,B,Delhi,Member,Male,Shampoo,Personal Care,2,185.87,Net Banking,3.3,371.74
INV10019,2026-06-17,C,Mumbai,Member,Female,Cooking Oil,Grocery,2,162.46,Cash,3.7,324.92
INV10020,2026-03-31,B,Delhi,Normal,Female,Coffee,Beverages,8,186.58,Cash,3.7,1492.64
INV10021,2026-06-13,C,Mumbai,Normal,Male,Eggs,Dairy,4,101.59,Net Banking,3.5,406.36
INV10022,2026-06-26,C,Mumbai,Member,Male,Chips,Snacks,6,40.07,Card,4.9,240.42
INV10023,2026-03-16,C,Mumbai,Member,Male,Apples,Fruits,4,122.16,Cash,3.6,488.64
INV10024,2026-01-13,D,Bengaluru,Normal,Male,Cheese,Dairy,10,225.59,UPI,3.5,2255.9
INV10025,2026-01-26,D,Bengaluru,Normal,Female,Cooking Oil,Grocery,9,164.92,Net Banking,3.1,1484.28
INV10026,2026-02-01,B,Delhi,Member,Female,Chocolate,Snacks,5,52.69,Card,4.6,263.45
INV10027,2026-04-26,C,Mumbai,Normal,Male,Chocolate,Snacks,1,44.29,Cash,4.9,44.29
INV10028,2026-04-28,A,Jaipur,Member,Male,Shampoo,Personal Care,9,193.1,Net Banking,3.7,1737.9
INV10029,2026-05-18,C,Mumbai,Normal,Male,Milk,Dairy,3,60.96,Card,4.4,182.88
INV10030,2026-05-02,B,Delhi,Normal,Male,Tomato,Vegetables,8,48.89,UPI,3.0,391.12
INV10031,2026-01-09,C,Mumbai,Member,Female,Noodles,Grocery,3,61.15,Cash,4.4,183.45
INV10032,2026-04-23,A,Jaipur,Normal,Male,Coffee,Beverages,10,154.48,Cash,4.8,1544.8
INV10033,2026-05-14,C,Mumbai,Normal,Female,Cooking Oil,Grocery,3,131.98,UPI,4.7,395.94
INV10034,2026-02-26,C,Mumbai,Normal,Male,Milk,Dairy,2,54.6,Cash,3.2,109.2
INV10035,2026-01-20,B,Delhi,Member,Female,Bananas,Fruits,3,67.74,Card,3.0,203.22
INV10036,2026-04-21,D,Bengaluru,Member,Male,Coffee,Beverages,2,187.2,Cash,4.4,374.4
INV10037,2026-01-25,C,Mumbai,Normal,Male,Chips,Snacks,4,35.93,Net Banking,5.0,143.72
INV10038,2026-01-26,C,Mumbai,Member,Female,Tomato,Vegetables,9,40.0,UPI,3.0,360.0
INV10039,2026-01-02,D,Bengaluru,Normal,Female,Tomato,Vegetables,2,38.37,Net Banking,5.0,76.74
INV10040,2026-03-16,B,Delhi,Member,Female,Tomato,Vegetables,8,38.2,Cash,3.7,305.6
INV10041,2026-02-12,B,Delhi,Member,Male,Soap,Personal Care,6,44.12,Net Banking,4.3,264.72
INV10042,2026-04-27,D,Bengaluru,Normal,Female,Biscuits,Snacks,9,30.34,Card,3.4,273.06
INV10043,2026-03-15,D,Bengaluru,Normal,Male,Coffee,Beverages,9,152.69,Net Banking,3.7,1374.21
INV10044,2026-05-14,C,Mumbai,Normal,Male,Eggs,Dairy,1,85.43,Card,3.0,85.43
INV10045,2026-04-14,B,Delhi,Member,Female,Chocolate,Snacks,10,48.0,Card,3.6,480.0
INV10046,2026-06-20,A,Jaipur,Normal,Female,Potato,Vegetables,4,34.27,Card,4.9,137.08
INV10047,2026-06-07,B,Delhi,Normal,Female,Soap,Personal Care,7,45.79,UPI,3.0,320.53
INV10048,2026-04-25,C,Mumbai,Normal,Male,Cheese,Dairy,5,193.49,Net Banking,3.9,967.45
INV10049,2026-03-15,C,Mumbai,Member,Male,Apples,Fruits,7,121.45,Card,4.4,850.15
INV10050,2026-01-16,B,Delhi,Member,Male,Apples,Fruits,6,143.41,Card,4.9,860.46
INV10051,2026-04-05,D,Bengaluru,Member,Female,Chocolate,Snacks,1,53.99,Net Banking,3.2,53.99
INV10052,2026-03-03,C,Mumbai,Normal,Female,Shampoo,Personal Care,8,197.43,Cash,3.7,1579.44
INV10053,2026-04-10,B,Delhi,Normal,Male,Eggs,Dairy,2,94.63,UPI,4.4,189.26
INV10054,2026-06-28,B,Delhi,Member,Female,Cold Drink,Beverages,10,71.04,Card,3.0,710.4
INV10055,2026-01-03,B,Delhi,Normal,Male,Cheese,Dairy,1,208.6,Cash,4.4,208.6
INV10056,2026-03-08,C,Mumbai,Member,Female,Apples,Fruits,2,155.97,Cash,4.3,311.94
INV10057,2026-03-12,B,Delhi,Member,Female,Biscuits,Snacks,5,34.61,Cash,4.0,173.05
INV10058,2026-04-15,A,Jaipur,Member,Female,Tea,Beverages,3,133.42,Card,4.5,400.26
INV10059,2026-01-18,B,Delhi,Member,Male,Biscuits,Snacks,10,28.74,Card,3.5,287.4
INV10060,2026-04-28,D,Bengaluru,Member,Female,Cooking Oil,Grocery,9,153.42,Card,3.4,1380.78
INV10061,2026-06-11,C,Mumbai,Normal,Male,Tea,Beverages,9,112.38,Net Banking,4.5,1011.42
INV10062,2026-03-02,A,Jaipur,Normal,Male,Bread,Bakery,4,40.17,Card,4.0,160.68
INV10063,2026-04-29,C,Mumbai,Member,Male,Chips,Snacks,1,39.92,UPI,4.7,39.92
INV10064,2026-05-13,D,Bengaluru,Normal,Male,Cold Drink,Beverages,2,74.61,Net Banking,4.1,149.22
INV10065,2026-06-18,D,Bengaluru,Member,Female,Coffee,Beverages,2,159.57,UPI,4.6,319.14
INV10066,2026-04-17,C,Mumbai,Normal,Male,Face Wash,Personal Care,1,110.27,Cash,4.2,110.27
INV10067,2026-04-01,B,Delhi,Member,Female,Shampoo,Personal Care,5,156.86,Net Banking,3.2,784.3
INV10068,2026-06-21,C,Mumbai,Normal,Male,Potato,Vegetables,8,31.66,Net Banking,4.4,253.28
INV10069,2026-02-03,A,Jaipur,Member,Female,Rice,Grocery,3,62.08,Net Banking,3.5,186.24
INV10070,2026-04-25,C,Mumbai,Member,Male,Chips,Snacks,8,36.11,UPI,4.8,288.88
INV10071,2026-05-01,C,Mumbai,Member,Female,Chips,Snacks,9,35.56,UPI,4.1,320.04
INV10072,2026-03-14,B,Delhi,Member,Male,Potato,Vegetables,6,35.34,Cash,3.2,212.04
INV10073,2026-04-13,D,Bengaluru,Member,Male,Potato,Vegetables,1,29.61,Card,3.1,29.61
INV10074,2026-06-04,B,Delhi,Normal,Female,Tea,Beverages,7,132.6,UPI,4.2,928.2
INV10075,2026-06-11,A,Jaipur,Member,Female,Cold Drink,Beverages,1,60.0,Cash,4.8,60.0
INV10076,2026-01-03,B,Delhi,Normal,Female,Tea,Beverages,2,118.49,Card,4.5,236.98
INV10077,2026-04-28,A,Jaipur,Member,Female,Potato,Vegetables,9,36.52,Net Banking,3.5,328.68
INV10078,2026-04-09,C,Mumbai,Member,Male,Tomato,Vegetables,7,44.87,Card,3.9,314.09
INV10079,2026-03-11,D,Bengaluru,Normal,Female,Chocolate,Snacks,8,48.84,UPI,4.9,390.72
INV10080,2026-06-15,B,Delhi,Member,Male,Rice,Grocery,3,70.96,Cash,4.0,212.88
INV10081,2026-02-04,B,Delhi,Member,Female,Cold Drink,Beverages,5,67.78,Net Banking,3.6,338.9
INV10082,2026-05-14,D,Bengaluru,Member,Female,Tea,Beverages,4,131.93,Net Banking,3.8,527.72
INV10083,2026-05-31,B,Delhi,Member,Male,Tea,Beverages,4,101.59,Card,3.5,406.36
INV10084,2026-05-15,C,Mumbai,Member,Female,Noodles,Grocery,7,48.35,Card,3.4,338.45
INV10085,2026-01-26,B,Delhi,Member,Female,Tomato,Vegetables,9,43.74,UPI,4.1,393.66
INV10086,2026-06-16,A,Jaipur,Normal,Female,Cheese,Dairy,5,222.84,Net Banking,4.6,1114.2
INV10087,2026-04-12,D,Bengaluru,Member,Female,Soap,Personal Care,3,50.31,Card,3.4,150.93
INV10088,2026-01-04,B,Delhi,Normal,Female,Biscuits,Snacks,9,27.78,Net Banking,4.3,250.02
INV10089,2026-01-06,D,Bengaluru,Member,Female,Tomato,Vegetables,1,47.82,Cash,3.9,47.82
INV10090,2026-04-18,D,Bengaluru,Member,Female,Milk,Dairy,9,50.95,Cash,4.3,458.55
INV10091,2026-01-04,B,Delhi,Normal,Female,Chocolate,Snacks,10,54.19,UPI,3.3,541.9
INV10092,2026-06-05,A,Jaipur,Normal,Female,Soap,Personal Care,6,43.23,Net Banking,4.1,259.38
INV10093,2026-05-13,D,Bengaluru,Member,Female,Bananas,Fruits,7,61.93,Card,3.9,433.51
INV10094,2026-04-20,C,Mumbai,Normal,Male,Bananas,Fruits,10,57.07,Cash,3.6,570.7
INV10095,2026-03-05,C,Mumbai,Member,Female,Face Wash,Personal Care,10,114.58,Cash,3.1,1145.8
INV10096,2026-01-21,A,Jaipur,Member,Female,Apples,Fruits,8,161.18,UPI,4.4,1289.44
INV10097,2026-04-04,D,Bengaluru,Member,Female,Bread,Bakery,4,45.97,Cash,3.0,183.88
INV10098,2026-03-20,D,Bengaluru,Normal,Female,Bread,Bakery,8,40.5,UPI,3.2,324.0
INV10099,2026-05-16,D,Bengaluru,Normal,Male,Soap,Personal Care,4,45.98,Net Banking,4.5,183.92
INV10100,2026-05-30,D,Bengaluru,Normal,Female,Chips,Snacks,8,41.45,Card,4.7,331.6
INV10101,2026-04-15,D,Bengaluru,Normal,Female,Face Wash,Personal Care,10,122.2,Net Banking,4.7,1222.0
INV10102,2026-02-02,A,Jaipur,Member,Male,Face Wash,Personal Care,4,102.26,Net Banking,4.3,409.04
INV10103,2026-01-17,C,Mumbai,Normal,Female,Tomato,Vegetables,10,49.88,Net Banking,4.6,498.8
INV10104,2026-05-17,A,Jaipur,Normal,Female,Face Wash,Personal Care,9,120.11,Card,4.7,1080.99
INV10105,2026-01-23,C,Mumbai,Normal,Male,Chips,Snacks,4,39.09,Net Banking,4.1,156.36
INV10106,2026-03-29,C,Mumbai,Member,Male,Milk,Dairy,10,62.49,Net Banking,3.6,624.9
INV10107,2026-06-21,A,Jaipur,Member,Female,Chocolate,Snacks,9,50.33,UPI,4.6,452.97
INV10108,2026-03-31,D,Bengaluru,Member,Female,Chocolate,Snacks,3,53.0,UPI,4.2,159.0
INV10109,2026-04-27,C,Mumbai,Normal,Female,Soap,Personal Care,5,48.44,UPI,4.5,242.2
INV10110,2026-06-23,C,Mumbai,Member,Female,Milk,Dairy,4,64.21,Card,3.7,256.84
INV10111,2026-05-28,D,Bengaluru,Member,Female,Coffee,Beverages,3,203.53,Cash,3.9,610.59
INV10112,2026-04-10,C,Mumbai,Member,Male,Biscuits,Snacks,5,30.94,Cash,4.1,154.7
INV10113,2026-02-05,C,Mumbai,Normal,Female,Potato,Vegetables,2,35.21,Net Banking,3.0,70.42
INV10114,2026-01-05,A,Jaipur,Normal,Male,Noodles,Grocery,7,54.61,Cash,4.9,382.27
INV10115,2026-02-26,D,Bengaluru,Member,Male,Potato,Vegetables,4,37.17,Net Banking,3.9,148.68
INV10116,2026-03-23,D,Bengaluru,Member,Female,Potato,Vegetables,10,40.58,UPI,4.6,405.8
INV10117,2026-02-03,D,Bengaluru,Member,Female,Tomato,Vegetables,1,38.54,Net Banking,3.6,38.54
INV10118,2026-04-04,C,Mumbai,Member,Female,Shampoo,Personal Care,8,158.25,Card,3.8,1266.0
INV10119,2026-04-27,B,Delhi,Member,Male,Chocolate,Snacks,4,43.97,Cash,3.7,175.88
INV10120,2026-01-31,C,Mumbai,Normal,Male,Face Wash,Personal Care,8,104.35,Net Banking,4.3,834.8
INV10121,2026-06-07,A,Jaipur,Member,Male,Bananas,Fruits,5,63.88,UPI,4.1,319.4
INV10122,2026-03-05,C,Mumbai,Member,Female,Cheese,Dairy,1,189.58,Card,4.3,189.58
INV10123,2026-04-07,B,Delhi,Member,Female,Bananas,Fruits,5,64.59,Net Banking,4.0,322.95
INV10124,2026-05-20,D,Bengaluru,Normal,Male,Tea,Beverages,6,100.15,Net Banking,3.3,600.9
INV10125,2026-06-13,D,Bengaluru,Normal,Female,Coffee,Beverages,3,186.15,Net Banking,4.3,558.45
INV10126,2026-02-10,C,Mumbai,Member,Male,Soap,Personal Care,10,53.18,Card,4.0,531.8
INV10127,2026-05-18,C,Mumbai,Normal,Female,Rice,Grocery,4,69.94,Net Banking,4.1,279.76
INV10128,2026-04-04,D,Bengaluru,Normal,Female,Cold Drink,Beverages,9,57.05,UPI,5.0,513.45
INV10129,2026-03-06,D,Bengaluru,Normal,Female,Coffee,Beverages,1,199.29,UPI,4.0,199.29
INV10130,2026-04-25,B,Delhi,Member,Male,Tomato,Vegetables,4,41.43,UPI,3.2,165.72
INV10131,2026-03-31,C,Mumbai,Member,Male,Cold Drink,Beverages,4,64.71,UPI,4.1,258.84
INV10132,2026-06-11,D,Bengaluru,Member,Female,Apples,Fruits,3,126.2,Card,4.0,378.6
INV10133,2026-04-13,B,Delhi,Member,Male,Tomato,Vegetables,6,47.49,UPI,4.3,284.94
INV10134,2026-01-27,B,Delhi,Member,Male,Bread,Bakery,10,42.73,UPI,4.9,427.3
INV10135,2026-04-18,B,Delhi,Normal,Male,Bananas,Fruits,1,60.68,Cash,4.7,60.68
INV10136,2026-02-14,B,Delhi,Normal,Female,Chocolate,Snacks,9,45.22,UPI,3.9,406.98
INV10137,2026-04-05,B,Delhi,Normal,Female,Cheese,Dairy,6,225.34,Card,4.3,1352.04
INV10138,2026-02-05,C,Mumbai,Member,Female,Cheese,Dairy,1,250.81,Cash,3.2,250.81
INV10139,2026-01-29,D,Bengaluru,Normal,Male,Potato,Vegetables,1,34.19,Cash,4.5,34.19
INV10140,2026-03-16,C,Mumbai,Member,Male,Eggs,Dairy,1,77.14,Card,4.1,77.14
INV10141,2026-04-14,A,Jaipur,Member,Male,Apples,Fruits,7,130.33,Cash,3.8,912.31
INV10142,2026-03-16,C,Mumbai,Normal,Male,Shampoo,Personal Care,9,151.74,Net Banking,4.2,1365.66
INV10143,2026-03-08,D,Bengaluru,Normal,Male,Cold Drink,Beverages,2,69.28,UPI,4.4,138.56
INV10144,2026-03-11,A,Jaipur,Member,Male,Chips,Snacks,8,31.13,Net Banking,3.8,249.04
INV10145,2026-04-27,A,Jaipur,Normal,Female,Chips,Snacks,2,30.32,Card,4.3,60.64
INV10146,2026-04-08,D,Bengaluru,Normal,Female,Tea,Beverages,5,125.0,Net Banking,5.0,625.0
INV10147,2026-01-15,C,Mumbai,Normal,Female,Chips,Snacks,4,29.25,Card,4.4,117.0
INV10148,2026-03-28,C,Mumbai,Member,Female,Rice,Grocery,6,75.05,Net Banking,3.6,450.3
INV10149,2026-01-08,D,Bengaluru,Member,Male,Cold Drink,Beverages,5,54.8,UPI,4.1,274.0
INV10150,2026-03-12,B,Delhi,Normal,Male,Eggs,Dairy,7,75.21,Card,3.6,526.47
INV10151,2026-01-21,C,Mumbai,Normal,Male,Cheese,Dairy,4,227.43,Card,4.9,909.72
INV10152,2026-02-14,D,Bengaluru,Member,Male,Cheese,Dairy,6,198.83,Card,3.9,1192.98
INV10153,2026-02-19,A,Jaipur,Member,Female,Chips,Snacks,1,40.19,Cash,4.1,40.19
INV10154,2026-04-03,B,Delhi,Member,Female,Biscuits,Snacks,4,31.07,UPI,3.0,124.28
INV10155,2026-03-26,D,Bengaluru,Member,Female,Potato,Vegetables,4,40.47,Cash,3.7,161.88
INV10156,2026-04-08,B,Delhi,Normal,Female,Cheese,Dairy,9,196.36,Cash,3.7,1767.24
INV10157,2026-03-12,D,Bengaluru,Member,Female,Tomato,Vegetables,2,47.15,UPI,4.7,94.3
INV10158,2026-06-28,C,Mumbai,Member,Male,Potato,Vegetables,6,37.91,Card,4.6,227.46
INV10159,2026-05-03,A,Jaipur,Normal,Male,Chips,Snacks,2,29.99,Cash,4.4,59.98
INV10160,2026-05-03,A,Jaipur,Normal,Female,Cold Drink,Beverages,5,69.07,Cash,4.7,345.35
INV10161,2026-02-17,A,Jaipur,Normal,Female,Bananas,Fruits,8,60.58,Card,4.4,484.64
INV10162,2026-02-01,C,Mumbai,Member,Male,Chips,Snacks,3,33.01,UPI,4.9,99.03
INV10163,2026-04-12,A,Jaipur,Member,Female,Apples,Fruits,5,155.27,UPI,3.3,776.35
INV10164,2026-05-28,A,Jaipur,Normal,Male,Soap,Personal Care,3,40.63,UPI,3.6,121.89
INV10165,2026-04-19,D,Bengaluru,Member,Male,Tea,Beverages,9,133.71,Cash,4.1,1203.39
INV10166,2026-05-07,B,Delhi,Member,Male,Shampoo,Personal Care,7,192.77,UPI,3.8,1349.39
INV10167,2026-04-20,C,Mumbai,Member,Female,Bananas,Fruits,7,68.34,UPI,3.6,478.38
INV10168,2026-03-11,B,Delhi,Normal,Female,Eggs,Dairy,2,89.55,Cash,4.5,179.1
INV10169,2026-02-10,B,Delhi,Normal,Male,Eggs,Dairy,7,76.7,UPI,4.3,536.9
INV10170,2026-03-06,C,Mumbai,Member,Male,Chocolate,Snacks,5,48.43,Net Banking,3.7,242.15
INV10171,2026-01-18,D,Bengaluru,Member,Male,Tea,Beverages,6,140.54,UPI,4.7,843.24
INV10172,2026-01-01,D,Bengaluru,Member,Male,Cooking Oil,Grocery,1,166.91,UPI,3.9,166.91
INV10173,2026-06-21,C,Mumbai,Member,Male,Apples,Fruits,7,128.38,Card,3.6,898.66
INV10174,2026-05-04,C,Mumbai,Member,Male,Biscuits,Snacks,3,32.12,Cash,3.5,96.36
INV10175,2026-03-09,D,Bengaluru,Normal,Male,Potato,Vegetables,5,37.62,Card,4.0,188.1
INV10176,2026-04-24,A,Jaipur,Normal,Female,Tomato,Vegetables,9,45.1,Net Banking,3.8,405.9
INV10177,2026-03-28,C,Mumbai,Member,Male,Apples,Fruits,5,152.84,UPI,3.6,764.2
INV10178,2026-01-08,C,Mumbai,Normal,Male,Chocolate,Snacks,6,48.25,Card,3.0,289.5
INV10179,2026-01-10,B,Delhi,Member,Female,Potato,Vegetables,8,34.37,Card,3.3,274.96
INV10180,2026-05-12,C,Mumbai,Member,Female,Potato,Vegetables,7,37.81,Net Banking,4.0,264.67
INV10181,2026-06-07,D,Bengaluru,Member,Male,Chips,Snacks,6,36.58,UPI,3.3,219.48
INV10182,2026-03-02,C,Mumbai,Normal,Female,Coffee,Beverages,10,210.52,Card,3.2,2105.2
INV10183,2026-01-09,C,Mumbai,Normal,Male,Noodles,Grocery,6,62.74,UPI,3.1,376.44
INV10184,2026-02-01,A,Jaipur,Normal,Male,Coffee,Beverages,5,170.48,Net Banking,3.1,852.4
INV10185,2026-02-14,C,Mumbai,Normal,Female,Bananas,Fruits,1,63.52,Net Banking,3.2,63.52
INV10186,2026-06-25,C,Mumbai,Normal,Male,Biscuits,Snacks,10,29.33,UPI,3.8,293.3
INV10187,2026-06-02,C,Mumbai,Normal,Female,Rice,Grocery,1,80.5,Net Banking,3.6,80.5
INV10188,2026-03-20,C,Mumbai,Member,Female,Bread,Bakery,4,34.74,Cash,4.5,138.96
INV10189,2026-01-28,B,Delhi,Member,Female,Rice,Grocery,4,58.28,Card,4.1,233.12
INV10190,2026-04-15,B,Delhi,Member,Female,Shampoo,Personal Care,10,155.86,Cash,3.7,1558.6
INV10191,2026-02-12,A,Jaipur,Member,Male,Rice,Grocery,1,74.83,Cash,4.4,74.83
INV10192,2026-05-20,A,Jaipur,Normal,Male,Biscuits,Snacks,10,25.87,Net Banking,4.3,258.7
INV10193,2026-06-28,D,Bengaluru,Normal,Male,Face Wash,Personal Care,9,134.28,Net Banking,4.7,1208.52
INV10194,2026-06-30,A,Jaipur,Member,Male,Face Wash,Personal Care,7,135.6,UPI,4.5,949.2
INV10195,2026-04-17,B,Delhi,Normal,Female,Cheese,Dairy,3,207.34,Cash,4.8,622.02
INV10196,2026-05-08,D,Bengaluru,Normal,Female,Tomato,Vegetables,6,40.31,Card,3.0,241.86
INV10197,2026-04-16,C,Mumbai,Normal,Female,Tea,Beverages,10,129.95,UPI,3.3,1299.5
INV10198,2026-02-16,C,Mumbai,Normal,Female,Tea,Beverages,2,117.62,UPI,3.0,235.24
INV10199,2026-01-25,B,Delhi,Normal,Male,Tomato,Vegetables,9,42.8,UPI,3.2,385.2
INV10200,2026-05-25,B,Delhi,Normal,Female,Face Wash,Personal Care,7,139.36,Net Banking,4.5,975.52
INV10201,2026-01-22,B,Delhi,Member,Female,Tomato,Vegetables,8,49.24,Net Banking,3.3,393.92
INV10202,2026-01-21,B,Delhi,Normal,Female,Eggs,Dairy,3,101.51,UPI,4.5,304.53
INV10203,2026-02-16,D,Bengaluru,Normal,Female,Cheese,Dairy,5,218.09,Net Banking,4.3,1090.45
INV10204,2026-04-02,D,Bengaluru,Member,Female,Tea,Beverages,2,139.82,Net Banking,4.5,279.64
INV10205,2026-02-14,B,Delhi,Member,Male,Face Wash,Personal Care,10,135.39,UPI,3.7,1353.9
INV10206,2026-05-09,D,Bengaluru,Member,Male,Tea,Beverages,5,139.34,Card,4.6,696.7
INV10207,2026-01-03,D,Bengaluru,Member,Male,Potato,Vegetables,9,31.95,Card,4.2,287.55
INV10208,2026-06-19,C,Mumbai,Member,Female,Bananas,Fruits,5,52.0,Net Banking,4.9,260.0
INV10209,2026-03-21,A,Jaipur,Member,Female,Shampoo,Personal Care,10,154.37,Card,4.5,1543.7
INV10210,2026-02-02,B,Delhi,Member,Female,Bananas,Fruits,1,64.93,Card,3.7,64.93
INV10211,2026-03-26,C,Mumbai,Member,Female,Cheese,Dairy,5,228.07,Net Banking,3.4,1140.35
INV10212,2026-01-22,C,Mumbai,Member,Male,Cold Drink,Beverages,3,57.73,Card,4.1,173.19
INV10213,2026-04-08,B,Delhi,Normal,Male,Coffee,Beverages,2,177.25,Net Banking,4.1,354.5
INV10214,2026-06-07,C,Mumbai,Normal,Female,Chocolate,Snacks,3,47.27,Cash,4.5,141.81
INV10215,2026-05-29,C,Mumbai,Member,Female,Apples,Fruits,6,151.5,UPI,3.5,909.0
INV10216,2026-02-27,A,Jaipur,Member,Male,Face Wash,Personal Care,4,129.49,Card,3.4,517.96
INV10217,2026-03-02,C,Mumbai,Member,Male,Tomato,Vegetables,10,45.54,UPI,3.0,455.4
INV10218,2026-01-08,A,Jaipur,Normal,Male,Face Wash,Personal Care,2,124.83,UPI,4.7,249.66
INV10219,2026-01-17,C,Mumbai,Member,Female,Chips,Snacks,4,30.42,Net Banking,4.4,121.68
INV10220,2026-06-13,D,Bengaluru,Normal,Female,Milk,Dairy,10,49.26,Card,3.8,492.6
INV10221,2026-05-29,A,Jaipur,Normal,Female,Shampoo,Personal Care,1,201.75,Card,4.0,201.75
INV10222,2026-05-20,D,Bengaluru,Normal,Male,Biscuits,Snacks,10,31.21,Cash,3.3,312.1
INV10223,2026-02-25,C,Mumbai,Normal,Female,Apples,Fruits,5,131.81,Card,4.8,659.05
INV10224,2026-02-19,D,Bengaluru,Member,Female,Soap,Personal Care,9,49.76,Card,3.6,447.84
INV10225,2026-01-05,B,Delhi,Member,Male,Bananas,Fruits,8,62.19,Net Banking,4.1,497.52
INV10226,2026-04-16,B,Delhi,Member,Male,Coffee,Beverages,9,175.94,UPI,4.8,1583.46
INV10227,2026-05-28,C,Mumbai,Member,Male,Chips,Snacks,10,30.36,Cash,4.6,303.6
INV10228,2026-02-28,D,Bengaluru,Member,Female,Cold Drink,Beverages,2,62.03,Card,3.4,124.06
INV10229,2026-01-22,A,Jaipur,Normal,Female,Cold Drink,Beverages,7,74.78,Card,4.5,523.46
INV10230,2026-03-29,D,Bengaluru,Normal,Male,Rice,Grocery,1,73.16,Cash,4.6,73.16
INV10231,2026-01-09,A,Jaipur,Member,Female,Eggs,Dairy,4,100.22,Net Banking,4.2,400.88
INV10232,2026-03-04,C,Mumbai,Normal,Female,Cheese,Dairy,4,221.77,Card,4.6,887.08
INV10233,2026-02-09,B,Delhi,Normal,Female,Cold Drink,Beverages,10,57.53,Card,4.0,575.3
INV10234,2026-01-31,B,Delhi,Member,Male,Tomato,Vegetables,1,50.61,Cash,4.5,50.61
INV10235,2026-01-19,B,Delhi,Normal,Male,Soap,Personal Care,6,46.81,UPI,4.2,280.86
INV10236,2026-05-11,B,Delhi,Normal,Male,Shampoo,Personal Care,9,161.92,Card,3.4,1457.28
INV10237,2026-03-23,B,Delhi,Member,Male,Coffee,Beverages,4,167.45,Card,3.9,669.8
INV10238,2026-05-12,C,Mumbai,Normal,Female,Tea,Beverages,6,126.49,UPI,4.6,758.94
INV10239,2026-02-20,B,Delhi,Member,Female,Noodles,Grocery,7,55.04,Card,3.6,385.28
INV10240,2026-03-22,C,Mumbai,Normal,Male,Bananas,Fruits,8,51.37,UPI,4.7,410.96
INV10241,2026-06-28,B,Delhi,Normal,Male,Eggs,Dairy,7,91.17,Net Banking,4.5,638.19
INV10242,2026-06-14,C,Mumbai,Member,Female,Rice,Grocery,10,69.9,UPI,4.6,699.0
INV10243,2026-04-09,D,Bengaluru,Normal,Female,Cold Drink,Beverages,4,76.02,UPI,4.4,304.08
INV10244,2026-04-28,C,Mumbai,Normal,Male,Cooking Oil,Grocery,9,170.48,Card,4.8,1534.32
INV10245,2026-05-07,B,Delhi,Member,Female,Soap,Personal Care,10,39.46,Card,3.6,394.6
INV10246,2026-05-21,D,Bengaluru,Normal,Male,Chips,Snacks,4,32.83,Cash,3.2,131.32
INV10247,2026-02-22,C,Mumbai,Normal,Female,Chips,Snacks,9,40.51,Card,3.3,364.59
INV10248,2026-05-22,A,Jaipur,Member,Male,Potato,Vegetables,4,37.9,Card,4.2,151.6
INV10249,2026-06-22,B,Delhi,Member,Female,Apples,Fruits,8,135.16,UPI,3.4,1081.28
INV10250,2026-02-05,C,Mumbai,Normal,Male,Cooking Oil,Grocery,3,174.76,Net Banking,3.0,524.28
INV10251,2026-03-16,A,Jaipur,Normal,Male,Chips,Snacks,10,30.07,Card,4.1,300.7
INV10252,2026-01-10,A,Jaipur,Member,Female,Potato,Vegetables,5,35.39,UPI,3.7,176.95
INV10253,2026-02-26,A,Jaipur,Normal,Male,Rice,Grocery,3,79.48,Cash,4.7,238.44
INV10254,2026-05-09,D,Bengaluru,Member,Female,Tea,Beverages,10,100.95,Cash,5.0,1009.5
INV10255,2026-02-21,A,Jaipur,Normal,Male,Bananas,Fruits,5,57.95,Net Banking,4.9,289.75
INV10256,2026-04-29,D,Bengaluru,Member,Male,Noodles,Grocery,9,50.29,Net Banking,4.8,452.61
INV10257,2026-05-25,C,Mumbai,Member,Male,Milk,Dairy,7,46.08,Net Banking,3.8,322.56
INV10258,2026-06-08,B,Delhi,Member,Male,Rice,Grocery,2,66.26,UPI,5.0,132.52
INV10259,2026-01-13,D,Bengaluru,Member,Male,Soap,Personal Care,4,52.95,Card,3.9,211.8
INV10260,2026-06-18,C,Mumbai,Normal,Male,Chips,Snacks,5,32.25,UPI,4.6,161.25
INV10261,2026-04-03,A,Jaipur,Normal,Female,Potato,Vegetables,10,39.39,Cash,3.7,393.9
INV10262,2026-05-17,D,Bengaluru,Member,Male,Chips,Snacks,5,33.39,Cash,3.5,166.95
INV10263,2026-01-06,A,Jaipur,Member,Female,Eggs,Dairy,6,88.5,Card,3.6,531.0
INV10264,2026-02-11,A,Jaipur,Member,Female,Shampoo,Personal Care,3,157.94,Net Banking,4.9,473.82
INV10265,2026-01-13,B,Delhi,Normal,Female,Biscuits,Snacks,4,34.02,Cash,4.6,136.08
INV10266,2026-01-09,A,Jaipur,Member,Female,Tea,Beverages,1,111.06,Net Banking,4.3,111.06
INV10267,2026-06-15,C,Mumbai,Normal,Female,Potato,Vegetables,1,39.05,UPI,4.0,39.05
INV10268,2026-04-04,B,Delhi,Normal,Female,Biscuits,Snacks,3,32.34,Net Banking,4.2,97.02
INV10269,2026-01-12,D,Bengaluru,Member,Male,Noodles,Grocery,2,46.96,UPI,3.7,93.92
INV10270,2026-01-10,C,Mumbai,Normal,Female,Rice,Grocery,10,64.4,Card,3.1,644.0
INV10271,2026-04-17,D,Bengaluru,Normal,Male,Cold Drink,Beverages,7,69.27,Net Banking,3.6,484.89
INV10272,2026-02-17,D,Bengaluru,Member,Male,Tea,Beverages,6,128.75,Card,4.6,772.5
INV10273,2026-06-13,C,Mumbai,Normal,Male,Potato,Vegetables,1,35.04,Net Banking,4.0,35.04
INV10274,2026-01-29,C,Mumbai,Member,Male,Shampoo,Personal Care,8,150.52,Cash,4.8,1204.16
INV10275,2026-06-30,C,Mumbai,Normal,Male,Cheese,Dairy,10,224.12,Card,3.4,2241.2
INV10276,2026-05-02,C,Mumbai,Member,Female,Cooking Oil,Grocery,10,153.03,Net Banking,4.4,1530.3
INV10277,2026-04-01,C,Mumbai,Normal,Male,Apples,Fruits,1,118.64,Card,4.0,118.64
INV10278,2026-06-26,C,Mumbai,Normal,Male,Milk,Dairy,5,49.04,Net Banking,3.2,245.2
INV10279,2026-01-07,D,Bengaluru,Normal,Female,Cold Drink,Beverages,9,58.5,UPI,4.4,526.5
INV10280,2026-04-02,C,Mumbai,Member,Female,Chips,Snacks,10,32.23,Card,4.9,322.3
INV10281,2026-05-31,B,Delhi,Normal,Male,Apples,Fruits,10,155.66,Cash,4.2,1556.6
INV10282,2026-04-12,B,Delhi,Normal,Female,Biscuits,Snacks,3,34.32,Card,4.8,102.96
INV10283,2026-01-08,D,Bengaluru,Normal,Female,Potato,Vegetables,9,36.58,UPI,4.7,329.22
INV10284,2026-06-27,A,Jaipur,Member,Male,Bread,Bakery,5,46.83,UPI,3.0,234.15
INV10285,2026-06-26,A,Jaipur,Member,Male,Coffee,Beverages,7,168.61,Cash,4.0,1180.27
INV10286,2026-06-28,D,Bengaluru,Member,Male,Potato,Vegetables,8,31.85,UPI,4.3,254.8
INV10287,2026-06-17,A,Jaipur,Normal,Male,Tea,Beverages,6,122.08,Cash,4.0,732.48
INV10288,2026-02-16,D,Bengaluru,Normal,Female,Shampoo,Personal Care,10,193.69,Net Banking,3.6,1936.9
INV10289,2026-03-20,A,Jaipur,Member,Female,Potato,Vegetables,5,36.35,UPI,4.8,181.75
INV10290,2026-05-02,A,Jaipur,Member,Male,Coffee,Beverages,4,180.02,Net Banking,3.2,720.08
INV10291,2026-04-20,C,Mumbai,Normal,Male,Bananas,Fruits,6,51.21,Net Banking,4.9,307.26
INV10292,2026-05-18,D,Bengaluru,Normal,Male,Cooking Oil,Grocery,9,146.5,UPI,4.0,1318.5
INV10293,2026-01-08,B,Delhi,Normal,Male,Bread,Bakery,8,45.27,Cash,4.2,362.16
INV10294,2026-01-09,C,Mumbai,Member,Male,Cheese,Dairy,3,197.55,Cash,3.5,592.65
INV10295,2026-06-11,C,Mumbai,Normal,Male,Bananas,Fruits,10,57.28,Cash,3.0,572.8
INV10296,2026-06-10,D,Bengaluru,Member,Female,Milk,Dairy,1,46.74,UPI,4.3,46.74
INV10297,2026-02-11,D,Bengaluru,Member,Male,Milk,Dairy,1,62.17,Net Banking,3.7,62.17
INV10298,2026-04-17,C,Mumbai,Member,Female,Potato,Vegetables,5,39.25,Card,3.1,196.25
INV10299,2026-02-25,D,Bengaluru,Member,Male,Tomato,Vegetables,3,51.26,Card,4.7,153.78
INV10300,2026-06-19,C,Mumbai,Normal,Female,Noodles,Grocery,9,47.67,UPI,3.5,429.03
INV10301,2026-04-18,A,Jaipur,Member,Male,Apples,Fruits,7,164.36,Card,4.6,1150.52
INV10302,2026-04-19,C,Mumbai,Normal,Female,Bananas,Fruits,8,57.64,Net Banking,3.2,461.12
INV10303,2026-03-11,B,Delhi,Member,Female,Noodles,Grocery,3,54.72,Card,3.6,164.16
INV10304,2026-04-30,A,Jaipur,Member,Male,Noodles,Grocery,6,53.52,Cash,3.3,321.12
INV10305,2026-05-04,A,Jaipur,Member,Male,Bread,Bakery,6,34.1,Net Banking,4.3,204.6
INV10306,2026-05-10,D,Bengaluru,Member,Male,Biscuits,Snacks,7,33.75,UPI,3.7,236.25
INV10307,2026-03-23,B,Delhi,Normal,Male,Coffee,Beverages,3,199.12,UPI,4.1,597.36
INV10308,2026-06-08,B,Delhi,Normal,Male,Rice,Grocery,8,64.39,Cash,4.6,515.12
INV10309,2026-02-14,C,Mumbai,Normal,Female,Shampoo,Personal Care,4,188.44,Card,4.5,753.76
INV10310,2026-01-09,C,Mumbai,Normal,Male,Bananas,Fruits,8,59.47,UPI,3.1,475.76
INV10311,2026-06-07,B,Delhi,Member,Female,Bread,Bakery,4,34.81,UPI,4.0,139.24
INV10312,2026-03-27,D,Bengaluru,Normal,Female,Bananas,Fruits,9,53.59,Net Banking,3.3,482.31
INV10313,2026-01-22,B,Delhi,Normal,Male,Chocolate,Snacks,3,56.92,Net Banking,4.5,170.76
INV10314,2026-01-12,B,Delhi,Member,Male,Soap,Personal Care,5,41.45,Net Banking,4.1,207.25
INV10315,2026-02-04,D,Bengaluru,Member,Male,Rice,Grocery,10,67.53,Net Banking,4.8,675.3
INV10316,2026-01-12,D,Bengaluru,Member,Male,Cooking Oil,Grocery,4,142.74,UPI,3.3,570.96
INV10317,2026-03-13,C,Mumbai,Normal,Female,Shampoo,Personal Care,2,167.31,Net Banking,3.1,334.62
INV10318,2026-02-21,B,Delhi,Normal,Female,Milk,Dairy,9,47.82,Cash,3.1,430.38
INV10319,2026-04-10,C,Mumbai,Member,Female,Bread,Bakery,10,34.21,Cash,3.2,342.1
INV10320,2026-05-28,C,Mumbai,Normal,Female,Tea,Beverages,2,103.3,Net Banking,3.3,206.6
INV10321,2026-04-30,C,Mumbai,Member,Male,Bananas,Fruits,5,59.93,Net Banking,4.3,299.65
INV10322,2026-06-09,C,Mumbai,Member,Female,Cold Drink,Beverages,5,67.1,Card,3.6,335.5
INV10323,2026-02-01,C,Mumbai,Normal,Male,Rice,Grocery,7,73.6,Net Banking,4.2,515.2
INV10324,2026-06-30,D,Bengaluru,Member,Female,Chips,Snacks,8,35.51,UPI,3.4,284.08
INV10325,2026-03-07,C,Mumbai,Normal,Female,Bananas,Fruits,2,62.97,Cash,5.0,125.94
INV10326,2026-06-23,C,Mumbai,Member,Female,Face Wash,Personal Care,2,106.84,Cash,3.1,213.68
INV10327,2026-05-14,C,Mumbai,Member,Female,Cheese,Dairy,2,253.38,UPI,3.4,506.76
INV10328,2026-04-20,C,Mumbai,Member,Male,Milk,Dairy,4,53.82,Net Banking,3.3,215.28
INV10329,2026-01-20,C,Mumbai,Member,Male,Apples,Fruits,7,160.39,Card,4.2,1122.73
INV10330,2026-03-02,D,Bengaluru,Normal,Female,Chips,Snacks,10,41.12,Cash,3.2,411.2
INV10331,2026-01-18,D,Bengaluru,Member,Male,Chips,Snacks,2,31.53,Card,3.2,63.06
INV10332,2026-03-18,A,Jaipur,Member,Female,Eggs,Dairy,8,83.72,Cash,4.2,669.76
INV10333,2026-06-04,C,Mumbai,Normal,Female,Tea,Beverages,1,133.32,Card,4.6,133.32
INV10334,2026-03-28,B,Delhi,Member,Female,Rice,Grocery,3,63.32,Cash,3.1,189.96
INV10335,2026-05-26,B,Delhi,Normal,Male,Noodles,Grocery,10,53.16,Card,3.3,531.6
INV10336,2026-04-30,A,Jaipur,Normal,Female,Face Wash,Personal Care,4,123.86,Net Banking,4.7,495.44
INV10337,2026-06-22,A,Jaipur,Normal,Male,Milk,Dairy,6,54.45,Net Banking,4.7,326.7
INV10338,2026-05-13,D,Bengaluru,Member,Female,Shampoo,Personal Care,5,187.62,UPI,4.8,938.1
INV10339,2026-04-09,C,Mumbai,Normal,Male,Milk,Dairy,10,62.09,UPI,4.3,620.9
INV10340,2026-05-07,B,Delhi,Member,Female,Cooking Oil,Grocery,3,139.52,Card,3.4,418.56
INV10341,2026-06-05,B,Delhi,Normal,Female,Tomato,Vegetables,2,45.37,Card,3.6,90.74
INV10342,2026-01-09,D,Bengaluru,Normal,Male,Tomato,Vegetables,10,39.48,Cash,4.4,394.8
INV10343,2026-06-28,D,Bengaluru,Normal,Female,Chocolate,Snacks,9,55.88,UPI,3.5,502.92
INV10344,2026-01-20,A,Jaipur,Member,Female,Rice,Grocery,9,81.82,UPI,4.6,736.38
INV10345,2026-01-29,B,Delhi,Normal,Female,Potato,Vegetables,4,40.92,Cash,4.9,163.68
INV10346,2026-02-01,C,Mumbai,Normal,Female,Face Wash,Personal Care,10,121.63,Card,3.1,1216.3
INV10347,2026-04-22,C,Mumbai,Member,Female,Cold Drink,Beverages,5,76.11,UPI,3.6,380.55
INV10348,2026-03-30,B,Delhi,Normal,Male,Cold Drink,Beverages,3,58.86,Card,4.1,176.58
INV10349,2026-02-10,A,Jaipur,Normal,Male,Shampoo,Personal Care,4,197.23,Net Banking,3.6,788.92
INV10350,2026-02-26,A,Jaipur,Normal,Male,Cheese,Dairy,7,240.46,Card,5.0,1683.22
INV10351,2026-05-14,D,Bengaluru,Member,Female,Biscuits,Snacks,7,28.45,Net Banking,4.9,199.15
INV10352,2026-06-28,A,Jaipur,Normal,Male,Bread,Bakery,7,36.27,Net Banking,3.0,253.89
INV10353,2026-03-02,C,Mumbai,Member,Female,Noodles,Grocery,2,48.89,Cash,4.3,97.78
INV10354,2026-06-01,C,Mumbai,Member,Female,Eggs,Dairy,3,79.22,Cash,3.5,237.66
INV10355,2026-06-01,B,Delhi,Member,Male,Potato,Vegetables,8,34.23,Net Banking,4.2,273.84
INV10356,2026-02-19,D,Bengaluru,Normal,Female,Cooking Oil,Grocery,9,156.36,Cash,3.3,1407.24
INV10357,2026-06-14,B,Delhi,Normal,Male,Chips,Snacks,9,30.6,UPI,4.7,275.4
INV10358,2026-03-04,D,Bengaluru,Member,Male,Milk,Dairy,4,49.49,UPI,4.1,197.96
INV10359,2026-06-20,C,Mumbai,Member,Female,Cold Drink,Beverages,3,68.21,Card,3.2,204.63
INV10360,2026-06-01,C,Mumbai,Member,Male,Bread,Bakery,10,35.56,Net Banking,4.8,355.6
INV10361,2026-06-11,D,Bengaluru,Normal,Male,Milk,Dairy,8,50.11,Card,3.8,400.88
INV10362,2026-01-14,B,Delhi,Normal,Female,Bananas,Fruits,6,56.66,Net Banking,4.4,339.96
INV10363,2026-02-06,C,Mumbai,Normal,Male,Noodles,Grocery,3,63.65,Net Banking,4.0,190.95
INV10364,2026-01-27,D,Bengaluru,Member,Male,Bread,Bakery,5,35.63,Card,5.0,178.15
INV10365,2026-05-21,A,Jaipur,Member,Female,Bread,Bakery,2,37.56,Card,3.9,75.12
INV10366,2026-03-05,A,Jaipur,Member,Male,Cooking Oil,Grocery,5,146.59,Card,3.9,732.95
INV10367,2026-05-27,D,Bengaluru,Normal,Female,Potato,Vegetables,9,39.77,Card,3.8,357.93
INV10368,2026-05-21,B,Delhi,Normal,Female,Face Wash,Personal Care,7,120.04,UPI,4.3,840.28
INV10369,2026-06-02,C,Mumbai,Normal,Male,Face Wash,Personal Care,4,120.79,Net Banking,3.5,483.16
INV10370,2026-03-22,B,Delhi,Member,Female,Apples,Fruits,2,144.21,Cash,5.0,288.42
INV10371,2026-02-21,C,Mumbai,Normal,Female,Biscuits,Snacks,3,25.29,Net Banking,3.7,75.87
INV10372,2026-04-21,B,Delhi,Normal,Male,Rice,Grocery,6,80.26,UPI,3.5,481.56
INV10373,2026-03-17,B,Delhi,Member,Female,Eggs,Dairy,8,100.67,Net Banking,3.2,805.36
INV10374,2026-02-14,D,Bengaluru,Normal,Female,Cooking Oil,Grocery,6,175.62,UPI,4.9,1053.72
INV10375,2026-02-06,B,Delhi,Normal,Male,Biscuits,Snacks,1,34.71,Net Banking,4.0,34.71
INV10376,2026-06-17,A,Jaipur,Normal,Male,Eggs,Dairy,6,99.02,UPI,3.6,594.12
INV10377,2026-05-08,D,Bengaluru,Normal,Female,Potato,Vegetables,6,37.72,Cash,3.9,226.32
INV10378,2026-02-07,B,Delhi,Member,Female,Rice,Grocery,5,71.51,Cash,4.9,357.55
INV10379,2026-05-25,A,Jaipur,Member,Male,Potato,Vegetables,8,39.15,Cash,3.4,313.2
INV10380,2026-03-01,C,Mumbai,Member,Female,Noodles,Grocery,4,58.24,Cash,3.4,232.96
INV10381,2026-03-24,B,Delhi,Member,Male,Apples,Fruits,7,130.18,UPI,3.8,911.26
INV10382,2026-05-01,D,Bengaluru,Normal,Female,Cheese,Dairy,7,252.11,Net Banking,4.9,1764.77
INV10383,2026-05-31,C,Mumbai,Member,Female,Tea,Beverages,8,106.05,Cash,4.1,848.4
INV10384,2026-02-04,A,Jaipur,Member,Female,Bread,Bakery,5,36.15,Cash,4.1,180.75
INV10385,2026-06-21,C,Mumbai,Member,Female,Tea,Beverages,1,115.31,Net Banking,3.0,115.31
INV10386,2026-04-30,A,Jaipur,Member,Female,Eggs,Dairy,5,95.42,Net Banking,3.3,477.1
INV10387,2026-04-16,D,Bengaluru,Normal,Female,Cold Drink,Beverages,1,75.89,Card,4.8,75.89
INV10388,2026-01-07,B,Delhi,Member,Male,Bread,Bakery,3,38.23,Net Banking,3.3,114.69
INV10389,2026-06-09,D,Bengaluru,Normal,Female,Tea,Beverages,9,113.09,Net Banking,4.7,1017.81
INV10390,2026-02-13,A,Jaipur,Normal,Female,Tomato,Vegetables,8,52.35,Net Banking,4.3,418.8
INV10391,2026-01-15,C,Mumbai,Normal,Female,Shampoo,Personal Care,4,184.03,Card,3.0,736.12
INV10392,2026-05-19,A,Jaipur,Member,Male,Potato,Vegetables,2,35.18,Net Banking,4.7,70.36
INV10393,2026-06-15,D,Bengaluru,Normal,Female,Bread,Bakery,8,42.84,UPI,3.1,342.72
INV10394,2026-01-04,C,Mumbai,Member,Male,Noodles,Grocery,10,48.71,Cash,4.2,487.1
INV10395,2026-06-24,C,Mumbai,Member,Female,Cheese,Dairy,1,248.35,UPI,3.2,248.35
INV10396,2026-06-10,A,Jaipur,Normal,Male,Potato,Vegetables,4,34.71,Card,3.8,138.84
INV10397,2026-06-18,C,Mumbai,Normal,Female,Potato,Vegetables,5,38.88,Card,3.2,194.4
INV10398,2026-06-09,B,Delhi,Normal,Female,Apples,Fruits,3,138.78,Card,4.4,416.34
INV10399,2026-02-06,A,Jaipur,Normal,Female,Apples,Fruits,7,161.96,Card,4.5,1133.72
INV10400,2026-05-27,A,Jaipur,Normal,Female,Bread,Bakery,7,44.43,Card,4.1,311.01
INV10401,2026-04-09,C,Mumbai,Normal,Female,Chocolate,Snacks,7,58.31,Cash,4.9,408.17
INV10402,2026-06-13,C,Mumbai,Member,Female,Tea,Beverages,6,105.54,Net Banking,4.9,633.24
INV10403,2026-03-26,B,Delhi,Member,Male,Potato,Vegetables,6,33.14,UPI,3.7,198.84
INV10404,2026-01-30,C,Mumbai,Normal,Female,Noodles,Grocery,8,48.03,UPI,4.0,384.24
INV10405,2026-05-16,D,Bengaluru,Member,Female,Cheese,Dairy,5,248.09,Net Banking,4.1,1240.45
INV10406,2026-03-08,D,Bengaluru,Member,Male,Chips,Snacks,4,37.3,Card,3.6,149.2
INV10407,2026-05-04,D,Bengaluru,Member,Male,Cooking Oil,Grocery,6,151.52,Net Banking,3.8,909.12
INV10408,2026-06-29,D,Bengaluru,Member,Female,Bananas,Fruits,3,57.7,Card,4.3,173.1
INV10409,2026-02-28,A,Jaipur,Member,Male,Tea,Beverages,4,128.0,Cash,4.1,512.0
INV10410,2026-03-23,B,Delhi,Normal,Male,Soap,Personal Care,10,38.88,UPI,4.4,388.8
INV10411,2026-02-11,A,Jaipur,Normal,Male,Cooking Oil,Grocery,10,128.55,UPI,4.5,1285.5
INV10412,2026-01-10,C,Mumbai,Member,Male,Bread,Bakery,3,37.01,Cash,4.5,111.03
INV10413,2026-01-13,B,Delhi,Member,Male,Cheese,Dairy,7,202.4,Cash,3.6,1416.8
INV10414,2026-02-20,A,Jaipur,Normal,Male,Rice,Grocery,1,63.37,Card,3.1,63.37
INV10415,2026-03-31,B,Delhi,Normal,Male,Biscuits,Snacks,3,34.26,Net Banking,3.5,102.78
INV10416,2026-06-03,C,Mumbai,Member,Female,Cold Drink,Beverages,7,66.05,Card,3.2,462.35
INV10417,2026-03-16,A,Jaipur,Normal,Female,Shampoo,Personal Care,4,212.64,Card,3.1,850.56
INV10418,2026-04-21,C,Mumbai,Normal,Female,Soap,Personal Care,3,45.83,UPI,3.1,137.49
INV10419,2026-06-23,B,Delhi,Member,Male,Eggs,Dairy,3,91.11,Card,3.5,273.33
INV10420,2026-04-06,C,Mumbai,Member,Female,Tomato,Vegetables,4,45.15,Net Banking,3.3,180.6
INV10421,2026-05-16,D,Bengaluru,Normal,Female,Cold Drink,Beverages,4,60.35,Card,3.7,241.4
INV10422,2026-02-20,C,Mumbai,Member,Female,Chips,Snacks,7,31.05,UPI,3.0,217.35
INV10423,2026-06-25,B,Delhi,Member,Female,Milk,Dairy,10,57.88,Net Banking,3.9,578.8
INV10424,2026-03-16,C,Mumbai,Member,Male,Biscuits,Snacks,3,33.58,Net Banking,4.5,100.74
INV10425,2026-04-13,B,Delhi,Member,Male,Coffee,Beverages,1,156.95,UPI,4.0,156.95
INV10426,2026-02-21,D,Bengaluru,Normal,Male,Tea,Beverages,8,111.21,UPI,3.5,889.68
INV10427,2026-01-31,D,Bengaluru,Member,Male,Tomato,Vegetables,5,42.44,Card,3.9,212.2
INV10428,2026-06-21,B,Delhi,Normal,Male,Bananas,Fruits,1,67.71,UPI,3.5,67.71
INV10429,2026-01-12,A,Jaipur,Member,Male,Face Wash,Personal Care,4,119.25,Cash,4.1,477.0
INV10430,2026-01-05,C,Mumbai,Member,Female,Shampoo,Personal Care,1,198.79,UPI,3.0,198.79
INV10431,2026-01-17,C,Mumbai,Member,Female,Noodles,Grocery,5,53.88,Cash,4.5,269.4
INV10432,2026-05-24,C,Mumbai,Member,Male,Chips,Snacks,3,31.45,UPI,4.1,94.35
INV10433,2026-01-07,A,Jaipur,Member,Female,Bread,Bakery,6,41.86,Cash,3.4,251.16
INV10434,2026-06-30,D,Bengaluru,Member,Female,Cheese,Dairy,4,249.64,Cash,3.9,998.56
INV10435,2026-06-02,D,Bengaluru,Member,Male,Cooking Oil,Grocery,7,141.21,UPI,3.7,988.47
INV10436,2026-03-03,B,Delhi,Member,Female,Chips,Snacks,9,41.24,Net Banking,4.1,371.16
INV10437,2026-05-21,A,Jaipur,Normal,Male,Coffee,Beverages,7,154.36,Net Banking,4.0,1080.52
INV10438,2026-02-04,A,Jaipur,Normal,Female,Chips,Snacks,5,40.94,Cash,3.2,204.7
INV10439,2026-05-15,C,Mumbai,Normal,Male,Milk,Dairy,2,50.11,Net Banking,4.5,100.22
INV10440,2026-01-06,A,Jaipur,Normal,Male,Bread,Bakery,6,38.62,UPI,3.9,231.72
INV10441,2026-01-02,D,Bengaluru,Normal,Male,Bananas,Fruits,9,67.13,Cash,3.8,604.17
INV10442,2026-05-28,C,Mumbai,Member,Female,Soap,Personal Care,4,39.06,Card,3.4,156.24
INV10443,2026-06-29,D,Bengaluru,Member,Female,Bread,Bakery,10,36.58,Cash,4.6,365.8
INV10444,2026-04-17,B,Delhi,Member,Female,Soap,Personal Care,6,45.51,Card,4.5,273.06
INV10445,2026-04-18,B,Delhi,Member,Female,Bread,Bakery,7,40.31,Card,3.7,282.17
INV10446,2026-02-14,B,Delhi,Normal,Male,Tomato,Vegetables,7,46.98,Cash,4.5,328.86
INV10447,2026-06-30,B,Delhi,Normal,Male,Cold Drink,Beverages,10,68.23,Card,4.0,682.3
INV10448,2026-03-08,C,Mumbai,Normal,Female,Shampoo,Personal Care,9,168.5,Net Banking,3.8,1516.5
INV10449,2026-02-16,D,Bengaluru,Normal,Female,Soap,Personal Care,3,37.37,Card,3.7,112.11
INV10450,2026-01-24,D,Bengaluru,Member,Female,Noodles,Grocery,1,65.04,Net Banking,3.9,65.04
INV10451,2026-06-17,A,Jaipur,Member,Male,Milk,Dairy,2,48.79,Cash,4.7,97.58
INV10452,2026-05-13,D,Bengaluru,Member,Female,Bread,Bakery,8,42.02,Card,3.8,336.16
INV10453,2026-06-09,B,Delhi,Normal,Male,Apples,Fruits,10,150.45,Card,3.5,1504.5
INV10454,2026-06-24,B,Delhi,Normal,Female,Tea,Beverages,3,121.77,Net Banking,4.0,365.31
INV10455,2026-05-30,D,Bengaluru,Member,Female,Cold Drink,Beverages,1,58.63,Net Banking,4.4,58.63
INV10456,2026-01-13,D,Bengaluru,Member,Female,Milk,Dairy,10,49.61,Cash,4.6,496.1
INV10457,2026-05-20,D,Bengaluru,Member,Female,Tea,Beverages,7,114.06,Cash,4.3,798.42
INV10458,2026-05-24,C,Mumbai,Normal,Male,Noodles,Grocery,7,59.83,Card,5.0,418.81
INV10459,2026-01-19,B,Delhi,Normal,Male,Bread,Bakery,8,43.21,UPI,3.6,345.68
INV10460,2026-01-16,C,Mumbai,Member,Male,Face Wash,Personal Care,9,117.91,Card,3.6,1061.19
INV10461,2026-06-13,D,Bengaluru,Normal,Male,Coffee,Beverages,7,153.41,Card,3.9,1073.87
INV10462,2026-06-28,A,Jaipur,Member,Male,Shampoo,Personal Care,5,175.92,Cash,4.3,879.6
INV10463,2026-05-06,D,Bengaluru,Member,Female,Shampoo,Personal Care,7,150.56,Cash,4.2,1053.92
INV10464,2026-06-23,D,Bengaluru,Member,Female,Cooking Oil,Grocery,6,157.1,Card,3.8,942.6
INV10465,2026-02-19,C,Mumbai,Normal,Female,Biscuits,Snacks,10,29.82,Net Banking,3.3,298.2
INV10466,2026-01-04,D,Bengaluru,Normal,Male,Apples,Fruits,9,141.28,Cash,4.4,1271.52
INV10467,2026-06-16,C,Mumbai,Normal,Male,Cold Drink,Beverages,8,60.0,Card,4.3,480.0
INV10468,2026-01-20,C,Mumbai,Normal,Female,Chocolate,Snacks,3,49.65,UPI,4.9,148.95
INV10469,2026-03-11,C,Mumbai,Normal,Male,Coffee,Beverages,9,194.79,Card,4.7,1753.11
INV10470,2026-07-01,C,Mumbai,Member,Female,Tea,Beverages,1,115.52,UPI,3.8,115.52
INV10471,2026-03-08,C,Mumbai,Member,Female,Noodles,Grocery,7,64.45,UPI,3.6,451.15
INV10472,2026-01-23,B,Delhi,Normal,Female,Potato,Vegetables,8,40.2,UPI,3.5,321.6
INV10473,2026-01-18,C,Mumbai,Normal,Male,Cheese,Dairy,3,229.34,Card,3.4,688.02
INV10474,2026-06-02,A,Jaipur,Member,Male,Shampoo,Personal Care,5,180.69,Cash,3.3,903.45
INV10475,2026-02-08,A,Jaipur,Normal,Male,Eggs,Dairy,8,89.79,Net Banking,3.9,718.32
INV10476,2026-06-26,B,Delhi,Normal,Male,Tomato,Vegetables,2,48.18,Net Banking,4.8,96.36
INV10477,2026-03-06,A,Jaipur,Normal,Female,Bread,Bakery,9,39.75,Card,4.9,357.75
INV10478,2026-04-01,D,Bengaluru,Normal,Female,Tea,Beverages,8,125.83,Card,3.1,1006.64
INV10479,2026-06-15,B,Delhi,Member,Female,Biscuits,Snacks,4,25.83,UPI,4.6,103.32
INV10480,2026-03-04,D,Bengaluru,Normal,Male,Bread,Bakery,5,45.08,Cash,3.8,225.4
INV10481,2026-03-06,B,Delhi,Member,Male,Cold Drink,Beverages,8,67.74,Card,3.1,541.92
INV10482,2026-04-14,C,Mumbai,Normal,Male,Cold Drink,Beverages,10,62.41,Net Banking,3.6,624.1
INV10483,2026-03-08,C,Mumbai,Normal,Female,Rice,Grocery,6,61.21,Card,3.0,367.26
INV10484,2026-05-20,C,Mumbai,Member,Male,Chips,Snacks,9,34.88,Cash,3.7,313.92
INV10485,2026-05-10,A,Jaipur,Member,Male,Face Wash,Personal Care,8,108.01,Cash,3.4,864.08
INV10486,2026-05-14,C,Mumbai,Normal,Male,Cooking Oil,Grocery,8,176.34,Card,4.2,1410.72
INV10487,2026-06-26,A,Jaipur,Member,Female,Chips,Snacks,7,35.43,Card,3.8,248.01
INV10488,2026-06-01,B,Delhi,Member,Female,Bread,Bakery,6,35.56,Cash,3.3,213.36
INV10489,2026-04-19,C,Mumbai,Member,Female,Cooking Oil,Grocery,7,156.32,Cash,3.9,1094.24
INV10490,2026-05-27,D,Bengaluru,Normal,Female,Tomato,Vegetables,9,51.55,UPI,3.5,463.95
INV10491,2026-03-18,B,Delhi,Normal,Male,Coffee,Beverages,9,155.43,Card,3.4,1398.87
INV10492,2026-03-01,A,Jaipur,Normal,Female,Noodles,Grocery,5,64.04,Card,5.0,320.2
INV10493,2026-03-16,A,Jaipur,Normal,Male,Shampoo,Personal Care,7,158.48,Card,4.8,1109.36
INV10494,2026-04-08,B,Delhi,Member,Female,Noodles,Grocery,10,49.72,Net Banking,4.5,497.2
INV10495,2026-01-14,B,Delhi,Normal,Female,Soap,Personal Care,9,39.16,UPI,4.6,352.44
INV10496,2026-06-18,C,Mumbai,Normal,Female,Noodles,Grocery,2,60.29,Cash,3.6,120.58
INV10497,2026-01-08,C,Mumbai,Normal,Male,Eggs,Dairy,3,93.37,UPI,4.3,280.11
INV10498,2026-05-03,A,Jaipur,Member,Female,Apples,Fruits,8,137.1,Net Banking,3.3,1096.8
INV10499,2026-05-26,B,Delhi,Member,Female,Rice,Grocery,8,69.83,UPI,3.2,558.64
INV10500,2026-03-18,B,Delhi,Normal,Male,Shampoo,Personal Care,10,155.55,Net Banking,3.9,1555.5
